source_directory	destination_directory
education_system	@docs
education_system	@var/data
education_system	education_system
education_system/data/db_files	@var/data
education_system/launcher	education_system/launcher
education_system/logs	@var/logs
education_system/migrations	education_system/migrations
education_system/migrations/versions	education_system/migrations/versions
education_system/nursery_system	education_system/systems/nursery
education_system/nursery_system/core	education_system/systems/nursery/infrastructure
education_system/nursery_system/data	@var/data/nursery
education_system/nursery_system/data/templates/email	education_system/systems/nursery/assets/templates/email
education_system/nursery_system/modules	education_system/systems/nursery/__init__.py
education_system/nursery_system/modules/domain	education_system/systems/nursery/domain
education_system/nursery_system/modules/domain	education_system/systems/nursery/domain/operations/reporting
education_system/nursery_system/modules/domain/accident_log	education_system/systems/nursery/domain/pastoral/health/accident_log
education_system/nursery_system/modules/domain/accident_report	education_system/systems/nursery/domain/pastoral/health/accident_report
education_system/nursery_system/modules/domain/activity_feed	education_system/systems/nursery/domain/operations/communications/activity_feed
education_system/nursery_system/modules/domain/admissions	education_system/systems/nursery/domain/admissions
education_system/nursery_system/modules/domain/allergies	education_system/systems/nursery/domain/pastoral/health/allergies
education_system/nursery_system/modules/domain/appraisals	education_system/systems/nursery/domain/staff/appraisals
education_system/nursery_system/modules/domain/attendance_report	education_system/systems/nursery/domain/operations/reporting/attendance_report
education_system/nursery_system/modules/domain/audit_reports	education_system/systems/nursery/domain/governance/audit/audit_reports
education_system/nursery_system/modules/domain/bottle_feeds	education_system/systems/nursery/domain/operations/daily_care/bottle_feeds
education_system/nursery_system/modules/domain/childcare_vouchers	education_system/systems/nursery/domain/finance/childcare_vouchers
education_system/nursery_system/modules/domain/children	education_system/systems/nursery/domain/learners/children
education_system/nursery_system/modules/domain/cohort_tracking	education_system/systems/nursery/domain/assessment/cohort_tracking
education_system/nursery_system/modules/domain/collections	education_system/systems/nursery/domain/operations/daily_care/collections
education_system/nursery_system/modules/domain/complaints	education_system/systems/nursery/domain/pastoral/complaints
education_system/nursery_system/modules/domain/concerns	education_system/systems/nursery/domain/safeguarding/concerns
education_system/nursery_system/modules/domain/consents	education_system/systems/nursery/domain/governance/consents
education_system/nursery_system/modules/domain/curriculum_planning	education_system/systems/nursery/domain/academics/curriculum_planning
education_system/nursery_system/modules/domain/daily_diary	education_system/systems/nursery/domain/operations/daily_care/daily_diary
education_system/nursery_system/modules/domain/daily_register	education_system/systems/nursery/domain/academics/attendance/daily_register
education_system/nursery_system/modules/domain/daily_updates	education_system/systems/nursery/domain/operations/communications/daily_updates
education_system/nursery_system/modules/domain/data_export	education_system/systems/nursery/domain/operations/reporting/data_export
education_system/nursery_system/modules/domain/dbs_checks	education_system/systems/nursery/domain/staff/dbs_checks
education_system/nursery_system/modules/domain/development_tracking	education_system/systems/nursery/domain/assessment/development_tracking
education_system/nursery_system/modules/domain/discounts	education_system/systems/nursery/domain/finance/discounts
education_system/nursery_system/modules/domain/dsl	education_system/systems/nursery/domain/safeguarding/dsl
education_system/nursery_system/modules/domain/effective_learning	education_system/systems/nursery/domain/academics/effective_learning
education_system/nursery_system/modules/domain/ehc_plans	education_system/systems/nursery/domain/pastoral/send/ehc_plans
education_system/nursery_system/modules/domain/email_centre	education_system/systems/nursery/domain/operations/communications/email_centre
education_system/nursery_system/modules/domain/emergency_contacts	education_system/systems/nursery/domain/learners/emergency_contacts
education_system/nursery_system/modules/domain/enrolment	education_system/systems/nursery/domain/admissions/enrolment
education_system/nursery_system/modules/domain/evidence	education_system/systems/nursery/domain/assessment/evidence
education_system/nursery_system/modules/domain/existing_injuries	education_system/systems/nursery/domain/pastoral/health/existing_injuries
education_system/nursery_system/modules/domain/expense_claims	education_system/systems/nursery/domain/finance/expense_claims
education_system/nursery_system/modules/domain/eyfs_compliance	education_system/systems/nursery/domain/governance/compliance/eyfs_compliance
education_system/nursery_system/modules/domain/eyfs_profile	education_system/systems/nursery/domain/assessment/eyfs_profile
education_system/nursery_system/modules/domain/feedback	education_system/systems/nursery/domain/pastoral/feedback
education_system/nursery_system/modules/domain/first_aid	education_system/systems/nursery/domain/pastoral/health/first_aid
education_system/nursery_system/modules/domain/funded_hours	education_system/systems/nursery/domain/finance/funded_hours
education_system/nursery_system/modules/domain/funding_claims	education_system/systems/nursery/domain/finance/funding_claims
education_system/nursery_system/modules/domain/funding_report	education_system/systems/nursery/domain/operations/reporting/funding_report
education_system/nursery_system/modules/domain/gdpr	education_system/systems/nursery/domain/governance/gdpr
education_system/nursery_system/modules/domain/inventory	education_system/systems/nursery/domain/operations/inventory
education_system/nursery_system/modules/domain/invoices	education_system/systems/nursery/domain/finance/invoices
education_system/nursery_system/modules/domain/key_persons	education_system/systems/nursery/domain/staff/key_persons
education_system/nursery_system/modules/domain/kitchen	education_system/systems/nursery/domain/operations/daily_care/kitchen
education_system/nursery_system/modules/domain/learning_journeys	education_system/systems/nursery/domain/academics/learning_journeys
education_system/nursery_system/modules/domain/leavers	education_system/systems/nursery/domain/learners/leavers
education_system/nursery_system/modules/domain/looked_after	education_system/systems/nursery/domain/safeguarding/looked_after
education_system/nursery_system/modules/domain/meals	education_system/systems/nursery/domain/operations/daily_care/meals
education_system/nursery_system/modules/domain/medication_log	education_system/systems/nursery/domain/pastoral/health/medication_log
education_system/nursery_system/modules/domain/messaging	education_system/systems/nursery/domain/operations/communications/messaging
education_system/nursery_system/modules/domain/mfa	education_system/systems/nursery/domain/governance/mfa
education_system/nursery_system/modules/domain/newsletters	education_system/systems/nursery/domain/operations/communications/newsletters
education_system/nursery_system/modules/domain/next_steps	education_system/systems/nursery/domain/academics/next_steps
education_system/nursery_system/modules/domain/observations	education_system/systems/nursery/domain/assessment/observations
education_system/nursery_system/modules/domain/occupancy	education_system/systems/nursery/domain/operations/occupancy
education_system/nursery_system/modules/domain/occupancy_report	education_system/systems/nursery/domain/operations/reporting/occupancy_report
education_system/nursery_system/modules/domain/ofsted	education_system/systems/nursery/domain/governance/compliance/ofsted
education_system/nursery_system/modules/domain/parent_contacts	education_system/systems/nursery/domain/operations/communications/parent_contacts
education_system/nursery_system/modules/domain/parent_meetings	education_system/systems/nursery/domain/operations/communications/parent_meetings
education_system/nursery_system/modules/domain/parent_requests	education_system/systems/nursery/domain/operations/communications/parent_requests
education_system/nursery_system/modules/domain/payments	education_system/systems/nursery/domain/finance/payments
education_system/nursery_system/modules/domain/payroll	education_system/systems/nursery/domain/staff/payroll
education_system/nursery_system/modules/domain/policies	education_system/systems/nursery/domain/governance/policies
education_system/nursery_system/modules/domain/prevent_duty	education_system/systems/nursery/domain/safeguarding/prevent_duty
education_system/nursery_system/modules/domain/progress_check_2yr	education_system/systems/nursery/domain/assessment/progress_check_2yr
education_system/nursery_system/modules/domain/purchasing	education_system/systems/nursery/domain/finance/purchasing
education_system/nursery_system/modules/domain/qualifications	education_system/systems/nursery/domain/staff/qualifications
education_system/nursery_system/modules/domain/ratio_alerts	education_system/systems/nursery/domain/operations/ratio_alerts
education_system/nursery_system/modules/domain/ratios	education_system/systems/nursery/domain/operations/ratios
education_system/nursery_system/modules/domain/recruitment	education_system/systems/nursery/domain/staff/recruitment
education_system/nursery_system/modules/domain/registration_forms	education_system/systems/nursery/domain/admissions/registration_forms
education_system/nursery_system/modules/domain/risk_assessments	education_system/systems/nursery/domain/governance/risk_assessments
education_system/nursery_system/modules/domain/rooms	education_system/systems/nursery/domain/operations/rooms
education_system/nursery_system/modules/domain/rota	education_system/systems/nursery/domain/staff/rota
education_system/nursery_system/modules/domain/safeguarding	education_system/systems/nursery/domain/safeguarding
education_system/nursery_system/modules/domain/send	education_system/systems/nursery/domain/pastoral/send
education_system/nursery_system/modules/domain/sessions	education_system/systems/nursery/domain/operations/sessions
education_system/nursery_system/modules/domain/settling_in	education_system/systems/nursery/domain/admissions/settling_in
education_system/nursery_system/modules/domain/sign_in_out	education_system/systems/nursery/domain/academics/attendance/sign_in_out
education_system/nursery_system/modules/domain/sleep_log	education_system/systems/nursery/domain/operations/daily_care/sleep_log
education_system/nursery_system/modules/domain/staff	education_system/systems/nursery/domain/staff
education_system/nursery_system/modules/domain/staff_absence	education_system/systems/nursery/domain/staff/staff_absence
education_system/nursery_system/modules/domain/toileting_log	education_system/systems/nursery/domain/operations/daily_care/toileting_log
education_system/nursery_system/modules/domain/transitions	education_system/systems/nursery/domain/progression/transitions
education_system/nursery_system/modules/domain/user_management	education_system/systems/nursery/domain/governance/user_management
education_system/nursery_system/modules/domain/visitors	education_system/systems/nursery/domain/operations/visitors
education_system/nursery_system/modules/domain/welfare	education_system/systems/nursery/domain/pastoral/welfare
education_system/nursery_system/modules/domain/wellbeing	education_system/systems/nursery/domain/pastoral/wellbeing
education_system/nursery_system/modules/shared	education_system/systems/nursery/interfaces
education_system/nursery_system/modules/shared/cli	education_system/systems/nursery/interfaces/cli
education_system/nursery_system/modules/shared/gui	education_system/systems/nursery/interfaces/gui
education_system/nursery_system/tests	@tests/systems/nursery
education_system/post_16	@drop
education_system/post_16/sixthform_system	education_system/systems/sixth_form
education_system/post_16/sixthform_system/api	education_system/systems/sixth_form/interfaces/api
education_system/post_16/sixthform_system/core	education_system/systems/sixth_form/infrastructure
education_system/post_16/sixthform_system/data	@var/data/sixth_form
education_system/post_16/sixthform_system/data/templates/email	education_system/systems/sixth_form/assets/templates/email
education_system/post_16/sixthform_system/infrastructure	education_system/systems/sixth_form/infrastructure
education_system/post_16/sixthform_system/modules	education_system/systems/sixth_form/__init__.py
education_system/post_16/sixthform_system/modules/domain	education_system/systems/sixth_form/domain
education_system/post_16/sixthform_system/modules/domain/academics	education_system/systems/sixth_form/domain/academics
education_system/post_16/sixthform_system/modules/domain/academics/academic_year	education_system/systems/sixth_form/domain/academics/academic_year
education_system/post_16/sixthform_system/modules/domain/academics/assignments	education_system/systems/sixth_form/domain/academics/assignments
education_system/post_16/sixthform_system/modules/domain/academics/attendance	education_system/systems/sixth_form/domain/academics/attendance
education_system/post_16/sixthform_system/modules/domain/academics/calendar	education_system/systems/sixth_form/domain/academics/calendar
education_system/post_16/sixthform_system/modules/domain/academics/class_groups	education_system/systems/sixth_form/domain/academics/class_groups
education_system/post_16/sixthform_system/modules/domain/academics/courses	education_system/systems/sixth_form/domain/academics/courses
education_system/post_16/sixthform_system/modules/domain/academics/cover	education_system/systems/sixth_form/domain/academics/cover
education_system/post_16/sixthform_system/modules/domain/academics/cover_agency	education_system/systems/sixth_form/domain/academics/cover_agency
education_system/post_16/sixthform_system/modules/domain/academics/enrichment	education_system/systems/sixth_form/domain/academics/enrichment
education_system/post_16/sixthform_system/modules/domain/academics/epq	education_system/systems/sixth_form/domain/academics/epq
education_system/post_16/sixthform_system/modules/domain/academics/homework	education_system/systems/sixth_form/domain/academics/homework
education_system/post_16/sixthform_system/modules/domain/academics/lesson_plans	education_system/systems/sixth_form/domain/academics/lesson_plans
education_system/post_16/sixthform_system/modules/domain/academics/library	education_system/systems/sixth_form/domain/academics/library
education_system/post_16/sixthform_system/modules/domain/academics/room_booking	education_system/systems/sixth_form/domain/academics/room_booking
education_system/post_16/sixthform_system/modules/domain/academics/study_planner	education_system/systems/sixth_form/domain/academics/study_planner
education_system/post_16/sixthform_system/modules/domain/academics/subjects	education_system/systems/sixth_form/domain/academics/subjects
education_system/post_16/sixthform_system/modules/domain/academics/timetable	education_system/systems/sixth_form/domain/academics/timetable
education_system/post_16/sixthform_system/modules/domain/academics/timetable_optimiser	education_system/systems/sixth_form/domain/academics/timetable_optimiser
education_system/post_16/sixthform_system/modules/domain/academics/work_experience	education_system/systems/sixth_form/domain/progression/work_experience
education_system/post_16/sixthform_system/modules/domain/assessment	education_system/systems/sixth_form/domain/assessment
education_system/post_16/sixthform_system/modules/domain/assessment/baseline_assessment	education_system/systems/sixth_form/domain/assessment/baseline_assessment
education_system/post_16/sixthform_system/modules/domain/assessment/early_warning	education_system/systems/sixth_form/domain/assessment/early_warning
education_system/post_16/sixthform_system/modules/domain/assessment/exam_entries	education_system/systems/sixth_form/domain/assessment/exam_entries
education_system/post_16/sixthform_system/modules/domain/assessment/exam_results	education_system/systems/sixth_form/domain/assessment/exam_results
education_system/post_16/sixthform_system/modules/domain/assessment/gradebook	education_system/systems/sixth_form/domain/assessment/gradebook
education_system/post_16/sixthform_system/modules/domain/assessment/ilp	education_system/systems/sixth_form/domain/assessment/ilp
education_system/post_16/sixthform_system/modules/domain/assessment/intervention_tracking	education_system/systems/sixth_form/domain/assessment/intervention_tracking
education_system/post_16/sixthform_system/modules/domain/assessment/mock_exams	education_system/systems/sixth_form/domain/assessment/mock_exams
education_system/post_16/sixthform_system/modules/domain/assessment/observations	education_system/systems/sixth_form/domain/assessment/observations
education_system/post_16/sixthform_system/modules/domain/assessment/predicted_grades	education_system/systems/sixth_form/domain/assessment/predicted_grades
education_system/post_16/sixthform_system/modules/domain/assessment/quality_assurance	education_system/systems/sixth_form/domain/assessment/quality_assurance
education_system/post_16/sixthform_system/modules/domain/assessment/risk_analytics	education_system/systems/sixth_form/domain/assessment/risk_analytics
education_system/post_16/sixthform_system/modules/domain/assessment/sef_builder	education_system/systems/sixth_form/domain/assessment/sef_builder
education_system/post_16/sixthform_system/modules/domain/assessment/self_assessment	education_system/systems/sixth_form/domain/assessment/self_assessment
education_system/post_16/sixthform_system/modules/domain/assessment/target_setting	education_system/systems/sixth_form/domain/assessment/target_setting
education_system/post_16/sixthform_system/modules/domain/assessment/value_added	education_system/systems/sixth_form/domain/assessment/value_added
education_system/post_16/sixthform_system/modules/domain/finance	education_system/systems/sixth_form/domain/finance
education_system/post_16/sixthform_system/modules/domain/finance/bursaries	education_system/systems/sixth_form/domain/finance/bursaries
education_system/post_16/sixthform_system/modules/domain/finance/census_ilr	education_system/systems/sixth_form/domain/governance/compliance/census_ilr
education_system/post_16/sixthform_system/modules/domain/finance/expense_claims	education_system/systems/sixth_form/domain/finance/expense_claims
education_system/post_16/sixthform_system/modules/domain/finance/fees	education_system/systems/sixth_form/domain/finance/fees
education_system/post_16/sixthform_system/modules/domain/finance/finance_hub	education_system/systems/sixth_form/domain/finance/finance_hub
education_system/post_16/sixthform_system/modules/domain/finance/funding	education_system/systems/sixth_form/domain/finance/funding
education_system/post_16/sixthform_system/modules/domain/finance/receipts	education_system/systems/sixth_form/domain/finance/receipts
education_system/post_16/sixthform_system/modules/domain/finance/trips	education_system/systems/sixth_form/domain/finance/trips
education_system/post_16/sixthform_system/modules/domain/governance	education_system/systems/sixth_form/domain/governance
education_system/post_16/sixthform_system/modules/domain/governance/assets	education_system/systems/sixth_form/domain/governance/assets
education_system/post_16/sixthform_system/modules/domain/governance/automation_rules	education_system/systems/sixth_form/domain/governance/automation_rules
education_system/post_16/sixthform_system/modules/domain/governance/compliance	education_system/systems/sixth_form/domain/governance/compliance
education_system/post_16/sixthform_system/modules/domain/governance/gdpr	education_system/systems/sixth_form/domain/governance/gdpr
education_system/post_16/sixthform_system/modules/domain/governance/governance	education_system/systems/sixth_form/domain/governance
education_system/post_16/sixthform_system/modules/domain/governance/health_safety	education_system/systems/sixth_form/domain/governance/health_safety
education_system/post_16/sixthform_system/modules/domain/governance/policies	education_system/systems/sixth_form/domain/governance/policies
education_system/post_16/sixthform_system/modules/domain/governance/risk_management	education_system/systems/sixth_form/domain/governance/risk_management
education_system/post_16/sixthform_system/modules/domain/governance/todo	education_system/systems/sixth_form/domain/governance/todo
education_system/post_16/sixthform_system/modules/domain/governance/user_management	education_system/systems/sixth_form/domain/governance/user_management
education_system/post_16/sixthform_system/modules/domain/pastoral	education_system/systems/sixth_form/domain/pastoral
education_system/post_16/sixthform_system/modules/domain/pastoral/absence_requests	education_system/systems/sixth_form/domain/pastoral/absence_requests
education_system/post_16/sixthform_system/modules/domain/pastoral/accessibility	education_system/systems/sixth_form/domain/pastoral/accessibility
education_system/post_16/sixthform_system/modules/domain/pastoral/attendance_concerns	education_system/systems/sixth_form/domain/pastoral/attendance_concerns
education_system/post_16/sixthform_system/modules/domain/pastoral/behaviour	education_system/systems/sixth_form/domain/pastoral/behaviour
education_system/post_16/sixthform_system/modules/domain/pastoral/complaints	education_system/systems/sixth_form/domain/pastoral/complaints
education_system/post_16/sixthform_system/modules/domain/pastoral/disciplinary	education_system/systems/sixth_form/domain/pastoral/disciplinary
education_system/post_16/sixthform_system/modules/domain/pastoral/emergency	education_system/systems/sixth_form/domain/pastoral/emergency
education_system/post_16/sixthform_system/modules/domain/pastoral/equality_diversity	education_system/systems/sixth_form/domain/pastoral/equality_diversity
education_system/post_16/sixthform_system/modules/domain/pastoral/feedback	education_system/systems/sixth_form/domain/pastoral/feedback
education_system/post_16/sixthform_system/modules/domain/pastoral/first_aid	education_system/systems/sixth_form/domain/pastoral/health/first_aid
education_system/post_16/sixthform_system/modules/domain/pastoral/medical_records	education_system/systems/sixth_form/domain/pastoral/health/medical_records
education_system/post_16/sixthform_system/modules/domain/pastoral/peer_mentoring	education_system/systems/sixth_form/domain/pastoral/peer_mentoring
education_system/post_16/sixthform_system/modules/domain/pastoral/prevent_duty	education_system/systems/sixth_form/domain/safeguarding/prevent_duty
education_system/post_16/sixthform_system/modules/domain/pastoral/safeguarding	education_system/systems/sixth_form/domain/safeguarding
education_system/post_16/sixthform_system/modules/domain/pastoral/send	education_system/systems/sixth_form/domain/pastoral/send
education_system/post_16/sixthform_system/modules/domain/pastoral/student_council	education_system/systems/sixth_form/domain/pastoral/student_council
education_system/post_16/sixthform_system/modules/domain/pastoral/student_support	education_system/systems/sixth_form/domain/pastoral/student_support
education_system/post_16/sixthform_system/modules/domain/pastoral/student_wellbeing	education_system/systems/sixth_form/domain/pastoral/student_wellbeing
education_system/post_16/sixthform_system/modules/domain/pastoral/surveys	education_system/systems/sixth_form/domain/pastoral/surveys
education_system/post_16/sixthform_system/modules/domain/pastoral/transport	education_system/systems/sixth_form/domain/pastoral/transport
education_system/post_16/sixthform_system/modules/domain/pastoral/tutor_groups	education_system/systems/sixth_form/domain/pastoral/tutor_groups
education_system/post_16/sixthform_system/modules/domain/pastoral/wellbeing	education_system/systems/sixth_form/domain/pastoral/wellbeing
education_system/post_16/sixthform_system/modules/domain/progression	education_system/systems/sixth_form/domain/progression
education_system/post_16/sixthform_system/modules/domain/progression/apprenticeships	education_system/systems/sixth_form/domain/progression/apprenticeships
education_system/post_16/sixthform_system/modules/domain/progression/careers	education_system/systems/sixth_form/domain/progression/careers
education_system/post_16/sixthform_system/modules/domain/progression/destinations	education_system/systems/sixth_form/domain/progression/destinations
education_system/post_16/sixthform_system/modules/domain/progression/offers	education_system/systems/sixth_form/domain/progression/offers
education_system/post_16/sixthform_system/modules/domain/progression/personal_statements	education_system/systems/sixth_form/domain/progression/personal_statements
education_system/post_16/sixthform_system/modules/domain/progression/references	education_system/systems/sixth_form/domain/progression/references
education_system/post_16/sixthform_system/modules/domain/progression/ucas	education_system/systems/sixth_form/domain/progression/ucas
education_system/post_16/sixthform_system/modules/domain/progression/ucas_workflow	education_system/systems/sixth_form/domain/progression/ucas_workflow
education_system/post_16/sixthform_system/modules/domain/progression/university_visits	education_system/systems/sixth_form/domain/progression/university_visits
education_system/post_16/sixthform_system/modules/domain/reports	education_system/systems/sixth_form/domain/operations/reporting
education_system/post_16/sixthform_system/modules/domain/reports/attendance_report	education_system/systems/sixth_form/domain/operations/reporting/attendance_report
education_system/post_16/sixthform_system/modules/domain/reports/audit_reports	education_system/systems/sixth_form/domain/governance/audit/audit_reports
education_system/post_16/sixthform_system/modules/domain/reports/custom_export	education_system/systems/sixth_form/domain/operations/reporting/custom_export
education_system/post_16/sixthform_system/modules/domain/reports/data_dashboard	education_system/systems/sixth_form/domain/operations/reporting/data_dashboard
education_system/post_16/sixthform_system/modules/domain/reports/data_export	education_system/systems/sixth_form/domain/operations/reporting/data_export
education_system/post_16/sixthform_system/modules/domain/reports/grades_report	education_system/systems/sixth_form/domain/operations/reporting/grades_report
education_system/post_16/sixthform_system/modules/domain/reports/kpi_dashboard	education_system/systems/sixth_form/domain/operations/reporting/kpi_dashboard
education_system/post_16/sixthform_system/modules/domain/reports/mobile_dashboard	education_system/systems/sixth_form/domain/operations/reporting/mobile_dashboard
education_system/post_16/sixthform_system/modules/domain/reports/progress	education_system/systems/sixth_form/domain/operations/reporting/progress
education_system/post_16/sixthform_system/modules/domain/reports/progress_dashboard	education_system/systems/sixth_form/domain/operations/reporting/progress_dashboard
education_system/post_16/sixthform_system/modules/domain/staff_comms	education_system/systems/sixth_form/domain/staff
education_system/post_16/sixthform_system/modules/domain/staff_comms/activity_feed	education_system/systems/sixth_form/domain/operations/communications/activity_feed
education_system/post_16/sixthform_system/modules/domain/staff_comms/announcements	education_system/systems/sixth_form/domain/operations/communications/announcements
education_system/post_16/sixthform_system/modules/domain/staff_comms/appraisals	education_system/systems/sixth_form/domain/staff/appraisals
education_system/post_16/sixthform_system/modules/domain/staff_comms/attachments	education_system/systems/sixth_form/domain/operations/attachments
education_system/post_16/sixthform_system/modules/domain/staff_comms/cpd	education_system/systems/sixth_form/domain/staff/cpd
education_system/post_16/sixthform_system/modules/domain/staff_comms/dbs_checks	education_system/systems/sixth_form/domain/staff/dbs_checks
education_system/post_16/sixthform_system/modules/domain/staff_comms/departments	education_system/systems/sixth_form/domain/staff/departments
education_system/post_16/sixthform_system/modules/domain/staff_comms/document_hub	education_system/systems/sixth_form/domain/operations/document_hub
education_system/post_16/sixthform_system/modules/domain/staff_comms/letter_templates	education_system/systems/sixth_form/domain/operations/communications/letter_templates
education_system/post_16/sixthform_system/modules/domain/staff_comms/messages	education_system/systems/sixth_form/domain/operations/communications/messages
education_system/post_16/sixthform_system/modules/domain/staff_comms/notices	education_system/systems/sixth_form/domain/operations/communications/notices
education_system/post_16/sixthform_system/modules/domain/staff_comms/notifications	education_system/systems/sixth_form/domain/operations/communications/notifications
education_system/post_16/sixthform_system/modules/domain/staff_comms/parent_contacts	education_system/systems/sixth_form/domain/operations/communications/parent_contacts
education_system/post_16/sixthform_system/modules/domain/staff_comms/parents_evenings	education_system/systems/sixth_form/domain/operations/communications/parents_evenings
education_system/post_16/sixthform_system/modules/domain/staff_comms/recruitment	education_system/systems/sixth_form/domain/staff/recruitment
education_system/post_16/sixthform_system/modules/domain/staff_comms/staff	education_system/systems/sixth_form/domain/staff
education_system/post_16/sixthform_system/modules/domain/staff_comms/staff_absence	education_system/systems/sixth_form/domain/staff/staff_absence
education_system/post_16/sixthform_system/modules/domain/staff_comms/staff_hr	education_system/systems/sixth_form/domain/staff/staff_hr
education_system/post_16/sixthform_system/modules/domain/staff_comms/staff_wellbeing	education_system/systems/sixth_form/domain/staff/staff_wellbeing
education_system/post_16/sixthform_system/modules/domain/staff_comms/visitors	education_system/systems/sixth_form/domain/operations/visitors
education_system/post_16/sixthform_system/modules/domain/students	education_system/systems/sixth_form/domain/admissions
education_system/post_16/sixthform_system/modules/domain/students	education_system/systems/sixth_form/domain/learners
education_system/post_16/sixthform_system/modules/domain/students/admissions	education_system/systems/sixth_form/domain/admissions
education_system/post_16/sixthform_system/modules/domain/students/advanced_search	education_system/systems/sixth_form/domain/learners/advanced_search
education_system/post_16/sixthform_system/modules/domain/students/alumni	education_system/systems/sixth_form/domain/learners/alumni
education_system/post_16/sixthform_system/modules/domain/students/bulk_operations	education_system/systems/sixth_form/domain/learners/bulk_operations
education_system/post_16/sixthform_system/modules/domain/students/enrolments	education_system/systems/sixth_form/domain/admissions/enrolments
education_system/post_16/sixthform_system/modules/domain/students/onboarding	education_system/systems/sixth_form/domain/admissions/onboarding
education_system/post_16/sixthform_system/modules/domain/students/parent_portal	education_system/systems/sixth_form/domain/operations/communications/parent_portal
education_system/post_16/sixthform_system/modules/domain/students/students	education_system/systems/sixth_form/domain/learners/students
education_system/post_16/sixthform_system/modules/shared	education_system/systems/sixth_form/interfaces
education_system/post_16/sixthform_system/modules/shared/cli	education_system/systems/sixth_form/interfaces/cli
education_system/post_16/sixthform_system/modules/shared/gui	education_system/systems/sixth_form/interfaces/gui
education_system/post_16/sixthform_system/tests	@tests/systems/sixth_form
education_system/post_16/sixthform_system/tests	@tests/systems/sixth_form/domain/academics/academic_year
education_system/post_16/sixthform_system/tests	@tests/systems/sixth_form/domain/academics/library
education_system/post_16/sixthform_system/tests	@tests/systems/sixth_form/domain/academics/timetable_optimiser
education_system/post_16/sixthform_system/tests	@tests/systems/sixth_form/domain/admissions/enrolments
education_system/post_16/sixthform_system/tests	@tests/systems/sixth_form/domain/assessment/risk_analytics
education_system/post_16/sixthform_system/tests	@tests/systems/sixth_form/domain/finance/finance_hub
education_system/post_16/sixthform_system/tests	@tests/systems/sixth_form/domain/governance/automation_rules
education_system/post_16/sixthform_system/tests	@tests/systems/sixth_form/domain/learners/advanced_search
education_system/post_16/sixthform_system/tests	@tests/systems/sixth_form/domain/operations/communications/parent_portal
education_system/post_16/sixthform_system/tests	@tests/systems/sixth_form/domain/progression/ucas_workflow
education_system/post_16/sixthform_system/tests	@tests/systems/sixth_form/infrastructure
education_system/post_16/sixthform_system/tests	@tests/systems/sixth_form/interfaces/api
education_system/post_16/sixthform_system/tests	@tests/systems/sixth_form/interfaces/cli
education_system/post_16/sixthform_system/tests	@tests/systems/sixth_form/interfaces/gui
education_system/post_16/sixthform_system/tests	@tests/systems/sixth_form/smoke
education_system/post_18	@drop
education_system/post_18/university_system	@docs/university
education_system/post_18/university_system	@drop
education_system/post_18/university_system	education_system/systems/university
education_system/post_18/university_system/.keys	@var/secrets
education_system/post_18/university_system/backups/database	@var/backups/university/database
education_system/post_18/university_system/backups/health	@var/backups/university/health
education_system/post_18/university_system/core	education_system/systems/university/infrastructure
education_system/post_18/university_system/data	@var/data/university
education_system/post_18/university_system/data/analytics	@var/data/university/analytics
education_system/post_18/university_system/data/backup_templates	@var/data/university/backup_templates
education_system/post_18/university_system/data/chatbot	@var/data/university/chatbot
education_system/post_18/university_system/data/config	@var/data/university/config
education_system/post_18/university_system/data/db_files	@var/data/university/db_files
education_system/post_18/university_system/data/db_files/exports	@var/data/university/db_files/exports
education_system/post_18/university_system/data/exports/documents	@var/data/university/exports/documents
education_system/post_18/university_system/data/locales/ar	@var/data/university/locales/ar
education_system/post_18/university_system/data/locales/de	@var/data/university/locales/de
education_system/post_18/university_system/data/locales/en/academics	@var/data/university/locales/en/academics
education_system/post_18/university_system/data/locales/en/accessibility	@var/data/university/locales/en/accessibility
education_system/post_18/university_system/data/locales/en/ai_study	@var/data/university/locales/en/ai_study
education_system/post_18/university_system/data/locales/en/campus	@var/data/university/locales/en/campus
education_system/post_18/university_system/data/locales/en/commerce	@var/data/university/locales/en/commerce
education_system/post_18/university_system/data/locales/en/entertainment	@var/data/university/locales/en/entertainment
education_system/post_18/university_system/data/locales/en/finance	@var/data/university/locales/en/finance
education_system/post_18/university_system/data/locales/en/health	@var/data/university/locales/en/health
education_system/post_18/university_system/data/locales/en/housing	@var/data/university/locales/en/housing
education_system/post_18/university_system/data/locales/en/mobility	@var/data/university/locales/en/mobility
education_system/post_18/university_system/data/locales/en/research	@var/data/university/locales/en/research
education_system/post_18/university_system/data/locales/en/safeguarding	@var/data/university/locales/en/safeguarding
education_system/post_18/university_system/data/locales/en/staff	@var/data/university/locales/en/staff
education_system/post_18/university_system/data/locales/en/student_affairs	@var/data/university/locales/en/student_affairs
education_system/post_18/university_system/data/locales/en/system	@var/data/university/locales/en/system
education_system/post_18/university_system/data/locales/es	@var/data/university/locales/es
education_system/post_18/university_system/data/locales/es/safeguarding	@var/data/university/locales/es/safeguarding
education_system/post_18/university_system/data/locales/fr	@var/data/university/locales/fr
education_system/post_18/university_system/data/locales/fr/safeguarding	@var/data/university/locales/fr/safeguarding
education_system/post_18/university_system/data/locales/ja	@var/data/university/locales/ja
education_system/post_18/university_system/data/locales/ko	@var/data/university/locales/ko
education_system/post_18/university_system/data/locales/pt	@var/data/university/locales/pt
education_system/post_18/university_system/data/locales/ru	@var/data/university/locales/ru
education_system/post_18/university_system/data/locales/zh	@var/data/university/locales/zh
education_system/post_18/university_system/data/nltk_data/corpora	@var/data/university/nltk_data/corpora
education_system/post_18/university_system/data/nltk_data/corpora/stopwords	@var/data/university/nltk_data/corpora/stopwords
education_system/post_18/university_system/data/nltk_data/sentiment	@var/data/university/nltk_data/sentiment
education_system/post_18/university_system/data/nltk_data/tokenizers	@var/data/university/nltk_data/tokenizers
education_system/post_18/university_system/data/nltk_data/tokenizers/punkt	@var/data/university/nltk_data/tokenizers/punkt
education_system/post_18/university_system/data/nltk_data/tokenizers/punkt/PY3	@var/data/university/nltk_data/tokenizers/punkt/PY3
education_system/post_18/university_system/data/nltk_data/tokenizers/punkt_tab	@var/data/university/nltk_data/tokenizers/punkt_tab
education_system/post_18/university_system/data/nltk_data/tokenizers/punkt_tab/czech	@var/data/university/nltk_data/tokenizers/punkt_tab/czech
education_system/post_18/university_system/data/nltk_data/tokenizers/punkt_tab/danish	@var/data/university/nltk_data/tokenizers/punkt_tab/danish
education_system/post_18/university_system/data/nltk_data/tokenizers/punkt_tab/dutch	@var/data/university/nltk_data/tokenizers/punkt_tab/dutch
education_system/post_18/university_system/data/nltk_data/tokenizers/punkt_tab/english	@var/data/university/nltk_data/tokenizers/punkt_tab/english
education_system/post_18/university_system/data/nltk_data/tokenizers/punkt_tab/estonian	@var/data/university/nltk_data/tokenizers/punkt_tab/estonian
education_system/post_18/university_system/data/nltk_data/tokenizers/punkt_tab/finnish	@var/data/university/nltk_data/tokenizers/punkt_tab/finnish
education_system/post_18/university_system/data/nltk_data/tokenizers/punkt_tab/french	@var/data/university/nltk_data/tokenizers/punkt_tab/french
education_system/post_18/university_system/data/nltk_data/tokenizers/punkt_tab/german	@var/data/university/nltk_data/tokenizers/punkt_tab/german
education_system/post_18/university_system/data/nltk_data/tokenizers/punkt_tab/greek	@var/data/university/nltk_data/tokenizers/punkt_tab/greek
education_system/post_18/university_system/data/nltk_data/tokenizers/punkt_tab/italian	@var/data/university/nltk_data/tokenizers/punkt_tab/italian
education_system/post_18/university_system/data/nltk_data/tokenizers/punkt_tab/malayalam	@var/data/university/nltk_data/tokenizers/punkt_tab/malayalam
education_system/post_18/university_system/data/nltk_data/tokenizers/punkt_tab/norwegian	@var/data/university/nltk_data/tokenizers/punkt_tab/norwegian
education_system/post_18/university_system/data/nltk_data/tokenizers/punkt_tab/polish	@var/data/university/nltk_data/tokenizers/punkt_tab/polish
education_system/post_18/university_system/data/nltk_data/tokenizers/punkt_tab/portuguese	@var/data/university/nltk_data/tokenizers/punkt_tab/portuguese
education_system/post_18/university_system/data/nltk_data/tokenizers/punkt_tab/russian	@var/data/university/nltk_data/tokenizers/punkt_tab/russian
education_system/post_18/university_system/data/nltk_data/tokenizers/punkt_tab/slovene	@var/data/university/nltk_data/tokenizers/punkt_tab/slovene
education_system/post_18/university_system/data/nltk_data/tokenizers/punkt_tab/spanish	@var/data/university/nltk_data/tokenizers/punkt_tab/spanish
education_system/post_18/university_system/data/nltk_data/tokenizers/punkt_tab/swedish	@var/data/university/nltk_data/tokenizers/punkt_tab/swedish
education_system/post_18/university_system/data/nltk_data/tokenizers/punkt_tab/turkish	@var/data/university/nltk_data/tokenizers/punkt_tab/turkish
education_system/post_18/university_system/data/qr_codes	@var/data/university/qr_codes
education_system/post_18/university_system/data/reports	@var/data/university/reports
education_system/post_18/university_system/data/reports/analytics	@var/data/university/reports/analytics
education_system/post_18/university_system/data/reports/timetable_reports	@var/data/university/reports/timetable_reports
education_system/post_18/university_system/data/reports_templates	@var/data/university/reports_templates
education_system/post_18/university_system/data/submissions/submitted/4484350/assignment_6	@var/data/university/submissions/submitted/4484350/assignment_6
education_system/post_18/university_system/data/submissions/submitted/5853694/assignment_1	@var/data/university/submissions/submitted/5853694/assignment_1
education_system/post_18/university_system/data/submissions/submitted/5853694/assignment_2	@var/data/university/submissions/submitted/5853694/assignment_2
education_system/post_18/university_system/data/submissions/submitted/6347995/assignment_438	@var/data/university/submissions/submitted/6347995/assignment_438
education_system/post_18/university_system/data/submissions/submitted/ADMIN_TEST/assignment_6	@var/data/university/submissions/submitted/ADMIN_TEST/assignment_6
education_system/post_18/university_system/data/submissions/submitted/ADMIN_TEST/assignment_7	@var/data/university/submissions/submitted/ADMIN_TEST/assignment_7
education_system/post_18/university_system/data/submissions/submitted/S12345/assignment_438	@var/data/university/submissions/submitted/S12345/assignment_438
education_system/post_18/university_system/data/submissions/submitted/S12345/assignment_439	@var/data/university/submissions/submitted/S12345/assignment_439
education_system/post_18/university_system/data/submissions/submitted/S12345/assignment_440	@var/data/university/submissions/submitted/S12345/assignment_440
education_system/post_18/university_system/data/submissions/submitted/S12345/assignment_441	@var/data/university/submissions/submitted/S12345/assignment_441
education_system/post_18/university_system/data/submissions/submitted/S12345/assignment_442	@var/data/university/submissions/submitted/S12345/assignment_442
education_system/post_18/university_system/data/submissions/submitted/S12345/assignment_445	@var/data/university/submissions/submitted/S12345/assignment_445
education_system/post_18/university_system/data/submissions/submitted/S12345/assignment_446	@var/data/university/submissions/submitted/S12345/assignment_446
education_system/post_18/university_system/data/temp	@var/data/university/temp
education_system/post_18/university_system/data/uploads/documents	@var/data/university/uploads/documents
education_system/post_18/university_system/data/uploads/student_documents/S12345	@var/data/university/uploads/student_documents/S12345
education_system/post_18/university_system/infrastructure	education_system/systems/university/infrastructure
education_system/post_18/university_system/infrastructure/ai	education_system/systems/university/infrastructure/ai
education_system/post_18/university_system/infrastructure/ai/ai_detector	education_system/systems/university/infrastructure/ai/ai_detector
education_system/post_18/university_system/infrastructure/ai/ai_detector/analyzers	education_system/systems/university/infrastructure/ai/ai_detector/analyzers
education_system/post_18/university_system/infrastructure/ai/ai_detector/cli	education_system/systems/university/interfaces/cli/shell/ai/ai_detector
education_system/post_18/university_system/infrastructure/ai/ai_detector/core	education_system/systems/university/infrastructure/ai/ai_detector/core
education_system/post_18/university_system/infrastructure/ai/ai_detector/detector	education_system/systems/university/infrastructure/ai/ai_detector/detector
education_system/post_18/university_system/infrastructure/ai/ai_detector/features	education_system/systems/university/infrastructure/ai/ai_detector/features
education_system/post_18/university_system/infrastructure/ai/ai_detector/integration	education_system/systems/university/infrastructure/ai/ai_detector/integration
education_system/post_18/university_system/infrastructure/ai/ai_detector/ml	education_system/systems/university/infrastructure/ai/ai_detector/ml
education_system/post_18/university_system/infrastructure/ai/ai_detector/visualization	education_system/systems/university/infrastructure/ai/ai_detector/visualization
education_system/post_18/university_system/infrastructure/ai/gui	education_system/systems/university/interfaces/gui/shell/ai
education_system/post_18/university_system/infrastructure/ai/gui/features	education_system/systems/university/interfaces/gui/shell/ai/features
education_system/post_18/university_system/infrastructure/ai/gui/screens	education_system/systems/university/interfaces/gui/shell/ai/screens
education_system/post_18/university_system/infrastructure/ai/university_chatbot	education_system/systems/university/infrastructure/ai/university_chatbot
education_system/post_18/university_system/infrastructure/analytics	education_system/systems/university/infrastructure/analytics
education_system/post_18/university_system/infrastructure/async_utils	education_system/systems/university/infrastructure/async_utils
education_system/post_18/university_system/infrastructure/auth	education_system/systems/university/infrastructure/auth
education_system/post_18/university_system/infrastructure/auth/cli	education_system/systems/university/interfaces/cli/shell/auth
education_system/post_18/university_system/infrastructure/auth/cli/cli_menus	education_system/systems/university/interfaces/cli/shell/auth/cli_menus
education_system/post_18/university_system/infrastructure/auth/core_utils	education_system/systems/university/infrastructure/auth/core_utils
education_system/post_18/university_system/infrastructure/auth/integrations	education_system/systems/university/infrastructure/auth/integrations
education_system/post_18/university_system/infrastructure/auth/managers	education_system/systems/university/infrastructure/auth/managers
education_system/post_18/university_system/infrastructure/auth/sso_providers	education_system/systems/university/infrastructure/auth/sso_providers
education_system/post_18/university_system/infrastructure/cache	education_system/systems/university/infrastructure/cache
education_system/post_18/university_system/infrastructure/communication	education_system/systems/university/infrastructure/communication
education_system/post_18/university_system/infrastructure/data_management	education_system/systems/university/infrastructure/data_management
education_system/post_18/university_system/infrastructure/database	education_system/systems/university/infrastructure/database
education_system/post_18/university_system/infrastructure/database/data_backup	education_system/systems/university/infrastructure/database/data_backup
education_system/post_18/university_system/infrastructure/database/data_backup/storage	education_system/systems/university/infrastructure/database/data_backup/storage
education_system/post_18/university_system/infrastructure/database/schemas	education_system/systems/university/infrastructure/database/schemas
education_system/post_18/university_system/infrastructure/email	education_system/systems/university/infrastructure/email
education_system/post_18/university_system/infrastructure/email/admin	education_system/systems/university/infrastructure/email/admin
education_system/post_18/university_system/infrastructure/email/admin/chat	education_system/systems/university/infrastructure/email/admin/chat
education_system/post_18/university_system/infrastructure/email/email_service	education_system/systems/university/infrastructure/email/email_service
education_system/post_18/university_system/infrastructure/email/email_service/notifications	education_system/systems/university/infrastructure/email/email_service/notifications
education_system/post_18/university_system/infrastructure/logging	education_system/systems/university/infrastructure/logging
education_system/post_18/university_system/infrastructure/logging/gui	education_system/systems/university/interfaces/gui/shell/logging
education_system/post_18/university_system/infrastructure/logging/gui/features	education_system/systems/university/interfaces/gui/shell/logging/features
education_system/post_18/university_system/infrastructure/logging/gui/tabs	education_system/systems/university/interfaces/gui/shell/logging/tabs
education_system/post_18/university_system/infrastructure/logging/log_management	education_system/systems/university/infrastructure/logging/log_management
education_system/post_18/university_system/infrastructure/logging/log_management/api	education_system/systems/university/infrastructure/logging/log_management/api
education_system/post_18/university_system/infrastructure/logging/log_management/cli	education_system/systems/university/interfaces/cli/shell/logging/log_management
education_system/post_18/university_system/infrastructure/ml	education_system/systems/university/infrastructure/ml
education_system/post_18/university_system/infrastructure/monitoring	education_system/systems/university/infrastructure/monitoring
education_system/post_18/university_system/infrastructure/performance	education_system/systems/university/infrastructure/performance
education_system/post_18/university_system/infrastructure/repositories	education_system/systems/university/infrastructure/repositories
education_system/post_18/university_system/infrastructure/search	education_system/systems/university/infrastructure/search
education_system/post_18/university_system/infrastructure/security	education_system/systems/university/infrastructure/security
education_system/post_18/university_system/infrastructure/validation	education_system/systems/university/infrastructure/validation
education_system/post_18/university_system/infrastructure/workflows	education_system/systems/university/infrastructure/workflows
education_system/post_18/university_system/logs	@var/logs/university
education_system/post_18/university_system/logs/accommodation	@var/logs/university/accommodation
education_system/post_18/university_system/modules	education_system/systems/university/__init__.py
education_system/post_18/university_system/modules/core	education_system/systems/university/infrastructure
education_system/post_18/university_system/modules/core/services	education_system/systems/university/infrastructure
education_system/post_18/university_system/modules/domain	education_system/systems/university/domain
education_system/post_18/university_system/modules/domain/academics	education_system/systems/university/domain/academics
education_system/post_18/university_system/modules/domain/academics/academic_progress	education_system/systems/university/domain/assessment/academic_progress
education_system/post_18/university_system/modules/domain/academics/academic_progress/cli	education_system/systems/university/interfaces/cli/assessment/academic_progress
education_system/post_18/university_system/modules/domain/academics/academic_progress/gui	education_system/systems/university/interfaces/gui/assessment/academic_progress
education_system/post_18/university_system/modules/domain/academics/academic_progress/services	education_system/systems/university/domain/assessment/academic_progress/services
education_system/post_18/university_system/modules/domain/academics/advising	education_system/systems/university/domain/pastoral/advising
education_system/post_18/university_system/modules/domain/academics/advising/cli	education_system/systems/university/interfaces/cli/pastoral/advising
education_system/post_18/university_system/modules/domain/academics/advising/gui	education_system/systems/university/interfaces/gui/pastoral/advising
education_system/post_18/university_system/modules/domain/academics/advising/services	education_system/systems/university/domain/pastoral/advising/services
education_system/post_18/university_system/modules/domain/academics/ai_study	education_system/systems/university/domain/academics/ai_study
education_system/post_18/university_system/modules/domain/academics/ai_study/cli	education_system/systems/university/interfaces/cli/academics/ai_study
education_system/post_18/university_system/modules/domain/academics/ai_study/gui	education_system/systems/university/interfaces/gui/academics/ai_study
education_system/post_18/university_system/modules/domain/academics/ai_study/services	education_system/systems/university/domain/academics/ai_study/services
education_system/post_18/university_system/modules/domain/academics/apprenticeships	education_system/systems/university/domain/progression/apprenticeships
education_system/post_18/university_system/modules/domain/academics/apprenticeships/cli	education_system/systems/university/interfaces/cli/progression/apprenticeships
education_system/post_18/university_system/modules/domain/academics/clearing_adjustment	education_system/systems/university/domain/admissions/clearing_adjustment
education_system/post_18/university_system/modules/domain/academics/clearing_adjustment/cli	education_system/systems/university/interfaces/cli/admissions/clearing_adjustment
education_system/post_18/university_system/modules/domain/academics/clearing_adjustment/gui	education_system/systems/university/interfaces/gui/admissions/clearing_adjustment
education_system/post_18/university_system/modules/domain/academics/clearing_adjustment/services	education_system/systems/university/domain/admissions/clearing_adjustment/services
education_system/post_18/university_system/modules/domain/academics/cli	education_system/systems/university/interfaces/cli/academics
education_system/post_18/university_system/modules/domain/academics/course_planning	education_system/systems/university/domain/academics/course_planning
education_system/post_18/university_system/modules/domain/academics/course_planning/cli	education_system/systems/university/interfaces/cli/academics/course_planning
education_system/post_18/university_system/modules/domain/academics/course_planning/services	education_system/systems/university/domain/academics/course_planning/services
education_system/post_18/university_system/modules/domain/academics/curriculum_specification	education_system/systems/university/domain/academics/curriculum_specification
education_system/post_18/university_system/modules/domain/academics/curriculum_specification/cli	education_system/systems/university/interfaces/cli/academics/curriculum_specification
education_system/post_18/university_system/modules/domain/academics/curriculum_specification/gui	education_system/systems/university/interfaces/gui/academics/curriculum_specification
education_system/post_18/university_system/modules/domain/academics/curriculum_specification/services	education_system/systems/university/domain/academics/curriculum_specification/services
education_system/post_18/university_system/modules/domain/academics/external_examiners	education_system/systems/university/domain/assessment/external_examiners
education_system/post_18/university_system/modules/domain/academics/external_examiners/cli	education_system/systems/university/interfaces/cli/assessment/external_examiners
education_system/post_18/university_system/modules/domain/academics/external_examiners/gui	education_system/systems/university/interfaces/gui/assessment/external_examiners
education_system/post_18/university_system/modules/domain/academics/external_examiners/services	education_system/systems/university/domain/assessment/external_examiners/services
education_system/post_18/university_system/modules/domain/academics/grading	education_system/systems/university/domain/assessment/grading
education_system/post_18/university_system/modules/domain/academics/grading/grade_calculation	education_system/systems/university/domain/assessment/grading/grade_calculation
education_system/post_18/university_system/modules/domain/academics/grading/learning_outcomes	education_system/systems/university/domain/assessment/grading/learning_outcomes
education_system/post_18/university_system/modules/domain/academics/gui	education_system/systems/university/interfaces/gui/academics
education_system/post_18/university_system/modules/domain/academics/gui/academic_calendar	education_system/systems/university/interfaces/gui/academics/academic_calendar
education_system/post_18/university_system/modules/domain/academics/gui/ai_detector	education_system/systems/university/interfaces/gui/academics/ai_detector
education_system/post_18/university_system/modules/domain/academics/gui/assignment_system	education_system/systems/university/interfaces/gui/academics/assignment_system
education_system/post_18/university_system/modules/domain/academics/gui/assignment_system/assignment_manager	education_system/systems/university/interfaces/gui/academics/assignment_system/assignment_manager
education_system/post_18/university_system/modules/domain/academics/gui/assignment_system/group_manager	education_system/systems/university/interfaces/gui/academics/assignment_system/group_manager
education_system/post_18/university_system/modules/domain/academics/gui/assignment_system/integrations	education_system/systems/university/interfaces/gui/academics/assignment_system/integrations
education_system/post_18/university_system/modules/domain/academics/gui/attendance_grade	education_system/systems/university/interfaces/gui/academics/attendance_grade
education_system/post_18/university_system/modules/domain/academics/gui/attendance_tracker	education_system/systems/university/interfaces/gui/academics/attendance_tracker
education_system/post_18/university_system/modules/domain/academics/gui/attendance_tracker/misc_windows	education_system/systems/university/interfaces/gui/academics/attendance_tracker/misc_windows
education_system/post_18/university_system/modules/domain/academics/gui/bulk_grade_import	education_system/systems/university/interfaces/gui/academics/bulk_grade_import
education_system/post_18/university_system/modules/domain/academics/gui/course_catalog	education_system/systems/university/interfaces/gui/academics/course_catalog
education_system/post_18/university_system/modules/domain/academics/gui/course_forums	education_system/systems/university/interfaces/gui/academics/course_forums
education_system/post_18/university_system/modules/domain/academics/gui/course_health	education_system/systems/university/interfaces/gui/academics/course_health
education_system/post_18/university_system/modules/domain/academics/gui/course_management	education_system/systems/university/interfaces/gui/academics/course_management
education_system/post_18/university_system/modules/domain/academics/gui/course_management_gui	education_system/systems/university/interfaces/gui/academics/course_management_gui
education_system/post_18/university_system/modules/domain/academics/gui/course_management_gui/academic_systems	education_system/systems/university/interfaces/gui/academics/course_management_gui/academic_systems
education_system/post_18/university_system/modules/domain/academics/gui/course_management_gui/analytics	education_system/systems/university/interfaces/gui/academics/course_management_gui/analytics
education_system/post_18/university_system/modules/domain/academics/gui/course_management_gui/bulk	education_system/systems/university/interfaces/gui/academics/course_management_gui/bulk
education_system/post_18/university_system/modules/domain/academics/gui/course_management_gui/cli	education_system/systems/university/interfaces/gui/academics/course_management_gui/cli
education_system/post_18/university_system/modules/domain/academics/gui/course_management_gui/core	education_system/systems/university/interfaces/gui/academics/course_management_gui/core
education_system/post_18/university_system/modules/domain/academics/gui/course_management_gui/course_planning_gui	education_system/systems/university/interfaces/gui/academics/course_management_gui/course_planning_gui
education_system/post_18/university_system/modules/domain/academics/gui/course_management_gui/course_planning_gui/mixins	education_system/systems/university/interfaces/gui/academics/course_management_gui/course_planning_gui/mixins
education_system/post_18/university_system/modules/domain/academics/gui/course_management_gui/courses	education_system/systems/university/interfaces/gui/academics/course_management_gui/courses
education_system/post_18/university_system/modules/domain/academics/gui/course_management_gui/import_export	education_system/systems/university/interfaces/gui/academics/course_management_gui/import_export
education_system/post_18/university_system/modules/domain/academics/gui/course_management_gui/instructors	education_system/systems/university/interfaces/gui/academics/course_management_gui/instructors
education_system/post_18/university_system/modules/domain/academics/gui/course_management_gui/maintenance	education_system/systems/university/interfaces/gui/academics/course_management_gui/maintenance
education_system/post_18/university_system/modules/domain/academics/gui/course_management_gui/prerequisites	education_system/systems/university/interfaces/gui/academics/course_management_gui/prerequisites
education_system/post_18/university_system/modules/domain/academics/gui/course_management_gui/recommendations	education_system/systems/university/interfaces/gui/academics/course_management_gui/recommendations
education_system/post_18/university_system/modules/domain/academics/gui/course_management_gui/schedules	education_system/systems/university/interfaces/gui/academics/course_management_gui/schedules
education_system/post_18/university_system/modules/domain/academics/gui/course_management_gui/search	education_system/systems/university/interfaces/gui/academics/course_management_gui/search
education_system/post_18/university_system/modules/domain/academics/gui/course_management_gui/waitlists	education_system/systems/university/interfaces/gui/academics/course_management_gui/waitlists
education_system/post_18/university_system/modules/domain/academics/gui/course_management_gui/wrappers	education_system/systems/university/interfaces/gui/academics/course_management_gui/wrappers
education_system/post_18/university_system/modules/domain/academics/gui/course_messaging	education_system/systems/university/interfaces/gui/academics/course_messaging
education_system/post_18/university_system/modules/domain/academics/gui/exam_management	education_system/systems/university/interfaces/gui/academics/exam_management
education_system/post_18/university_system/modules/domain/academics/gui/exam_management/tabs	education_system/systems/university/interfaces/gui/academics/exam_management/tabs
education_system/post_18/university_system/modules/domain/academics/gui/grade_tracking	education_system/systems/university/interfaces/gui/academics/grade_tracking
education_system/post_18/university_system/modules/domain/academics/gui/grade_tracking/analytics_manager	education_system/systems/university/interfaces/gui/academics/grade_tracking/analytics_manager
education_system/post_18/university_system/modules/domain/academics/gui/grade_tracking/dialogs	education_system/systems/university/interfaces/gui/academics/grade_tracking/dialogs
education_system/post_18/university_system/modules/domain/academics/gui/grade_tracking/integrations	education_system/systems/university/interfaces/gui/academics/grade_tracking/integrations
education_system/post_18/university_system/modules/domain/academics/gui/grade_tracking/utils	education_system/systems/university/interfaces/gui/academics/grade_tracking/utils
education_system/post_18/university_system/modules/domain/academics/gui/grade_tracking_management_gui	education_system/systems/university/interfaces/gui/academics/grade_tracking_management_gui
education_system/post_18/university_system/modules/domain/academics/gui/library	education_system/systems/university/interfaces/gui/academics/library
education_system/post_18/university_system/modules/domain/academics/gui/library/fines	education_system/systems/university/interfaces/gui/academics/library/fines
education_system/post_18/university_system/modules/domain/academics/gui/module_scheduling	education_system/systems/university/interfaces/gui/academics/module_scheduling
education_system/post_18/university_system/modules/domain/academics/gui/office_hours	education_system/systems/university/interfaces/gui/academics/office_hours
education_system/post_18/university_system/modules/domain/academics/gui/parent_portal	education_system/systems/university/interfaces/gui/academics/parent_portal
education_system/post_18/university_system/modules/domain/academics/gui/plagiarism_main_gui	education_system/systems/university/interfaces/gui/academics/plagiarism_main_gui
education_system/post_18/university_system/modules/domain/academics/gui/plagiarism_main_gui/dialogs	education_system/systems/university/interfaces/gui/academics/plagiarism_main_gui/dialogs
education_system/post_18/university_system/modules/domain/academics/gui/roster_viewer	education_system/systems/university/interfaces/gui/academics/roster_viewer
education_system/post_18/university_system/modules/domain/academics/gui/semester_analytics	education_system/systems/university/interfaces/gui/academics/semester_analytics
education_system/post_18/university_system/modules/domain/academics/gui/student_dashboard	education_system/systems/university/interfaces/gui/academics/student_dashboard
education_system/post_18/university_system/modules/domain/academics/gui/student_grades	education_system/systems/university/interfaces/gui/academics/student_grades
education_system/post_18/university_system/modules/domain/academics/gui/student_registration	education_system/systems/university/interfaces/gui/academics/student_registration
education_system/post_18/university_system/modules/domain/academics/mitigating_circumstances	education_system/systems/university/domain/assessment/mitigating_circumstances
education_system/post_18/university_system/modules/domain/academics/mitigating_circumstances/cli	education_system/systems/university/interfaces/cli/assessment/mitigating_circumstances
education_system/post_18/university_system/modules/domain/academics/mitigating_circumstances/gui	education_system/systems/university/interfaces/gui/assessment/mitigating_circumstances
education_system/post_18/university_system/modules/domain/academics/mitigating_circumstances/services	education_system/systems/university/domain/assessment/mitigating_circumstances/services
education_system/post_18/university_system/modules/domain/academics/placements	education_system/systems/university/domain/progression/placements
education_system/post_18/university_system/modules/domain/academics/placements/cli	education_system/systems/university/interfaces/cli/progression/placements
education_system/post_18/university_system/modules/domain/academics/prior_learning_recognition	education_system/systems/university/domain/admissions/prior_learning_recognition
education_system/post_18/university_system/modules/domain/academics/prior_learning_recognition/cli	education_system/systems/university/interfaces/cli/admissions/prior_learning_recognition
education_system/post_18/university_system/modules/domain/academics/prior_learning_recognition/gui	education_system/systems/university/interfaces/gui/admissions/prior_learning_recognition
education_system/post_18/university_system/modules/domain/academics/prior_learning_recognition/services	education_system/systems/university/domain/admissions/prior_learning_recognition/services
education_system/post_18/university_system/modules/domain/academics/research	education_system/systems/university/domain/academics/research
education_system/post_18/university_system/modules/domain/academics/research/external_quality_assurance	education_system/systems/university/domain/academics/research/external_quality_assurance
education_system/post_18/university_system/modules/domain/academics/research/external_quality_assurance/api	education_system/systems/university/domain/academics/research/external_quality_assurance/api
education_system/post_18/university_system/modules/domain/academics/research/external_quality_assurance/cli	education_system/systems/university/interfaces/cli/academics/research/external_quality_assurance
education_system/post_18/university_system/modules/domain/academics/research/external_quality_assurance/gui	education_system/systems/university/interfaces/gui/academics/research/external_quality_assurance
education_system/post_18/university_system/modules/domain/academics/research/external_quality_assurance/services	education_system/systems/university/domain/academics/research/external_quality_assurance/services
education_system/post_18/university_system/modules/domain/academics/research/gui	education_system/systems/university/interfaces/gui/academics/research
education_system/post_18/university_system/modules/domain/academics/research/services	education_system/systems/university/domain/academics/research/services
education_system/post_18/university_system/modules/domain/academics/services	education_system/systems/university/domain/academics/services
education_system/post_18/university_system/modules/domain/academics/services/academic_calendar	education_system/systems/university/domain/academics/services/academic_calendar
education_system/post_18/university_system/modules/domain/academics/services/admissions_selection	education_system/systems/university/domain/academics/services/admissions_selection
education_system/post_18/university_system/modules/domain/academics/services/ai_grading	education_system/systems/university/domain/academics/services/ai_grading
education_system/post_18/university_system/modules/domain/academics/services/assignments	education_system/systems/university/domain/academics/services/assignments
education_system/post_18/university_system/modules/domain/academics/services/assignments/admin_tools	education_system/systems/university/domain/academics/services/assignments/admin_tools
education_system/post_18/university_system/modules/domain/academics/services/assignments/ai_assistant	education_system/systems/university/domain/academics/services/assignments/ai_assistant
education_system/post_18/university_system/modules/domain/academics/services/assignments/analytics	education_system/systems/university/domain/academics/services/assignments/analytics
education_system/post_18/university_system/modules/domain/academics/services/assignments/annotations	education_system/systems/university/domain/academics/services/assignments/annotations
education_system/post_18/university_system/modules/domain/academics/services/assignments/assignments	education_system/systems/university/domain/academics/services/assignments/assignments
education_system/post_18/university_system/modules/domain/academics/services/assignments/auto_grading	education_system/systems/university/domain/academics/services/assignments/auto_grading
education_system/post_18/university_system/modules/domain/academics/services/assignments/core	education_system/systems/university/domain/academics/services/assignments/core
education_system/post_18/university_system/modules/domain/academics/services/assignments/exam_integrity	education_system/systems/university/domain/academics/services/assignments/exam_integrity
education_system/post_18/university_system/modules/domain/academics/services/assignments/extensions	education_system/systems/university/domain/academics/services/assignments/extensions
education_system/post_18/university_system/modules/domain/academics/services/assignments/grade_disputes	education_system/systems/university/domain/academics/services/assignments/grade_disputes
education_system/post_18/university_system/modules/domain/academics/services/assignments/grading	education_system/systems/university/domain/academics/services/assignments/grading
education_system/post_18/university_system/modules/domain/academics/services/assignments/groups	education_system/systems/university/domain/academics/services/assignments/groups
education_system/post_18/university_system/modules/domain/academics/services/assignments/late_policy	education_system/systems/university/domain/academics/services/assignments/late_policy
education_system/post_18/university_system/modules/domain/academics/services/assignments/maintenance	education_system/systems/university/domain/academics/services/assignments/maintenance
education_system/post_18/university_system/modules/domain/academics/services/assignments/multi_stage	education_system/systems/university/domain/academics/services/assignments/multi_stage
education_system/post_18/university_system/modules/domain/academics/services/assignments/notifications	education_system/systems/university/domain/academics/services/assignments/notifications
education_system/post_18/university_system/modules/domain/academics/services/assignments/peer_review	education_system/systems/university/domain/academics/services/assignments/peer_review
education_system/post_18/university_system/modules/domain/academics/services/assignments/student_experience	education_system/systems/university/domain/academics/services/assignments/student_experience
education_system/post_18/university_system/modules/domain/academics/services/assignments/templates	education_system/systems/university/domain/academics/services/assignments/templates
education_system/post_18/university_system/modules/domain/academics/services/attendance	education_system/systems/university/domain/academics/services/attendance
education_system/post_18/university_system/modules/domain/academics/services/attendance/absence_tracking	education_system/systems/university/domain/academics/services/attendance/absence_tracking
education_system/post_18/university_system/modules/domain/academics/services/attendance/absence_tracking/admin_features	education_system/systems/university/domain/academics/services/attendance/absence_tracking/admin_features
education_system/post_18/university_system/modules/domain/academics/services/attendance/absence_tracking/admin_features/services	education_system/systems/university/domain/academics/services/attendance/absence_tracking/admin_features/services
education_system/post_18/university_system/modules/domain/academics/services/attendance/absence_tracking/staff_features	education_system/systems/university/domain/academics/services/attendance/absence_tracking/staff_features
education_system/post_18/university_system/modules/domain/academics/services/attendance/absence_tracking/staff_features/services	education_system/systems/university/domain/academics/services/attendance/absence_tracking/staff_features/services
education_system/post_18/university_system/modules/domain/academics/services/attendance/absence_tracking/staff_features/widgets	education_system/systems/university/domain/academics/services/attendance/absence_tracking/staff_features/widgets
education_system/post_18/university_system/modules/domain/academics/services/attendance/absence_tracking/student_features	education_system/systems/university/domain/academics/services/attendance/absence_tracking/student_features
education_system/post_18/university_system/modules/domain/academics/services/attendance/absence_tracking/student_features/services	education_system/systems/university/domain/academics/services/attendance/absence_tracking/student_features/services
education_system/post_18/university_system/modules/domain/academics/services/attendance/absence_tracking/student_features/widgets	education_system/systems/university/domain/academics/services/attendance/absence_tracking/student_features/widgets
education_system/post_18/university_system/modules/domain/academics/services/attendance/cli	education_system/systems/university/interfaces/cli/academics/services/attendance
education_system/post_18/university_system/modules/domain/academics/services/course_management	education_system/systems/university/domain/academics/services/course_management
education_system/post_18/university_system/modules/domain/academics/services/degree_audit	education_system/systems/university/domain/academics/services/degree_audit
education_system/post_18/university_system/modules/domain/academics/services/evaluation	education_system/systems/university/domain/academics/services/evaluation
education_system/post_18/university_system/modules/domain/academics/services/exam_management	education_system/systems/university/domain/academics/services/exam_management
education_system/post_18/university_system/modules/domain/academics/services/library	education_system/systems/university/domain/academics/services/library
education_system/post_18/university_system/modules/domain/academics/services/lms	education_system/systems/university/domain/academics/services/lms
education_system/post_18/university_system/modules/domain/academics/services/module_scheduling	education_system/systems/university/domain/academics/services/module_scheduling
education_system/post_18/university_system/modules/domain/academics/services/office_hours	education_system/systems/university/domain/academics/services/office_hours
education_system/post_18/university_system/modules/domain/academics/services/parent_portal	education_system/systems/university/domain/academics/services/parent_portal
education_system/post_18/university_system/modules/domain/academics/services/plagiarism	education_system/systems/university/domain/academics/services/plagiarism
education_system/post_18/university_system/modules/domain/academics/services/plagiarism/cli	education_system/systems/university/interfaces/cli/academics/services/plagiarism
education_system/post_18/university_system/modules/domain/academics/services/timetable	education_system/systems/university/domain/academics/services/timetable
education_system/post_18/university_system/modules/domain/academics/services/virtual_classroom	education_system/systems/university/domain/academics/services/virtual_classroom
education_system/post_18/university_system/modules/domain/academics/study_matching	education_system/systems/university/domain/academics/study_matching
education_system/post_18/university_system/modules/domain/academics/study_matching/cli	education_system/systems/university/interfaces/cli/academics/study_matching
education_system/post_18/university_system/modules/domain/academics/study_matching/gui	education_system/systems/university/interfaces/gui/academics/study_matching
education_system/post_18/university_system/modules/domain/academics/study_matching/services	education_system/systems/university/domain/academics/study_matching/services
education_system/post_18/university_system/modules/domain/academics/study_recommendations	education_system/systems/university/domain/academics/study_recommendations
education_system/post_18/university_system/modules/domain/academics/study_recommendations/cli	education_system/systems/university/interfaces/cli/academics/study_recommendations
education_system/post_18/university_system/modules/domain/academics/study_recommendations/gui	education_system/systems/university/interfaces/gui/academics/study_recommendations
education_system/post_18/university_system/modules/domain/academics/study_recommendations/services	education_system/systems/university/domain/academics/study_recommendations/services
education_system/post_18/university_system/modules/domain/academics/tutor_groups	education_system/systems/university/domain/pastoral/tutor_groups
education_system/post_18/university_system/modules/domain/academics/tutor_groups/cli	education_system/systems/university/interfaces/cli/pastoral/tutor_groups
education_system/post_18/university_system/modules/domain/academics/tutor_groups/services	education_system/systems/university/domain/pastoral/tutor_groups/services
education_system/post_18/university_system/modules/domain/admissions	education_system/systems/university/domain/admissions
education_system/post_18/university_system/modules/domain/admissions/cli	education_system/systems/university/interfaces/cli/admissions
education_system/post_18/university_system/modules/domain/admissions/gui	education_system/systems/university/interfaces/gui/admissions
education_system/post_18/university_system/modules/domain/admissions/hesa_export	education_system/systems/university/domain/governance/compliance/hesa_export
education_system/post_18/university_system/modules/domain/admissions/hesa_export/cli	education_system/systems/university/interfaces/cli/governance/compliance/hesa_export
education_system/post_18/university_system/modules/domain/admissions/hesa_export/gui	education_system/systems/university/interfaces/gui/governance/compliance/hesa_export
education_system/post_18/university_system/modules/domain/admissions/hesa_export/services	education_system/systems/university/domain/governance/compliance/hesa_export/services
education_system/post_18/university_system/modules/domain/admissions/services	education_system/systems/university/domain/admissions/services
education_system/post_18/university_system/modules/domain/admissions/ucas	education_system/systems/university/domain/admissions/ucas
education_system/post_18/university_system/modules/domain/analytics	education_system/systems/university/domain/operations/reporting
education_system/post_18/university_system/modules/domain/analytics/institutional_analytics	education_system/systems/university/domain/operations/reporting/institutional_analytics
education_system/post_18/university_system/modules/domain/analytics/institutional_analytics/cli	education_system/systems/university/interfaces/cli/operations/reporting/institutional_analytics
education_system/post_18/university_system/modules/domain/analytics/institutional_analytics/services	education_system/systems/university/domain/operations/reporting/institutional_analytics/services
education_system/post_18/university_system/modules/domain/analytics/kpi_dashboard	education_system/systems/university/domain/operations/reporting/kpi_dashboard
education_system/post_18/university_system/modules/domain/analytics/kpi_dashboard/cli	education_system/systems/university/interfaces/cli/operations/reporting/kpi_dashboard
education_system/post_18/university_system/modules/domain/analytics/kpi_dashboard/services	education_system/systems/university/domain/operations/reporting/kpi_dashboard/services
education_system/post_18/university_system/modules/domain/campus	education_system/systems/university/domain/operations/campus
education_system/post_18/university_system/modules/domain/campus/accessibility	education_system/systems/university/domain/operations/campus/accessibility
education_system/post_18/university_system/modules/domain/campus/accessibility/cli	education_system/systems/university/interfaces/cli/operations/campus/accessibility
education_system/post_18/university_system/modules/domain/campus/accessibility/gui	education_system/systems/university/interfaces/gui/operations/campus/accessibility
education_system/post_18/university_system/modules/domain/campus/accessibility/services	education_system/systems/university/domain/operations/campus/accessibility/services
education_system/post_18/university_system/modules/domain/campus/campus_navigation	education_system/systems/university/domain/operations/campus/campus_navigation
education_system/post_18/university_system/modules/domain/campus/campus_navigation/cli	education_system/systems/university/interfaces/cli/operations/campus/campus_navigation
education_system/post_18/university_system/modules/domain/campus/campus_navigation/gui	education_system/systems/university/interfaces/gui/operations/campus/campus_navigation
education_system/post_18/university_system/modules/domain/campus/campus_navigation/gui/tabs	education_system/systems/university/interfaces/gui/operations/campus/campus_navigation/tabs
education_system/post_18/university_system/modules/domain/campus/campus_navigation/services	education_system/systems/university/domain/operations/campus/campus_navigation/services
education_system/post_18/university_system/modules/domain/campus/equipment	education_system/systems/university/domain/operations/campus/equipment
education_system/post_18/university_system/modules/domain/campus/equipment/cli	education_system/systems/university/interfaces/cli/operations/campus/equipment
education_system/post_18/university_system/modules/domain/campus/equipment/gui	education_system/systems/university/interfaces/gui/operations/campus/equipment
education_system/post_18/university_system/modules/domain/campus/equipment/services	education_system/systems/university/domain/operations/campus/equipment/services
education_system/post_18/university_system/modules/domain/campus/facilities	education_system/systems/university/domain/operations/campus/facilities
education_system/post_18/university_system/modules/domain/campus/facilities/cli	education_system/systems/university/interfaces/cli/operations/campus/facilities
education_system/post_18/university_system/modules/domain/campus/facilities/gui	education_system/systems/university/interfaces/gui/operations/campus/facilities
education_system/post_18/university_system/modules/domain/campus/facilities/services	education_system/systems/university/domain/operations/campus/facilities/services
education_system/post_18/university_system/modules/domain/campus/gui	education_system/systems/university/interfaces/gui/operations/campus
education_system/post_18/university_system/modules/domain/campus/gui/community	education_system/systems/university/interfaces/gui/operations/campus/community
education_system/post_18/university_system/modules/domain/campus/gui/security	education_system/systems/university/interfaces/gui/operations/campus/security
education_system/post_18/university_system/modules/domain/campus/gui/security/dialogs	education_system/systems/university/interfaces/gui/operations/campus/security/dialogs
education_system/post_18/university_system/modules/domain/campus/gui/security/tabs	education_system/systems/university/interfaces/gui/operations/campus/security/tabs
education_system/post_18/university_system/modules/domain/campus/housing	education_system/systems/university/domain/operations/campus/housing
education_system/post_18/university_system/modules/domain/campus/housing/gui	education_system/systems/university/interfaces/gui/operations/campus/housing
education_system/post_18/university_system/modules/domain/campus/housing/gui/housing_accommodation_gui	education_system/systems/university/interfaces/gui/operations/campus/housing/housing_accommodation_gui
education_system/post_18/university_system/modules/domain/campus/housing/services	education_system/systems/university/domain/operations/campus/housing/services
education_system/post_18/university_system/modules/domain/campus/housing/services/accommodation	education_system/systems/university/domain/operations/campus/housing/services/accommodation
education_system/post_18/university_system/modules/domain/campus/housing/services/housing_accommodation	education_system/systems/university/domain/operations/campus/housing/services/housing_accommodation
education_system/post_18/university_system/modules/domain/campus/housing/services/roommate_finder	education_system/systems/university/domain/operations/campus/housing/services/roommate_finder
education_system/post_18/university_system/modules/domain/campus/lost_found	education_system/systems/university/domain/operations/campus/lost_found
education_system/post_18/university_system/modules/domain/campus/lost_found/cli	education_system/systems/university/interfaces/cli/operations/campus/lost_found
education_system/post_18/university_system/modules/domain/campus/lost_found/gui	education_system/systems/university/interfaces/gui/operations/campus/lost_found
education_system/post_18/university_system/modules/domain/campus/lost_found/services	education_system/systems/university/domain/operations/campus/lost_found/services
education_system/post_18/university_system/modules/domain/campus/mobility	education_system/systems/university/domain/operations/campus/mobility
education_system/post_18/university_system/modules/domain/campus/mobility/gui	education_system/systems/university/interfaces/gui/operations/campus/mobility
education_system/post_18/university_system/modules/domain/campus/mobility/gui/parking_management	education_system/systems/university/interfaces/gui/operations/campus/mobility/parking_management
education_system/post_18/university_system/modules/domain/campus/mobility/gui/parking_management/dialogs	education_system/systems/university/interfaces/gui/operations/campus/mobility/parking_management/dialogs
education_system/post_18/university_system/modules/domain/campus/mobility/gui/parking_management/tabs	education_system/systems/university/interfaces/gui/operations/campus/mobility/parking_management/tabs
education_system/post_18/university_system/modules/domain/campus/mobility/gui/trip_management_gui	education_system/systems/university/interfaces/gui/operations/campus/mobility/trip_management_gui
education_system/post_18/university_system/modules/domain/campus/mobility/services	education_system/systems/university/domain/operations/campus/mobility/services
education_system/post_18/university_system/modules/domain/campus/mobility/services/parking_management	education_system/systems/university/domain/operations/campus/mobility/services/parking_management
education_system/post_18/university_system/modules/domain/campus/mobility/services/trip_management	education_system/systems/university/domain/operations/campus/mobility/services/trip_management
education_system/post_18/university_system/modules/domain/campus/printing	education_system/systems/university/domain/operations/campus/printing
education_system/post_18/university_system/modules/domain/campus/printing/cli	education_system/systems/university/interfaces/cli/operations/campus/printing
education_system/post_18/university_system/modules/domain/campus/printing/gui	education_system/systems/university/interfaces/gui/operations/campus/printing
education_system/post_18/university_system/modules/domain/campus/printing/services	education_system/systems/university/domain/operations/campus/printing/services
education_system/post_18/university_system/modules/domain/campus/room_booking	education_system/systems/university/domain/operations/campus/room_booking
education_system/post_18/university_system/modules/domain/campus/room_booking/cli	education_system/systems/university/interfaces/cli/operations/campus/room_booking
education_system/post_18/university_system/modules/domain/campus/room_booking/services	education_system/systems/university/domain/operations/campus/room_booking/services
education_system/post_18/university_system/modules/domain/campus/services	education_system/systems/university/domain/operations/campus/services
education_system/post_18/university_system/modules/domain/campus/study_rooms	education_system/systems/university/domain/operations/campus/study_rooms
education_system/post_18/university_system/modules/domain/campus/study_rooms/cli	education_system/systems/university/interfaces/cli/operations/campus/study_rooms
education_system/post_18/university_system/modules/domain/campus/study_rooms/gui	education_system/systems/university/interfaces/gui/operations/campus/study_rooms
education_system/post_18/university_system/modules/domain/campus/study_rooms/services	education_system/systems/university/domain/operations/campus/study_rooms/services
education_system/post_18/university_system/modules/domain/commerce	education_system/systems/university/domain/operations/commerce
education_system/post_18/university_system/modules/domain/commerce/bakery_shop	education_system/systems/university/domain/operations/commerce/bakery_shop
education_system/post_18/university_system/modules/domain/commerce/bakery_shop/cli	education_system/systems/university/interfaces/cli/operations/commerce/bakery_shop
education_system/post_18/university_system/modules/domain/commerce/bakery_shop/domain	education_system/systems/university/domain/operations/commerce/bakery_shop/domain
education_system/post_18/university_system/modules/domain/commerce/bakery_shop/services	education_system/systems/university/domain/operations/commerce/bakery_shop/services
education_system/post_18/university_system/modules/domain/commerce/bakery_shop/tabs_advanced	education_system/systems/university/domain/operations/commerce/bakery_shop/tabs_advanced
education_system/post_18/university_system/modules/domain/commerce/bakery_shop/tabs_main	education_system/systems/university/domain/operations/commerce/bakery_shop/tabs_main
education_system/post_18/university_system/modules/domain/commerce/bakery_shop/ui	education_system/systems/university/domain/operations/commerce/bakery_shop/ui
education_system/post_18/university_system/modules/domain/commerce/barber	education_system/systems/university/domain/operations/commerce/barber
education_system/post_18/university_system/modules/domain/commerce/barber/cli	education_system/systems/university/interfaces/cli/operations/commerce/barber
education_system/post_18/university_system/modules/domain/commerce/barber/gui	education_system/systems/university/interfaces/gui/operations/commerce/barber
education_system/post_18/university_system/modules/domain/commerce/barber/gui/features	education_system/systems/university/interfaces/gui/operations/commerce/barber/features
education_system/post_18/university_system/modules/domain/commerce/barber/gui/tabs	education_system/systems/university/interfaces/gui/operations/commerce/barber/tabs
education_system/post_18/university_system/modules/domain/commerce/barber/services	education_system/systems/university/domain/operations/commerce/barber/services
education_system/post_18/university_system/modules/domain/commerce/betting	education_system/systems/university/domain/operations/commerce/betting
education_system/post_18/university_system/modules/domain/commerce/betting/cli	education_system/systems/university/interfaces/cli/operations/commerce/betting
education_system/post_18/university_system/modules/domain/commerce/betting/gui	education_system/systems/university/interfaces/gui/operations/commerce/betting
education_system/post_18/university_system/modules/domain/commerce/betting/gui/games	education_system/systems/university/interfaces/gui/operations/commerce/betting/games
education_system/post_18/university_system/modules/domain/commerce/betting/services	education_system/systems/university/domain/operations/commerce/betting/services
education_system/post_18/university_system/modules/domain/commerce/butcher	education_system/systems/university/domain/operations/commerce/butcher
education_system/post_18/university_system/modules/domain/commerce/butcher/cli	education_system/systems/university/interfaces/cli/operations/commerce/butcher
education_system/post_18/university_system/modules/domain/commerce/butcher/gui	education_system/systems/university/interfaces/gui/operations/commerce/butcher
education_system/post_18/university_system/modules/domain/commerce/butcher/services	education_system/systems/university/domain/operations/commerce/butcher/services
education_system/post_18/university_system/modules/domain/commerce/carrental	education_system/systems/university/domain/operations/commerce/carrental
education_system/post_18/university_system/modules/domain/commerce/carrental/cli	education_system/systems/university/interfaces/cli/operations/commerce/carrental
education_system/post_18/university_system/modules/domain/commerce/carrental/gui	education_system/systems/university/interfaces/gui/operations/commerce/carrental
education_system/post_18/university_system/modules/domain/commerce/carrental/services	education_system/systems/university/domain/operations/commerce/carrental/services
education_system/post_18/university_system/modules/domain/commerce/cinema	education_system/systems/university/domain/operations/commerce/cinema
education_system/post_18/university_system/modules/domain/commerce/cinema/cli	education_system/systems/university/interfaces/cli/operations/commerce/cinema
education_system/post_18/university_system/modules/domain/commerce/cinema/gui	education_system/systems/university/interfaces/gui/operations/commerce/cinema
education_system/post_18/university_system/modules/domain/commerce/cinema/gui/cinema_gui	education_system/systems/university/interfaces/gui/operations/commerce/cinema/cinema_gui
education_system/post_18/university_system/modules/domain/commerce/cinema/gui/cinema_gui/booking	education_system/systems/university/interfaces/gui/operations/commerce/cinema/cinema_gui/booking
education_system/post_18/university_system/modules/domain/commerce/cinema/gui/cinema_gui/community	education_system/systems/university/interfaces/gui/operations/commerce/cinema/cinema_gui/community
education_system/post_18/university_system/modules/domain/commerce/cinema/gui/cinema_gui/core	education_system/systems/university/interfaces/gui/operations/commerce/cinema/cinema_gui/core
education_system/post_18/university_system/modules/domain/commerce/cinema/gui/cinema_gui/loyalty	education_system/systems/university/interfaces/gui/operations/commerce/cinema/cinema_gui/loyalty
education_system/post_18/university_system/modules/domain/commerce/cinema/gui/cinema_gui/management	education_system/systems/university/interfaces/gui/operations/commerce/cinema/cinema_gui/management
education_system/post_18/university_system/modules/domain/commerce/cinema/gui/cinema_gui/operations	education_system/systems/university/interfaces/gui/operations/commerce/cinema/cinema_gui/operations
education_system/post_18/university_system/modules/domain/commerce/cinema/gui/cinema_gui/reports	education_system/systems/university/interfaces/gui/operations/commerce/cinema/cinema_gui/reports
education_system/post_18/university_system/modules/domain/commerce/cinema/gui/cinema_gui/special_features	education_system/systems/university/interfaces/gui/operations/commerce/cinema/cinema_gui/special_features
education_system/post_18/university_system/modules/domain/commerce/cinema/services	education_system/systems/university/domain/operations/commerce/cinema/services
education_system/post_18/university_system/modules/domain/commerce/gui	education_system/systems/university/interfaces/gui/operations/commerce
education_system/post_18/university_system/modules/domain/commerce/gui/restaurant_management_gui	education_system/systems/university/interfaces/gui/operations/commerce/restaurant_management_gui
education_system/post_18/university_system/modules/domain/commerce/gui/restaurant_management_gui/core	education_system/systems/university/interfaces/gui/operations/commerce/restaurant_management_gui/core
education_system/post_18/university_system/modules/domain/commerce/gui/restaurant_management_gui/customers	education_system/systems/university/interfaces/gui/operations/commerce/restaurant_management_gui/customers
education_system/post_18/university_system/modules/domain/commerce/gui/restaurant_management_gui/inventory	education_system/systems/university/interfaces/gui/operations/commerce/restaurant_management_gui/inventory
education_system/post_18/university_system/modules/domain/commerce/gui/restaurant_management_gui/menu	education_system/systems/university/interfaces/gui/operations/commerce/restaurant_management_gui/menu
education_system/post_18/university_system/modules/domain/commerce/gui/restaurant_management_gui/orders	education_system/systems/university/interfaces/gui/operations/commerce/restaurant_management_gui/orders
education_system/post_18/university_system/modules/domain/commerce/gui/restaurant_management_gui/reports	education_system/systems/university/interfaces/gui/operations/commerce/restaurant_management_gui/reports
education_system/post_18/university_system/modules/domain/commerce/gui/restaurant_management_gui/settings	education_system/systems/university/interfaces/gui/operations/commerce/restaurant_management_gui/settings
education_system/post_18/university_system/modules/domain/commerce/gui/restaurant_management_gui/staff	education_system/systems/university/interfaces/gui/operations/commerce/restaurant_management_gui/staff
education_system/post_18/university_system/modules/domain/commerce/gui/restaurant_management_gui/tables	education_system/systems/university/interfaces/gui/operations/commerce/restaurant_management_gui/tables
education_system/post_18/university_system/modules/domain/commerce/gui/shop_management_gui	education_system/systems/university/interfaces/gui/operations/commerce/shop_management_gui
education_system/post_18/university_system/modules/domain/commerce/gym	education_system/systems/university/domain/operations/commerce/gym
education_system/post_18/university_system/modules/domain/commerce/gym/cli	education_system/systems/university/interfaces/cli/operations/commerce/gym
education_system/post_18/university_system/modules/domain/commerce/gym/gui	education_system/systems/university/interfaces/gui/operations/commerce/gym
education_system/post_18/university_system/modules/domain/commerce/gym/services	education_system/systems/university/domain/operations/commerce/gym/services
education_system/post_18/university_system/modules/domain/commerce/marketplace	education_system/systems/university/domain/operations/commerce/marketplace
education_system/post_18/university_system/modules/domain/commerce/marketplace/cli	education_system/systems/university/interfaces/cli/operations/commerce/marketplace
education_system/post_18/university_system/modules/domain/commerce/marketplace/gui	education_system/systems/university/interfaces/gui/operations/commerce/marketplace
education_system/post_18/university_system/modules/domain/commerce/marketplace/services	education_system/systems/university/domain/operations/commerce/marketplace/services
education_system/post_18/university_system/modules/domain/commerce/musicshop	education_system/systems/university/domain/operations/commerce/musicshop
education_system/post_18/university_system/modules/domain/commerce/musicshop/cli	education_system/systems/university/interfaces/cli/operations/commerce/musicshop
education_system/post_18/university_system/modules/domain/commerce/musicshop/gui	education_system/systems/university/interfaces/gui/operations/commerce/musicshop
education_system/post_18/university_system/modules/domain/commerce/musicshop/services	education_system/systems/university/domain/operations/commerce/musicshop/services
education_system/post_18/university_system/modules/domain/commerce/nailbar	education_system/systems/university/domain/operations/commerce/nailbar
education_system/post_18/university_system/modules/domain/commerce/nailbar/cli	education_system/systems/university/interfaces/cli/operations/commerce/nailbar
education_system/post_18/university_system/modules/domain/commerce/nailbar/gui	education_system/systems/university/interfaces/gui/operations/commerce/nailbar
education_system/post_18/university_system/modules/domain/commerce/nailbar/services	education_system/systems/university/domain/operations/commerce/nailbar/services
education_system/post_18/university_system/modules/domain/commerce/phoneshop	education_system/systems/university/domain/operations/commerce/phoneshop
education_system/post_18/university_system/modules/domain/commerce/phoneshop/cli	education_system/systems/university/interfaces/cli/operations/commerce/phoneshop
education_system/post_18/university_system/modules/domain/commerce/phoneshop/gui	education_system/systems/university/interfaces/gui/operations/commerce/phoneshop
education_system/post_18/university_system/modules/domain/commerce/phoneshop/services	education_system/systems/university/domain/operations/commerce/phoneshop/services
education_system/post_18/university_system/modules/domain/commerce/services	education_system/systems/university/domain/operations/commerce/services
education_system/post_18/university_system/modules/domain/commerce/services/grocery	education_system/systems/university/domain/operations/commerce/services/grocery
education_system/post_18/university_system/modules/domain/commerce/services/restaurant	education_system/systems/university/domain/operations/commerce/services/restaurant
education_system/post_18/university_system/modules/domain/commerce/services/restaurant/customer	education_system/systems/university/domain/operations/commerce/services/restaurant/customer
education_system/post_18/university_system/modules/domain/commerce/services/restaurant/menu	education_system/systems/university/domain/operations/commerce/services/restaurant/menu
education_system/post_18/university_system/modules/domain/commerce/services/restaurant/operations	education_system/systems/university/domain/operations/commerce/services/restaurant/operations
education_system/post_18/university_system/modules/domain/commerce/services/restaurant/staff	education_system/systems/university/domain/operations/commerce/services/restaurant/staff
education_system/post_18/university_system/modules/domain/commerce/services/shop_management	education_system/systems/university/domain/operations/commerce/services/shop_management
education_system/post_18/university_system/modules/domain/commerce/services/takeaway	education_system/systems/university/domain/operations/commerce/services/takeaway
education_system/post_18/university_system/modules/domain/commerce/textbooks	education_system/systems/university/domain/operations/commerce/textbooks
education_system/post_18/university_system/modules/domain/commerce/textbooks/cli	education_system/systems/university/interfaces/cli/operations/commerce/textbooks
education_system/post_18/university_system/modules/domain/commerce/textbooks/gui	education_system/systems/university/interfaces/gui/operations/commerce/textbooks
education_system/post_18/university_system/modules/domain/commerce/textbooks/services	education_system/systems/university/domain/operations/commerce/textbooks/services
education_system/post_18/university_system/modules/domain/finance	education_system/systems/university/domain/finance
education_system/post_18/university_system/modules/domain/finance/bank_rec	education_system/systems/university/domain/finance/bank_rec
education_system/post_18/university_system/modules/domain/finance/bank_rec/cli	education_system/systems/university/interfaces/cli/finance/bank_rec
education_system/post_18/university_system/modules/domain/finance/billing	education_system/systems/university/domain/finance/billing
education_system/post_18/university_system/modules/domain/finance/blockchain	education_system/systems/university/domain/finance/blockchain
education_system/post_18/university_system/modules/domain/finance/blockchain/cli	education_system/systems/university/interfaces/cli/finance/blockchain
education_system/post_18/university_system/modules/domain/finance/blockchain/services	education_system/systems/university/domain/finance/blockchain/services
education_system/post_18/university_system/modules/domain/finance/budget	education_system/systems/university/domain/finance/budget
education_system/post_18/university_system/modules/domain/finance/budget/cli	education_system/systems/university/interfaces/cli/finance/budget
education_system/post_18/university_system/modules/domain/finance/budget/gui	education_system/systems/university/interfaces/gui/finance/budget
education_system/post_18/university_system/modules/domain/finance/budget/services	education_system/systems/university/domain/finance/budget/services
education_system/post_18/university_system/modules/domain/finance/bursary	education_system/systems/university/domain/finance/bursary
education_system/post_18/university_system/modules/domain/finance/bursary/cli	education_system/systems/university/interfaces/cli/finance/bursary
education_system/post_18/university_system/modules/domain/finance/bursary/services	education_system/systems/university/domain/finance/bursary/services
education_system/post_18/university_system/modules/domain/finance/core	education_system/systems/university/domain/finance/core
education_system/post_18/university_system/modules/domain/finance/gui	education_system/systems/university/interfaces/gui/finance
education_system/post_18/university_system/modules/domain/finance/gui/finance	education_system/systems/university/interfaces/gui/finance/finance
education_system/post_18/university_system/modules/domain/finance/gui/finance/budget_manager	education_system/systems/university/interfaces/gui/finance/finance/budget_manager
education_system/post_18/university_system/modules/domain/finance/gui/finance/expense_manager	education_system/systems/university/interfaces/gui/finance/finance/expense_manager
education_system/post_18/university_system/modules/domain/finance/gui/finance/layout	education_system/systems/university/interfaces/gui/finance/finance/layout
education_system/post_18/university_system/modules/domain/finance/gui/finance/settings	education_system/systems/university/interfaces/gui/finance/finance/settings
education_system/post_18/university_system/modules/domain/finance/gui/finance/transaction_manager	education_system/systems/university/interfaces/gui/finance/finance/transaction_manager
education_system/post_18/university_system/modules/domain/finance/gui/finance_reporting	education_system/systems/university/interfaces/gui/finance/finance_reporting
education_system/post_18/university_system/modules/domain/finance/gui/finance_reporting/archive_backup	education_system/systems/university/interfaces/gui/finance/finance_reporting/archive_backup
education_system/post_18/university_system/modules/domain/finance/gui/financial_aid	education_system/systems/university/interfaces/gui/finance/financial_aid
education_system/post_18/university_system/modules/domain/finance/gui/financial_aid/admin_portal	education_system/systems/university/interfaces/gui/finance/financial_aid/admin_portal
education_system/post_18/university_system/modules/domain/finance/gui/financial_aid/student_portal	education_system/systems/university/interfaces/gui/finance/financial_aid/student_portal
education_system/post_18/university_system/modules/domain/finance/ledger	education_system/systems/university/domain/finance/ledger
education_system/post_18/university_system/modules/domain/finance/ledger/cli	education_system/systems/university/interfaces/cli/finance/ledger
education_system/post_18/university_system/modules/domain/finance/reporting	education_system/systems/university/domain/finance/reporting
education_system/post_18/university_system/modules/domain/finance/reporting/financial_reports	education_system/systems/university/domain/finance/reporting/financial_reports
education_system/post_18/university_system/modules/domain/finance/reporting/revenue_analytics	education_system/systems/university/domain/finance/reporting/revenue_analytics
education_system/post_18/university_system/modules/domain/finance/scholarship_finder	education_system/systems/university/domain/finance/scholarship_finder
education_system/post_18/university_system/modules/domain/finance/scholarship_finder/cli	education_system/systems/university/interfaces/cli/finance/scholarship_finder
education_system/post_18/university_system/modules/domain/finance/scholarship_finder/gui	education_system/systems/university/interfaces/gui/finance/scholarship_finder
education_system/post_18/university_system/modules/domain/finance/scholarship_finder/services	education_system/systems/university/domain/finance/scholarship_finder/services
education_system/post_18/university_system/modules/domain/finance/scholarships	education_system/systems/university/domain/finance/scholarships
education_system/post_18/university_system/modules/domain/finance/services	education_system/systems/university/domain/finance/services
education_system/post_18/university_system/modules/domain/finance/services/financial_aid	education_system/systems/university/domain/finance/services/financial_aid
education_system/post_18/university_system/modules/domain/finance/statements	education_system/systems/university/domain/finance/statements
education_system/post_18/university_system/modules/domain/finance/statements/cli	education_system/systems/university/interfaces/cli/finance/statements
education_system/post_18/university_system/modules/domain/health	education_system/systems/university/domain/pastoral/health
education_system/post_18/university_system/modules/domain/health/appointments	education_system/systems/university/domain/pastoral/health/appointments
education_system/post_18/university_system/modules/domain/health/dentist	education_system/systems/university/domain/pastoral/health/dentist
education_system/post_18/university_system/modules/domain/health/dentist/cli	education_system/systems/university/interfaces/cli/pastoral/health/dentist
education_system/post_18/university_system/modules/domain/health/dentist/services	education_system/systems/university/domain/pastoral/health/dentist/services
education_system/post_18/university_system/modules/domain/health/first_aid	education_system/systems/university/domain/pastoral/health/first_aid
education_system/post_18/university_system/modules/domain/health/first_aid/cli	education_system/systems/university/interfaces/cli/pastoral/health/first_aid
education_system/post_18/university_system/modules/domain/health/gui	education_system/systems/university/interfaces/gui/pastoral/health
education_system/post_18/university_system/modules/domain/health/gui/health_portal	education_system/systems/university/interfaces/gui/pastoral/health/health_portal
education_system/post_18/university_system/modules/domain/health/gui/health_portal/reports	education_system/systems/university/interfaces/gui/pastoral/health/health_portal/reports
education_system/post_18/university_system/modules/domain/health/gui/medical_accommodation	education_system/systems/university/interfaces/gui/pastoral/health/medical_accommodation
education_system/post_18/university_system/modules/domain/health/gui/medical_accommodation/dialogs	education_system/systems/university/interfaces/gui/pastoral/health/medical_accommodation/dialogs
education_system/post_18/university_system/modules/domain/health/health_safety	education_system/systems/university/domain/governance/health_safety
education_system/post_18/university_system/modules/domain/health/health_safety/cli	education_system/systems/university/interfaces/cli/governance/health_safety
education_system/post_18/university_system/modules/domain/health/portal	education_system/systems/university/domain/pastoral/health/portal
education_system/post_18/university_system/modules/domain/health/records	education_system/systems/university/domain/pastoral/health/records
education_system/post_18/university_system/modules/domain/health/records/admin	education_system/systems/university/domain/pastoral/health/records/admin
education_system/post_18/university_system/modules/domain/health/records/analytics	education_system/systems/university/domain/pastoral/health/records/analytics
education_system/post_18/university_system/modules/domain/health/records/clinical	education_system/systems/university/domain/pastoral/health/records/clinical
education_system/post_18/university_system/modules/domain/health/records/db	education_system/systems/university/domain/pastoral/health/records/db
education_system/post_18/university_system/modules/domain/health/records/records	education_system/systems/university/domain/pastoral/health/records/records
education_system/post_18/university_system/modules/domain/health/records/referrals	education_system/systems/university/domain/pastoral/health/records/referrals
education_system/post_18/university_system/modules/domain/health/records/screening	education_system/systems/university/domain/pastoral/health/records/screening
education_system/post_18/university_system/modules/domain/health/records/student	education_system/systems/university/domain/pastoral/health/records/student
education_system/post_18/university_system/modules/domain/health/records/vaccinations	education_system/systems/university/domain/pastoral/health/records/vaccinations
education_system/post_18/university_system/modules/domain/health/records/wellness	education_system/systems/university/domain/pastoral/health/records/wellness
education_system/post_18/university_system/modules/domain/health/services	education_system/systems/university/domain/pastoral/health/services
education_system/post_18/university_system/modules/domain/operations	education_system/systems/university/domain/operations
education_system/post_18/university_system/modules/domain/operations/communications	education_system/systems/university/domain/operations/communications
education_system/post_18/university_system/modules/domain/operations/communications/feedback	education_system/systems/university/domain/operations/communications/feedback
education_system/post_18/university_system/modules/domain/operations/communications/feedback/cli	education_system/systems/university/interfaces/cli/operations/communications/feedback
education_system/post_18/university_system/modules/domain/operations/communications/feedback/gui	education_system/systems/university/interfaces/gui/operations/communications/feedback
education_system/post_18/university_system/modules/domain/operations/communications/feedback/services	education_system/systems/university/domain/operations/communications/feedback/services
education_system/post_18/university_system/modules/domain/operations/communications/mail	education_system/systems/university/domain/operations/communications/mail
education_system/post_18/university_system/modules/domain/operations/communications/mail/cli	education_system/systems/university/interfaces/cli/operations/communications/mail
education_system/post_18/university_system/modules/domain/operations/communications/mail/gui	education_system/systems/university/interfaces/gui/operations/communications/mail
education_system/post_18/university_system/modules/domain/operations/communications/mail/services	education_system/systems/university/domain/operations/communications/mail/services
education_system/post_18/university_system/modules/domain/operations/communications/notifications	education_system/systems/university/domain/operations/communications/notifications
education_system/post_18/university_system/modules/domain/operations/communications/notifications/gui	education_system/systems/university/interfaces/gui/operations/communications/notifications
education_system/post_18/university_system/modules/domain/operations/legal	education_system/systems/university/domain/governance/legal
education_system/post_18/university_system/modules/domain/operations/legal/cli	education_system/systems/university/interfaces/cli/governance/legal
education_system/post_18/university_system/modules/domain/operations/legal/disciplinary	education_system/systems/university/domain/governance/legal/disciplinary
education_system/post_18/university_system/modules/domain/operations/legal/disciplinary/cli	education_system/systems/university/interfaces/cli/governance/legal/disciplinary
education_system/post_18/university_system/modules/domain/operations/legal/disciplinary/fitness_to_practise	education_system/systems/university/domain/governance/legal/disciplinary/fitness_to_practise
education_system/post_18/university_system/modules/domain/operations/legal/disciplinary/fitness_to_practise/cli	education_system/systems/university/interfaces/cli/governance/legal/disciplinary/fitness_to_practise
education_system/post_18/university_system/modules/domain/operations/legal/disciplinary/fitness_to_practise/gui	education_system/systems/university/interfaces/gui/governance/legal/disciplinary/fitness_to_practise
education_system/post_18/university_system/modules/domain/operations/legal/disciplinary/fitness_to_practise/services	education_system/systems/university/domain/governance/legal/disciplinary/fitness_to_practise/services
education_system/post_18/university_system/modules/domain/operations/legal/gui	education_system/systems/university/interfaces/gui/governance/legal
education_system/post_18/university_system/modules/domain/operations/legal/information_rights	education_system/systems/university/domain/governance/legal/information_rights
education_system/post_18/university_system/modules/domain/operations/legal/information_rights/cli	education_system/systems/university/interfaces/cli/governance/legal/information_rights
education_system/post_18/university_system/modules/domain/operations/legal/information_rights/gui	education_system/systems/university/interfaces/gui/governance/legal/information_rights
education_system/post_18/university_system/modules/domain/operations/legal/information_rights/services	education_system/systems/university/domain/governance/legal/information_rights/services
education_system/post_18/university_system/modules/domain/operations/legal/risk_management	education_system/systems/university/domain/governance/legal/risk_management
education_system/post_18/university_system/modules/domain/operations/legal/risk_management/cli	education_system/systems/university/interfaces/cli/governance/legal/risk_management
education_system/post_18/university_system/modules/domain/operations/legal/services	education_system/systems/university/domain/governance/legal/services
education_system/post_18/university_system/modules/domain/operations/staff_hr	education_system/systems/university/domain/staff/staff_hr
education_system/post_18/university_system/modules/domain/operations/staff_hr/background_checks	education_system/systems/university/domain/staff/staff_hr/background_checks
education_system/post_18/university_system/modules/domain/operations/staff_hr/cli	education_system/systems/university/interfaces/cli/staff/staff_hr
education_system/post_18/university_system/modules/domain/operations/staff_hr/cli/menus	education_system/systems/university/interfaces/cli/staff/staff_hr/menus
education_system/post_18/university_system/modules/domain/operations/staff_hr/gui	education_system/systems/university/interfaces/gui/staff/staff_hr
education_system/post_18/university_system/modules/domain/operations/staff_hr/services	education_system/systems/university/domain/staff/staff_hr/services
education_system/post_18/university_system/modules/domain/operations/staff_hr/services/managers	education_system/systems/university/domain/staff/staff_hr/services/managers
education_system/post_18/university_system/modules/domain/student_affairs	education_system/systems/university/domain/pastoral
education_system/post_18/university_system/modules/domain/student_affairs/achievement_badges	education_system/systems/university/domain/pastoral/achievement_badges
education_system/post_18/university_system/modules/domain/student_affairs/achievement_badges/cli	education_system/systems/university/interfaces/cli/pastoral/achievement_badges
education_system/post_18/university_system/modules/domain/student_affairs/achievement_badges/gui	education_system/systems/university/interfaces/gui/pastoral/achievement_badges
education_system/post_18/university_system/modules/domain/student_affairs/achievement_badges/services	education_system/systems/university/domain/pastoral/achievement_badges/services
education_system/post_18/university_system/modules/domain/student_affairs/employer_portal	education_system/systems/university/domain/progression/employer_portal
education_system/post_18/university_system/modules/domain/student_affairs/employer_portal/cli	education_system/systems/university/interfaces/cli/progression/employer_portal
education_system/post_18/university_system/modules/domain/student_affairs/employer_portal/gui	education_system/systems/university/interfaces/gui/progression/employer_portal
education_system/post_18/university_system/modules/domain/student_affairs/employer_portal/services	education_system/systems/university/domain/progression/employer_portal/services
education_system/post_18/university_system/modules/domain/student_affairs/equality_diversity	education_system/systems/university/domain/pastoral/equality_diversity
education_system/post_18/university_system/modules/domain/student_affairs/equality_diversity/cli	education_system/systems/university/interfaces/cli/pastoral/equality_diversity
education_system/post_18/university_system/modules/domain/student_affairs/equality_diversity/gui	education_system/systems/university/interfaces/gui/pastoral/equality_diversity
education_system/post_18/university_system/modules/domain/student_affairs/equality_diversity/gui/mixins	education_system/systems/university/interfaces/gui/pastoral/equality_diversity/mixins
education_system/post_18/university_system/modules/domain/student_affairs/events	education_system/systems/university/domain/pastoral/student_life/events
education_system/post_18/university_system/modules/domain/student_affairs/events/cli	education_system/systems/university/interfaces/cli/pastoral/student_life/events
education_system/post_18/university_system/modules/domain/student_affairs/events/gui	education_system/systems/university/interfaces/gui/pastoral/student_life/events
education_system/post_18/university_system/modules/domain/student_affairs/events/services	education_system/systems/university/domain/pastoral/student_life/events/services
education_system/post_18/university_system/modules/domain/student_affairs/gui	education_system/systems/university/interfaces/gui/pastoral
education_system/post_18/university_system/modules/domain/student_affairs/gui/account_security	education_system/systems/university/interfaces/gui/pastoral/account_security
education_system/post_18/university_system/modules/domain/student_affairs/gui/alumni	education_system/systems/university/interfaces/gui/learners/alumni
education_system/post_18/university_system/modules/domain/student_affairs/gui/career_services	education_system/systems/university/interfaces/gui/pastoral/career_services
education_system/post_18/university_system/modules/domain/student_affairs/gui/document_center	education_system/systems/university/interfaces/gui/pastoral/document_center
education_system/post_18/university_system/modules/domain/student_affairs/gui/helpdesk	education_system/systems/university/interfaces/gui/pastoral/helpdesk
education_system/post_18/university_system/modules/domain/student_affairs/gui/internship_management	education_system/systems/university/interfaces/gui/pastoral/internship_management
education_system/post_18/university_system/modules/domain/student_affairs/gui/notification_prefs	education_system/systems/university/interfaces/gui/pastoral/notification_prefs
education_system/post_18/university_system/modules/domain/student_affairs/gui/student_profile	education_system/systems/university/interfaces/gui/pastoral/student_profile
education_system/post_18/university_system/modules/domain/student_affairs/gui/student_support	education_system/systems/university/interfaces/gui/pastoral/student_support
education_system/post_18/university_system/modules/domain/student_affairs/gui/student_union_gui	education_system/systems/university/interfaces/gui/pastoral/student_union_gui
education_system/post_18/university_system/modules/domain/student_affairs/gui/student_union_gui/academic	education_system/systems/university/interfaces/gui/pastoral/student_union_gui/academic
education_system/post_18/university_system/modules/domain/student_affairs/gui/student_union_gui/admin	education_system/systems/university/interfaces/gui/pastoral/student_union_gui/admin
education_system/post_18/university_system/modules/domain/student_affairs/gui/student_union_gui/analytics	education_system/systems/university/interfaces/gui/pastoral/student_union_gui/analytics
education_system/post_18/university_system/modules/domain/student_affairs/gui/student_union_gui/book_clubs	education_system/systems/university/interfaces/gui/pastoral/student_union_gui/book_clubs
education_system/post_18/university_system/modules/domain/student_affairs/gui/student_union_gui/clubs	education_system/systems/university/interfaces/gui/pastoral/student_union_gui/clubs
education_system/post_18/university_system/modules/domain/student_affairs/gui/student_union_gui/competitions	education_system/systems/university/interfaces/gui/pastoral/student_union_gui/competitions
education_system/post_18/university_system/modules/domain/student_affairs/gui/student_union_gui/conferences	education_system/systems/university/interfaces/gui/pastoral/student_union_gui/conferences
education_system/post_18/university_system/modules/domain/student_affairs/gui/student_union_gui/core	education_system/systems/university/interfaces/gui/pastoral/student_union_gui/core
education_system/post_18/university_system/modules/domain/student_affairs/gui/student_union_gui/elections	education_system/systems/university/interfaces/gui/pastoral/student_union_gui/elections
education_system/post_18/university_system/modules/domain/student_affairs/gui/student_union_gui/email	education_system/systems/university/interfaces/gui/pastoral/student_union_gui/email
education_system/post_18/university_system/modules/domain/student_affairs/gui/student_union_gui/equipment	education_system/systems/university/interfaces/gui/pastoral/student_union_gui/equipment
education_system/post_18/university_system/modules/domain/student_affairs/gui/student_union_gui/events	education_system/systems/university/interfaces/gui/pastoral/student_union_gui/events
education_system/post_18/university_system/modules/domain/student_affairs/gui/student_union_gui/facilities	education_system/systems/university/interfaces/gui/pastoral/student_union_gui/facilities
education_system/post_18/university_system/modules/domain/student_affairs/gui/student_union_gui/finance	education_system/systems/university/interfaces/gui/pastoral/student_union_gui/finance
education_system/post_18/university_system/modules/domain/student_affairs/gui/student_union_gui/gamification	education_system/systems/university/interfaces/gui/pastoral/student_union_gui/gamification
education_system/post_18/university_system/modules/domain/student_affairs/gui/student_union_gui/green	education_system/systems/university/interfaces/gui/pastoral/student_union_gui/green
education_system/post_18/university_system/modules/domain/student_affairs/gui/student_union_gui/integrations	education_system/systems/university/interfaces/gui/pastoral/student_union_gui/integrations
education_system/post_18/university_system/modules/domain/student_affairs/gui/student_union_gui/knowledge	education_system/systems/university/interfaces/gui/pastoral/student_union_gui/knowledge
education_system/post_18/university_system/modules/domain/student_affairs/gui/student_union_gui/mentorship	education_system/systems/university/interfaces/gui/pastoral/student_union_gui/mentorship
education_system/post_18/university_system/modules/domain/student_affairs/gui/student_union_gui/payments	education_system/systems/university/interfaces/gui/pastoral/student_union_gui/payments
education_system/post_18/university_system/modules/domain/student_affairs/gui/student_union_gui/streaming	education_system/systems/university/interfaces/gui/pastoral/student_union_gui/streaming
education_system/post_18/university_system/modules/domain/student_affairs/gui/student_union_gui/support	education_system/systems/university/interfaces/gui/pastoral/student_union_gui/support
education_system/post_18/university_system/modules/domain/student_affairs/gui/student_union_gui/trips	education_system/systems/university/interfaces/gui/pastoral/student_union_gui/trips
education_system/post_18/university_system/modules/domain/student_affairs/gui/student_union_gui/volunteer	education_system/systems/university/interfaces/gui/pastoral/student_union_gui/volunteer
education_system/post_18/university_system/modules/domain/student_affairs/international_compliance	education_system/systems/university/domain/governance/compliance/international_compliance
education_system/post_18/university_system/modules/domain/student_affairs/international_compliance/cli	education_system/systems/university/interfaces/cli/governance/compliance/international_compliance
education_system/post_18/university_system/modules/domain/student_affairs/international_compliance/gui	education_system/systems/university/interfaces/gui/governance/compliance/international_compliance
education_system/post_18/university_system/modules/domain/student_affairs/international_compliance/services	education_system/systems/university/domain/governance/compliance/international_compliance/services
education_system/post_18/university_system/modules/domain/student_affairs/portfolio	education_system/systems/university/domain/progression/portfolio
education_system/post_18/university_system/modules/domain/student_affairs/portfolio/cli	education_system/systems/university/interfaces/cli/progression/portfolio
education_system/post_18/university_system/modules/domain/student_affairs/portfolio/gui	education_system/systems/university/interfaces/gui/progression/portfolio
education_system/post_18/university_system/modules/domain/student_affairs/portfolio/services	education_system/systems/university/domain/progression/portfolio/services
education_system/post_18/university_system/modules/domain/student_affairs/safeguarding	education_system/systems/university/domain/safeguarding
education_system/post_18/university_system/modules/domain/student_affairs/safeguarding/.safeguard.key	@var/secrets
education_system/post_18/university_system/modules/domain/student_affairs/safeguarding/cli	education_system/systems/university/interfaces/cli/safeguarding
education_system/post_18/university_system/modules/domain/student_affairs/safeguarding/gui	education_system/systems/university/interfaces/gui/safeguarding
education_system/post_18/university_system/modules/domain/student_affairs/safeguarding/secure_uploads	@var/data/university/secure_uploads
education_system/post_18/university_system/modules/domain/student_affairs/safeguarding/services	education_system/systems/university/domain/safeguarding/services
education_system/post_18/university_system/modules/domain/student_affairs/services	education_system/systems/university/domain/pastoral/services
education_system/post_18/university_system/modules/domain/student_affairs/services/alumni_management	education_system/systems/university/domain/learners/alumni
education_system/post_18/university_system/modules/domain/student_affairs/services/career_services	education_system/systems/university/domain/pastoral/services/career_services
education_system/post_18/university_system/modules/domain/student_affairs/services/early_warning	education_system/systems/university/domain/pastoral/services/early_warning
education_system/post_18/university_system/modules/domain/student_affairs/services/early_warning/outcomes	education_system/systems/university/domain/pastoral/services/early_warning/outcomes
education_system/post_18/university_system/modules/domain/student_affairs/services/helpdesk	education_system/systems/university/domain/pastoral/services/helpdesk
education_system/post_18/university_system/modules/domain/student_affairs/services/helpdesk/admin	education_system/systems/university/domain/pastoral/services/helpdesk/admin
education_system/post_18/university_system/modules/domain/student_affairs/services/helpdesk/analytics	education_system/systems/university/domain/pastoral/services/helpdesk/analytics
education_system/post_18/university_system/modules/domain/student_affairs/services/helpdesk/tickets	education_system/systems/university/domain/pastoral/services/helpdesk/tickets
education_system/post_18/university_system/modules/domain/student_affairs/services/mental_health	education_system/systems/university/domain/pastoral/services/mental_health
education_system/post_18/university_system/modules/domain/student_affairs/services/student_support	education_system/systems/university/domain/pastoral/services/student_support
education_system/post_18/university_system/modules/domain/student_affairs/services/student_support/automation	education_system/systems/university/domain/pastoral/services/student_support/automation
education_system/post_18/university_system/modules/domain/student_affairs/services/student_support/core	education_system/systems/university/domain/pastoral/services/student_support/core
education_system/post_18/university_system/modules/domain/student_affairs/services/student_support/features	education_system/systems/university/domain/pastoral/services/student_support/features
education_system/post_18/university_system/modules/domain/student_affairs/services/student_support/operations	education_system/systems/university/domain/pastoral/services/student_support/operations
education_system/post_18/university_system/modules/domain/student_affairs/services/student_support/utils	education_system/systems/university/domain/pastoral/services/student_support/utils
education_system/post_18/university_system/modules/domain/student_affairs/social_matching	education_system/systems/university/domain/pastoral/social_matching
education_system/post_18/university_system/modules/domain/student_affairs/social_matching/cli	education_system/systems/university/interfaces/cli/pastoral/social_matching
education_system/post_18/university_system/modules/domain/student_affairs/social_matching/database	education_system/systems/university/domain/pastoral/social_matching/database
education_system/post_18/university_system/modules/domain/student_affairs/social_matching/gui	education_system/systems/university/interfaces/gui/pastoral/social_matching
education_system/post_18/university_system/modules/domain/student_affairs/social_matching/services	education_system/systems/university/domain/pastoral/social_matching/services
education_system/post_18/university_system/modules/domain/student_affairs/student_app	education_system/systems/university/domain/pastoral/student_app
education_system/post_18/university_system/modules/domain/student_affairs/student_app/cli	education_system/systems/university/interfaces/cli/pastoral/student_app
education_system/post_18/university_system/modules/domain/student_affairs/student_app/documentation	education_system/systems/university/domain/pastoral/student_app/documentation
education_system/post_18/university_system/modules/domain/student_affairs/student_app/documentation/cli	education_system/systems/university/interfaces/cli/pastoral/student_app/documentation
education_system/post_18/university_system/modules/domain/student_affairs/student_app/documentation/gui	education_system/systems/university/interfaces/gui/pastoral/student_app/documentation
education_system/post_18/university_system/modules/domain/student_affairs/student_app/documentation/services	education_system/systems/university/domain/pastoral/student_app/documentation/services
education_system/post_18/university_system/modules/domain/student_affairs/student_app/gui	education_system/systems/university/interfaces/gui/pastoral/student_app
education_system/post_18/university_system/modules/domain/student_affairs/student_app/services	education_system/systems/university/domain/pastoral/student_app/services
education_system/post_18/university_system/modules/domain/student_affairs/student_id	education_system/systems/university/domain/learners/student_id
education_system/post_18/university_system/modules/domain/student_affairs/student_id/cli	education_system/systems/university/interfaces/cli/learners/student_id
education_system/post_18/university_system/modules/domain/student_affairs/student_id/gui	education_system/systems/university/interfaces/gui/learners/student_id
education_system/post_18/university_system/modules/domain/student_affairs/student_id/services	education_system/systems/university/domain/learners/student_id/services
education_system/post_18/university_system/modules/domain/student_affairs/student_jobs	education_system/systems/university/domain/pastoral/student_jobs
education_system/post_18/university_system/modules/domain/student_affairs/student_jobs/cli	education_system/systems/university/interfaces/cli/pastoral/student_jobs
education_system/post_18/university_system/modules/domain/student_affairs/student_jobs/gui	education_system/systems/university/interfaces/gui/pastoral/student_jobs
education_system/post_18/university_system/modules/domain/student_affairs/student_jobs/services	education_system/systems/university/domain/pastoral/student_jobs/services
education_system/post_18/university_system/modules/domain/student_affairs/student_union	education_system/systems/university/domain/pastoral/student_life/student_union
education_system/post_18/university_system/modules/domain/student_affairs/student_union/administration	education_system/systems/university/domain/pastoral/student_life/student_union/administration
education_system/post_18/university_system/modules/domain/student_affairs/student_union/clubs	education_system/systems/university/domain/pastoral/student_life/student_union/clubs
education_system/post_18/university_system/modules/domain/student_affairs/student_union/clubs/club_management	education_system/systems/university/domain/pastoral/student_life/student_union/clubs/club_management
education_system/post_18/university_system/modules/domain/student_affairs/student_union/elections	education_system/systems/university/domain/pastoral/student_life/student_union/elections
education_system/post_18/university_system/modules/domain/student_affairs/student_union/events	education_system/systems/university/domain/pastoral/student_life/student_union/events
education_system/post_18/university_system/modules/domain/student_affairs/student_union/facilities	education_system/systems/university/domain/pastoral/student_life/student_union/facilities
education_system/post_18/university_system/modules/domain/student_affairs/student_union/services	education_system/systems/university/domain/pastoral/student_life/student_union/services
education_system/post_18/university_system/modules/domain/student_affairs/student_union/services/mentoring_matching	education_system/systems/university/domain/pastoral/student_life/student_union/services/mentoring_matching
education_system/post_18/university_system/modules/domain/student_affairs/student_union/services/mentoring_matching/cli	education_system/systems/university/interfaces/cli/pastoral/student_life/student_union/services/mentoring_matching
education_system/post_18/university_system/modules/domain/student_affairs/student_wellbeing	education_system/systems/university/domain/pastoral/wellbeing/student_wellbeing
education_system/post_18/university_system/modules/domain/student_affairs/student_wellbeing/cli	education_system/systems/university/interfaces/cli/pastoral/wellbeing/student_wellbeing
education_system/post_18/university_system/modules/domain/student_affairs/student_wellbeing/gui	education_system/systems/university/interfaces/gui/pastoral/wellbeing/student_wellbeing
education_system/post_18/university_system/modules/domain/student_affairs/student_wellbeing/services	education_system/systems/university/domain/pastoral/wellbeing/student_wellbeing/services
education_system/post_18/university_system/modules/domain/student_affairs/wellness	education_system/systems/university/domain/pastoral/wellbeing/wellness
education_system/post_18/university_system/modules/domain/student_affairs/wellness/cli	education_system/systems/university/interfaces/cli/pastoral/wellbeing/wellness
education_system/post_18/university_system/modules/domain/student_affairs/wellness/gui	education_system/systems/university/interfaces/gui/pastoral/wellbeing/wellness
education_system/post_18/university_system/modules/domain/student_affairs/wellness/services	education_system/systems/university/domain/pastoral/wellbeing/wellness/services
education_system/post_18/university_system/modules/scripts	@tools/university
education_system/post_18/university_system/modules/services	education_system/systems/university/services/bus
education_system/post_18/university_system/modules/services/cli	education_system/systems/university/interfaces/cli/shell/services
education_system/post_18/university_system/modules/services/cli/betting_shop_cli	education_system/systems/university/interfaces/cli/shell/services/betting_shop_cli
education_system/post_18/university_system/modules/services/cli/charity_shop_cli	education_system/systems/university/interfaces/cli/shell/services/charity_shop_cli
education_system/post_18/university_system/modules/services/cli/cinema_cli	education_system/systems/university/interfaces/cli/shell/services/cinema_cli
education_system/post_18/university_system/modules/services/cli/cinema_cli/admin	education_system/systems/university/interfaces/cli/shell/services/cinema_cli/admin
education_system/post_18/university_system/modules/services/gui	education_system/systems/university/interfaces/gui/shell/services
education_system/post_18/university_system/modules/services/gui/charity_shop_gui	education_system/systems/university/interfaces/gui/shell/services/charity_shop_gui
education_system/post_18/university_system/modules/services/gui/integration_marketplace_gui	education_system/systems/university/interfaces/gui/shell/services/integration_marketplace_gui
education_system/post_18/university_system/modules/shared	education_system/systems/university/services
education_system/post_18/university_system/modules/shared/cli	education_system/systems/university/interfaces/cli/shell
education_system/post_18/university_system/modules/shared/config	education_system/systems/university/infrastructure/config
education_system/post_18/university_system/modules/shared/config/templates	education_system/systems/university/infrastructure/config/templates
education_system/post_18/university_system/modules/shared/constants	education_system/systems/university/infrastructure/config
education_system/post_18/university_system/modules/shared/gui	education_system/systems/university/interfaces/gui/shell
education_system/post_18/university_system/modules/shared/gui/admin	education_system/systems/university/interfaces/gui/shell/admin
education_system/post_18/university_system/modules/shared/gui/advanced_search	education_system/systems/university/interfaces/gui/shell/advanced_search
education_system/post_18/university_system/modules/shared/gui/auth	education_system/systems/university/interfaces/gui/shell/auth
education_system/post_18/university_system/modules/shared/gui/batch_operations	education_system/systems/university/interfaces/gui/shell/batch_operations
education_system/post_18/university_system/modules/shared/gui/batch_operations/mixins	education_system/systems/university/interfaces/gui/shell/batch_operations/mixins
education_system/post_18/university_system/modules/shared/gui/database	education_system/systems/university/interfaces/gui/shell/database
education_system/post_18/university_system/modules/shared/gui/database/dialogs	education_system/systems/university/interfaces/gui/shell/database/dialogs
education_system/post_18/university_system/modules/shared/gui/database/operations	education_system/systems/university/interfaces/gui/shell/database/operations
education_system/post_18/university_system/modules/shared/gui/database/scheduling	education_system/systems/university/interfaces/gui/shell/database/scheduling
education_system/post_18/university_system/modules/shared/gui/document_manager_gui	education_system/systems/university/interfaces/gui/shell/document_manager
education_system/post_18/university_system/modules/shared/gui/email	education_system/systems/university/interfaces/gui/shell/email
education_system/post_18/university_system/modules/shared/gui/email/email_gui	education_system/systems/university/interfaces/gui/shell/email/email_gui
education_system/post_18/university_system/modules/shared/gui/email/email_gui/chat_dialogs	education_system/systems/university/interfaces/gui/shell/email/email_gui/chat_dialogs
education_system/post_18/university_system/modules/shared/gui/enhanced_reporting	education_system/systems/university/interfaces/gui/shell/enhanced_reporting
education_system/post_18/university_system/modules/shared/gui/enhanced_reporting/dialogs	education_system/systems/university/interfaces/gui/shell/enhanced_reporting/dialogs
education_system/post_18/university_system/modules/shared/gui/enhanced_reporting/mixins	education_system/systems/university/interfaces/gui/shell/enhanced_reporting/mixins
education_system/post_18/university_system/modules/shared/gui/enhanced_reporting/standalone	education_system/systems/university/interfaces/gui/shell/enhanced_reporting/standalone
education_system/post_18/university_system/modules/shared/gui/enhanced_reporting/tabs	education_system/systems/university/interfaces/gui/shell/enhanced_reporting/tabs
education_system/post_18/university_system/modules/shared/gui/logic	education_system/systems/university/interfaces/gui/shell/logic
education_system/post_18/university_system/modules/shared/gui/main	education_system/systems/university/interfaces/gui/shell/main
education_system/post_18/university_system/modules/shared/gui/main/admin	education_system/systems/university/interfaces/gui/shell/main/admin
education_system/post_18/university_system/modules/shared/gui/main/admin/admin_tools_gui	education_system/systems/university/interfaces/gui/shell/main/admin/admin_tools_gui
education_system/post_18/university_system/modules/shared/gui/main/core	education_system/systems/university/interfaces/gui/shell/main/core
education_system/post_18/university_system/modules/shared/gui/main/dashboard	education_system/systems/university/interfaces/gui/shell/main/dashboard
education_system/post_18/university_system/modules/shared/gui/main/email	education_system/systems/university/interfaces/gui/shell/main/email
education_system/post_18/university_system/modules/shared/gui/main/features	education_system/systems/university/interfaces/gui/shell/main/features
education_system/post_18/university_system/modules/shared/gui/main/imports	education_system/systems/university/interfaces/gui/shell/main/imports
education_system/post_18/university_system/modules/shared/gui/main/staff	education_system/systems/university/interfaces/gui/shell/main/staff
education_system/post_18/university_system/modules/shared/gui/main/students	education_system/systems/university/interfaces/gui/learners/students
education_system/post_18/university_system/modules/shared/gui/main/students/student_crud_gui	education_system/systems/university/interfaces/gui/learners/students/student_crud_gui
education_system/post_18/university_system/modules/shared/gui/main/students/student_crud_gui/sync	education_system/systems/university/interfaces/gui/learners/students/student_crud_gui/sync
education_system/post_18/university_system/modules/shared/gui/security	education_system/systems/university/interfaces/gui/shell/security
education_system/post_18/university_system/modules/shared/gui/simple_activity_logger_gui	education_system/systems/university/interfaces/gui/shell/activity_logger
education_system/post_18/university_system/modules/shared/gui/simple_activity_logger_gui/tabs	education_system/systems/university/interfaces/gui/shell/activity_logger/tabs
education_system/post_18/university_system/modules/shared/gui/student_analytics_gui	education_system/systems/university/interfaces/gui/shell/student_analytics
education_system/post_18/university_system/modules/shared/gui/tools	education_system/systems/university/interfaces/gui/shell/tools
education_system/post_18/university_system/modules/shared/services	education_system/systems/university/services
education_system/post_18/university_system/modules/shared/services/ai_features	education_system/systems/university/services/ai_features
education_system/post_18/university_system/modules/shared/services/ai_features/gui	education_system/systems/university/interfaces/gui/shell/ai_features
education_system/post_18/university_system/modules/shared/services/analytics	education_system/systems/university/services/analytics
education_system/post_18/university_system/modules/shared/services/analytics/advanced_search	education_system/systems/university/services/analytics/advanced_search
education_system/post_18/university_system/modules/shared/services/analytics/enhanced_reporting	education_system/systems/university/services/analytics/enhanced_reporting
education_system/post_18/university_system/modules/shared/services/analytics/student_analytics	education_system/systems/university/services/analytics/student_analytics
education_system/post_18/university_system/modules/shared/services/business_intelligence	education_system/systems/university/services/business_intelligence
education_system/post_18/university_system/modules/shared/services/communication	education_system/systems/university/services/communication
education_system/post_18/university_system/modules/shared/services/dashboard	education_system/systems/university/services/dashboard
education_system/post_18/university_system/modules/shared/services/integrations	education_system/systems/university/services/integrations
education_system/post_18/university_system/modules/shared/services/integrations/integration_marketplace_core	education_system/systems/university/services/integrations/integration_marketplace_core
education_system/post_18/university_system/modules/shared/services/pdf_export	education_system/systems/university/services/pdf_export
education_system/post_18/university_system/modules/shared/utils	education_system/systems/university/infrastructure/utils
education_system/post_18/university_system/modules/shared/utils/batch_operations	education_system/systems/university/infrastructure/utils/batch_operations
education_system/post_18/university_system/modules/shared/utils/document_manager	education_system/systems/university/infrastructure/utils/document_manager
education_system/post_18/university_system/modules/shared/utils/simple_activity_logger	education_system/systems/university/infrastructure/utils/activity_logger
education_system/post_18/university_system/modules/shared/utils/simple_activity_logger/plugins	education_system/systems/university/infrastructure/utils/activity_logger/plugins
education_system/post_18/university_system/scripts	@tools/university
education_system/post_18/university_system/templates	education_system/systems/university/assets/templates
education_system/post_18/university_system/templates/assignments	education_system/systems/university/assets/templates/assignments
education_system/post_18/university_system/templates/backup_templates	education_system/systems/university/assets/templates/backup_templates
education_system/post_18/university_system/templates/course_evaluation	education_system/systems/university/assets/templates/course_evaluation
education_system/post_18/university_system/templates/email	education_system/systems/university/assets/templates/email
education_system/post_18/university_system/templates/email/academics	education_system/systems/university/assets/templates/email/academics
education_system/post_18/university_system/templates/email/academics/advising	education_system/systems/university/assets/templates/email/academics/advising
education_system/post_18/university_system/templates/email/academics/course_planning	education_system/systems/university/assets/templates/email/academics/course_planning
education_system/post_18/university_system/templates/email/admissions	education_system/systems/university/assets/templates/email/admissions
education_system/post_18/university_system/templates/email/alumni	education_system/systems/university/assets/templates/email/alumni
education_system/post_18/university_system/templates/email/attendance	education_system/systems/university/assets/templates/email/attendance
education_system/post_18/university_system/templates/email/authentication	education_system/systems/university/assets/templates/email/authentication
education_system/post_18/university_system/templates/email/campus_events	education_system/systems/university/assets/templates/email/campus_events
education_system/post_18/university_system/templates/email/career	education_system/systems/university/assets/templates/email/career
education_system/post_18/university_system/templates/email/clubs	education_system/systems/university/assets/templates/email/clubs
education_system/post_18/university_system/templates/email/commerce	education_system/systems/university/assets/templates/email/commerce
education_system/post_18/university_system/templates/email/commerce/barber	education_system/systems/university/assets/templates/email/commerce/barber
education_system/post_18/university_system/templates/email/commerce/betting	education_system/systems/university/assets/templates/email/commerce/betting
education_system/post_18/university_system/templates/email/commerce/butcher	education_system/systems/university/assets/templates/email/commerce/butcher
education_system/post_18/university_system/templates/email/commerce/carrental	education_system/systems/university/assets/templates/email/commerce/carrental
education_system/post_18/university_system/templates/email/commerce/cinema	education_system/systems/university/assets/templates/email/commerce/cinema
education_system/post_18/university_system/templates/email/commerce/dentist	education_system/systems/university/assets/templates/email/commerce/dentist
education_system/post_18/university_system/templates/email/commerce/equipment	education_system/systems/university/assets/templates/email/commerce/equipment
education_system/post_18/university_system/templates/email/commerce/gym	education_system/systems/university/assets/templates/email/commerce/gym
education_system/post_18/university_system/templates/email/commerce/legal	education_system/systems/university/assets/templates/email/commerce/legal
education_system/post_18/university_system/templates/email/commerce/musicshop	education_system/systems/university/assets/templates/email/commerce/musicshop
education_system/post_18/university_system/templates/email/commerce/nailbar	education_system/systems/university/assets/templates/email/commerce/nailbar
education_system/post_18/university_system/templates/email/commerce/phoneshop	education_system/systems/university/assets/templates/email/commerce/phoneshop
education_system/post_18/university_system/templates/email/communications	education_system/systems/university/assets/templates/email/communications
education_system/post_18/university_system/templates/email/community	education_system/systems/university/assets/templates/email/community
education_system/post_18/university_system/templates/email/degree_audit	education_system/systems/university/assets/templates/email/degree_audit
education_system/post_18/university_system/templates/email/events	education_system/systems/university/assets/templates/email/events
education_system/post_18/university_system/templates/email/facilities	education_system/systems/university/assets/templates/email/facilities
education_system/post_18/university_system/templates/email/finance	education_system/systems/university/assets/templates/email/finance
education_system/post_18/university_system/templates/email/general	education_system/systems/university/assets/templates/email/general
education_system/post_18/university_system/templates/email/health	education_system/systems/university/assets/templates/email/health
education_system/post_18/university_system/templates/email/helpdesk	education_system/systems/university/assets/templates/email/helpdesk
education_system/post_18/university_system/templates/email/housing	education_system/systems/university/assets/templates/email/housing
education_system/post_18/university_system/templates/email/internships	education_system/systems/university/assets/templates/email/internships
education_system/post_18/university_system/templates/email/legal	education_system/systems/university/assets/templates/email/legal
education_system/post_18/university_system/templates/email/library	education_system/systems/university/assets/templates/email/library
education_system/post_18/university_system/templates/email/maintenance	education_system/systems/university/assets/templates/email/maintenance
education_system/post_18/university_system/templates/email/mentorship	education_system/systems/university/assets/templates/email/mentorship
education_system/post_18/university_system/templates/email/mobility	education_system/systems/university/assets/templates/email/mobility
education_system/post_18/university_system/templates/email/office_hours	education_system/systems/university/assets/templates/email/office_hours
education_system/post_18/university_system/templates/email/parent_portal	education_system/systems/university/assets/templates/email/parent_portal
education_system/post_18/university_system/templates/email/parking	education_system/systems/university/assets/templates/email/parking
education_system/post_18/university_system/templates/email/reports	education_system/systems/university/assets/templates/email/reports
education_system/post_18/university_system/templates/email/research	education_system/systems/university/assets/templates/email/research
education_system/post_18/university_system/templates/email/security	education_system/systems/university/assets/templates/email/security
education_system/post_18/university_system/templates/email/staff_hr	education_system/systems/university/assets/templates/email/staff_hr
education_system/post_18/university_system/templates/email/student_affairs	education_system/systems/university/assets/templates/email/student_affairs
education_system/post_18/university_system/templates/email/student_council	education_system/systems/university/assets/templates/email/student_council
education_system/post_18/university_system/templates/email/student_lifecycle	education_system/systems/university/assets/templates/email/student_lifecycle
education_system/post_18/university_system/templates/email/student_union	education_system/systems/university/assets/templates/email/student_union
education_system/post_18/university_system/templates/email/system	education_system/systems/university/assets/templates/email/system
education_system/post_18/university_system/templates/email/user_management	education_system/systems/university/assets/templates/email/user_management
education_system/post_18/university_system/templates/email/virtual_classroom	education_system/systems/university/assets/templates/email/virtual_classroom
education_system/post_18/university_system/templates/finance_templates	education_system/systems/university/assets/templates/finance_templates
education_system/post_18/university_system/templates/medical_templates	education_system/systems/university/assets/templates/medical_templates
education_system/post_18/university_system/templates/resources	education_system/systems/university/assets/templates/resources
education_system/post_18/university_system/templates/scheduling	education_system/systems/university/assets/templates/scheduling
education_system/post_18/university_system/templates/ticket_templates	education_system/systems/university/assets/templates/ticket_templates
education_system/post_18/university_system/tests	@tests/systems/university
education_system/post_18/university_system/tests	@tests/systems/university/_support
education_system/post_18/university_system/tests/_support	@tests/systems/university/_support
education_system/post_18/university_system/tests/core	@tests/systems/university/infrastructure/core
education_system/post_18/university_system/tests/domain/academic_progress	@tests/systems/university/domain/assessment/academic_progress
education_system/post_18/university_system/tests/domain/academics	@tests/systems/university/domain/academics/services
education_system/post_18/university_system/tests/domain/academics	@tests/systems/university/domain/academics/services/admissions_selection
education_system/post_18/university_system/tests/domain/academics	@tests/systems/university/domain/academics/services/library
education_system/post_18/university_system/tests/domain/academics	@tests/systems/university/domain/academics/services/lms
education_system/post_18/university_system/tests/domain/academics	@tests/systems/university/domain/academics/services/module_scheduling
education_system/post_18/university_system/tests/domain/academics	@tests/systems/university/domain/academics/services/plagiarism
education_system/post_18/university_system/tests/domain/academics	@tests/systems/university/domain/pastoral/services/early_warning
education_system/post_18/university_system/tests/domain/academics/accreditation	@tests/systems/university/interfaces/cli/academics
education_system/post_18/university_system/tests/domain/academics/advising/services	@tests/systems/university/domain/pastoral/advising
education_system/post_18/university_system/tests/domain/academics/ai_study/services	@tests/systems/university/domain/academics/ai_study
education_system/post_18/university_system/tests/domain/academics/apprenticeships	@tests/systems/university/domain/progression/apprenticeships
education_system/post_18/university_system/tests/domain/academics/assessment	@tests/systems/university/domain/assessment
education_system/post_18/university_system/tests/domain/academics/assignments	@tests/systems/university/domain/academics/services/assignments
education_system/post_18/university_system/tests/domain/academics/attendance	@tests/systems/university/domain/academics/services/attendance
education_system/post_18/university_system/tests/domain/academics/calendar	@tests/systems/university/domain/academics/services/academic_calendar
education_system/post_18/university_system/tests/domain/academics/catalog	@tests/systems/university/interfaces/cli/academics
education_system/post_18/university_system/tests/domain/academics/clearing_adjustment/services	@tests/systems/university/domain/admissions/clearing_adjustment
education_system/post_18/university_system/tests/domain/academics/course_planning	@tests/systems/university/domain/academics/course_planning
education_system/post_18/university_system/tests/domain/academics/courses	@tests/systems/university/domain/academics/services/course_management
education_system/post_18/university_system/tests/domain/academics/curriculum_specification/services	@tests/systems/university/domain/academics/curriculum_specification
education_system/post_18/university_system/tests/domain/academics/degree_audit	@tests/systems/university/domain/academics/services/degree_audit
education_system/post_18/university_system/tests/domain/academics/exam_portal	@tests/systems/university/interfaces/gui/academics/exam_management
education_system/post_18/university_system/tests/domain/academics/external_examiners/services	@tests/systems/university/domain/assessment/external_examiners
education_system/post_18/university_system/tests/domain/academics/grading	@tests/systems/university/domain/assessment/grading
education_system/post_18/university_system/tests/domain/academics/library	@tests/systems/university/domain/academics/services/library
education_system/post_18/university_system/tests/domain/academics/lms	@tests/systems/university/domain/academics/services/lms
education_system/post_18/university_system/tests/domain/academics/mitigating_circumstances/services	@tests/systems/university/domain/assessment/mitigating_circumstances
education_system/post_18/university_system/tests/domain/academics/parent_portal	@tests/systems/university/domain/academics/services/parent_portal
education_system/post_18/university_system/tests/domain/academics/prior_learning_recognition/services	@tests/systems/university/domain/admissions/prior_learning_recognition
education_system/post_18/university_system/tests/domain/academics/scheduling	@tests/systems/university/interfaces/gui/academics/module_scheduling
education_system/post_18/university_system/tests/domain/academics/study_recommendations	@tests/systems/university/domain/academics/study_recommendations
education_system/post_18/university_system/tests/domain/academics/transfer_credits	@tests/systems/university/interfaces/cli/academics
education_system/post_18/university_system/tests/domain/academics/virtual	@tests/systems/university/domain/academics/services/virtual_classroom
education_system/post_18/university_system/tests/domain/admissions	@tests/systems/university/domain/admissions
education_system/post_18/university_system/tests/domain/admissions/hesa_export/services	@tests/systems/university/domain/governance/compliance/hesa_export
education_system/post_18/university_system/tests/domain/advising	@tests/systems/university/interfaces/gui/pastoral/advising
education_system/post_18/university_system/tests/domain/analytics	@tests/systems/university/domain/operations/reporting
education_system/post_18/university_system/tests/domain/analytics	@tests/systems/university/domain/operations/reporting/institutional_analytics
education_system/post_18/university_system/tests/domain/analytics	@tests/systems/university/domain/operations/reporting/kpi_dashboard
education_system/post_18/university_system/tests/domain/campus	@tests/systems/university/domain/operations/campus
education_system/post_18/university_system/tests/domain/campus	@tests/systems/university/domain/operations/campus/campus_navigation
education_system/post_18/university_system/tests/domain/campus	@tests/systems/university/domain/operations/campus/equipment
education_system/post_18/university_system/tests/domain/campus	@tests/systems/university/domain/operations/campus/facilities
education_system/post_18/university_system/tests/domain/campus	@tests/systems/university/domain/operations/campus/lost_found
education_system/post_18/university_system/tests/domain/campus	@tests/systems/university/domain/operations/campus/room_booking
education_system/post_18/university_system/tests/domain/campus/housing/services/housing_accommodation	@tests/systems/university/domain/operations/campus/housing
education_system/post_18/university_system/tests/domain/campus/printing/services	@tests/systems/university/domain/operations/campus/printing
education_system/post_18/university_system/tests/domain/campus/study_rooms/services	@tests/systems/university/domain/operations/campus/study_rooms
education_system/post_18/university_system/tests/domain/commerce	@tests/systems/university/domain/operations/commerce
education_system/post_18/university_system/tests/domain/commerce	@tests/systems/university/domain/operations/commerce/cinema
education_system/post_18/university_system/tests/domain/commerce	@tests/systems/university/domain/operations/commerce/restaurant
education_system/post_18/university_system/tests/domain/commerce/bakery	@tests/systems/university/domain/operations/commerce/bakery_shop
education_system/post_18/university_system/tests/domain/commerce/barber	@tests/systems/university/domain/operations/commerce/barber
education_system/post_18/university_system/tests/domain/commerce/betting	@tests/systems/university/domain/operations/commerce/betting
education_system/post_18/university_system/tests/domain/commerce/carrental	@tests/systems/university/domain/operations/commerce/carrental
education_system/post_18/university_system/tests/domain/commerce/carrental/gui	@tests/systems/university/interfaces/gui/operations/commerce/carrental
education_system/post_18/university_system/tests/domain/commerce/marketplace	@tests/systems/university/domain/operations/commerce/marketplace
education_system/post_18/university_system/tests/domain/commerce/restaurant	@tests/systems/university/domain/operations/commerce/restaurant
education_system/post_18/university_system/tests/domain/commerce/restaurant/gui	@tests/systems/university/interfaces/gui/operations/commerce/restaurant
education_system/post_18/university_system/tests/domain/finance	@tests/systems/university/domain/finance
education_system/post_18/university_system/tests/domain/finance	@tests/systems/university/interfaces/gui/finance
education_system/post_18/university_system/tests/domain/finance/budget/services	@tests/systems/university/domain/finance/budget
education_system/post_18/university_system/tests/domain/finance/bursary/services	@tests/systems/university/domain/finance/bursary
education_system/post_18/university_system/tests/domain/finance/gui	@tests/systems/university/interfaces/gui/finance
education_system/post_18/university_system/tests/domain/finance/gui/financial_aid	@tests/systems/university/interfaces/gui/finance/financial_aid
education_system/post_18/university_system/tests/domain/finance/ledger	@tests/systems/university/domain/finance/ledger
education_system/post_18/university_system/tests/domain/finance/reporting	@tests/systems/university/domain/finance/reporting
education_system/post_18/university_system/tests/domain/finance/scholarship_finder/services	@tests/systems/university/domain/finance/scholarship_finder
education_system/post_18/university_system/tests/domain/finance/scholarships	@tests/systems/university/domain/finance/scholarships
education_system/post_18/university_system/tests/domain/finance/services/financial_aid	@tests/systems/university/domain/finance/financial_aid
education_system/post_18/university_system/tests/domain/health	@tests/systems/university/domain/pastoral/health
education_system/post_18/university_system/tests/domain/health/first_aid	@tests/systems/university/domain/pastoral/health/first_aid
education_system/post_18/university_system/tests/domain/health/gui	@tests/systems/university/interfaces/gui/pastoral/health
education_system/post_18/university_system/tests/domain/health/health_safety	@tests/systems/university/domain/governance/health_safety
education_system/post_18/university_system/tests/domain/health/records	@tests/systems/university/domain/pastoral/health/records
education_system/post_18/university_system/tests/domain/health/services	@tests/systems/university/domain/pastoral/health
education_system/post_18/university_system/tests/domain/housing	@tests/systems/university/domain/operations/campus/housing
education_system/post_18/university_system/tests/domain/housing/gui	@tests/systems/university/interfaces/gui/operations/campus/housing
education_system/post_18/university_system/tests/domain/mail	@tests/systems/university/domain/operations/communications/mail
education_system/post_18/university_system/tests/domain/mail	@tests/systems/university/interfaces/gui/operations/communications/mail
education_system/post_18/university_system/tests/domain/mobility/gui	@tests/systems/university/interfaces/gui/operations/campus/mobility
education_system/post_18/university_system/tests/domain/mobility/services	@tests/systems/university/domain/operations/campus/mobility
education_system/post_18/university_system/tests/domain/musicshop	@tests/systems/university/domain/operations/commerce/musicshop
education_system/post_18/university_system/tests/domain/musicshop	@tests/systems/university/interfaces/gui/operations/commerce/musicshop
education_system/post_18/university_system/tests/domain/nailbar	@tests/systems/university/domain/operations/commerce/nailbar
education_system/post_18/university_system/tests/domain/nailbar	@tests/systems/university/interfaces/gui/operations/commerce/nailbar
education_system/post_18/university_system/tests/domain/operations	@tests/systems/university/domain/operations
education_system/post_18/university_system/tests/domain/operations/staff_hr/services/managers	@tests/systems/university/domain/staff/staff_hr
education_system/post_18/university_system/tests/domain/phoneshop	@tests/systems/university/domain/operations/commerce/phoneshop
education_system/post_18/university_system/tests/domain/phoneshop	@tests/systems/university/interfaces/gui/operations/commerce/phoneshop
education_system/post_18/university_system/tests/domain/printing	@tests/systems/university/interfaces/gui/operations/campus/printing
education_system/post_18/university_system/tests/domain/research	@tests/systems/university/domain/academics/research
education_system/post_18/university_system/tests/domain/research	@tests/systems/university/interfaces/gui/academics/research
education_system/post_18/university_system/tests/domain/services	@tests/systems/university/interfaces/cli/services
education_system/post_18/university_system/tests/domain/setup	@tests/tools/university
education_system/post_18/university_system/tests/domain/staff_hr	@tests/systems/university/domain/staff/staff_hr
education_system/post_18/university_system/tests/domain/student_affairs	@tests/systems/university/domain/academics/services/parent_portal
education_system/post_18/university_system/tests/domain/student_affairs	@tests/systems/university/domain/learners/alumni
education_system/post_18/university_system/tests/domain/student_affairs	@tests/systems/university/domain/operations/campus/accessibility
education_system/post_18/university_system/tests/domain/student_affairs	@tests/systems/university/domain/pastoral
education_system/post_18/university_system/tests/domain/student_affairs	@tests/systems/university/domain/pastoral/services/helpdesk
education_system/post_18/university_system/tests/domain/student_affairs	@tests/systems/university/domain/progression/placements
education_system/post_18/university_system/tests/domain/student_affairs/achievement_badges/services	@tests/systems/university/domain/pastoral/achievement_badges
education_system/post_18/university_system/tests/domain/student_affairs/employer_portal/services	@tests/systems/university/domain/progression/employer_portal
education_system/post_18/university_system/tests/domain/student_affairs/equality_diversity	@tests/systems/university/domain/pastoral/equality_diversity
education_system/post_18/university_system/tests/domain/student_affairs/gui	@tests/systems/university/interfaces/gui/pastoral
education_system/post_18/university_system/tests/domain/student_affairs/international_compliance/services	@tests/systems/university/domain/governance/compliance/international_compliance
education_system/post_18/university_system/tests/domain/student_affairs/safeguarding	@tests/systems/university/domain/safeguarding
education_system/post_18/university_system/tests/domain/student_affairs/social_matching	@tests/systems/university/domain/pastoral/social_matching
education_system/post_18/university_system/tests/domain/student_affairs/student_jobs	@tests/systems/university/domain/pastoral/student_jobs
education_system/post_18/university_system/tests/domain/student_affairs/student_union	@tests/systems/university/domain/pastoral/student_life/student_union
education_system/post_18/university_system/tests/domain/student_id	@tests/systems/university/interfaces/gui/learners/student_id
education_system/post_18/university_system/tests/domain/student_portal	@tests/systems/university/interfaces/cli/student_portal
education_system/post_18/university_system/tests/domain/student_wellbeing	@tests/systems/university/domain/pastoral/student_wellbeing
education_system/post_18/university_system/tests/domain/study_rooms	@tests/systems/university/interfaces/gui/operations/campus/study_rooms
education_system/post_18/university_system/tests/domain/textbooks	@tests/systems/university/interfaces/gui/operations/commerce/textbooks
education_system/post_18/university_system/tests/infrastructure/ai	@tests/systems/university/infrastructure/ai
education_system/post_18/university_system/tests/infrastructure/ai/gui	@tests/systems/university/infrastructure/ai/gui
education_system/post_18/university_system/tests/infrastructure/api	@tests/systems/university/interfaces/api
education_system/post_18/university_system/tests/infrastructure/auth	@tests/systems/university/infrastructure/auth
education_system/post_18/university_system/tests/infrastructure/auth/gui	@tests/systems/university/infrastructure/auth/gui
education_system/post_18/university_system/tests/infrastructure/database	@tests/systems/university/infrastructure/database
education_system/post_18/university_system/tests/infrastructure/email	@tests/systems/university/infrastructure/email
education_system/post_18/university_system/tests/infrastructure/email/gui	@tests/systems/university/infrastructure/email/gui
education_system/post_18/university_system/tests/infrastructure/security	@tests/systems/university/infrastructure/security
education_system/post_18/university_system/tests/infrastructure/security/gui	@tests/systems/university/infrastructure/security/gui
education_system/post_18/university_system/tests/infrastructure/validation	@tests/systems/university/infrastructure/validation
education_system/post_18/university_system/tests/integration	@tests/systems/university/integration
education_system/post_18/university_system/tests/integration/marketplace	@tests/systems/university/integration/marketplace
education_system/post_18/university_system/tests/logs	@var/logs
education_system/post_18/university_system/tests/sal	@tests/systems/university/infrastructure/activity_logger
education_system/post_18/university_system/tests/scripts	@tests/tools/university
education_system/post_18/university_system/tests/services	@tests/systems/university/domain/_services
education_system/post_18/university_system/tests/services/cli	@tests/systems/university/interfaces/cli/services
education_system/post_18/university_system/tests/services/gui	@tests/systems/university/interfaces/gui/services
education_system/post_18/university_system/tests/shared/analytics	@tests/systems/university/infrastructure/analytics
education_system/post_18/university_system/tests/shared/gui	@tests/systems/university/interfaces/gui
education_system/post_18/university_system/tests/shared/gui/logic	@tests/systems/university/interfaces/gui/logic
education_system/post_18/university_system/tests/shared/services/pdf_export	@tests/systems/university/infrastructure/pdf_export
education_system/post_18/university_system/tests/shared/student_portal	@tests/systems/university/interfaces/gui/student_portal
education_system/post_18/university_system/tests/shared/utils	@tests/systems/university/infrastructure/utils
education_system/post_18/university_system/tests/shared/utils/document_manager	@tests/systems/university/infrastructure/document_manager
education_system/post_18/university_system/tests/shared/utils/logging	@tests/systems/university/infrastructure/logging
education_system/post_18/university_system/tests/shared/utils/simple_activity_logger	@tests/systems/university/infrastructure/activity_logger
education_system/post_18/university_system/tests/smoke	@tests/systems/university/smoke
education_system/post_18/university_system/utils	education_system/systems/university/infrastructure
education_system/post_18/university_system/web	education_system/systems/university/assets/web
education_system/primarysch_system	education_system/systems/primary
education_system/primarysch_system/core	education_system/systems/primary/infrastructure
education_system/primarysch_system/data	@var/data/primary
education_system/primarysch_system/modules	education_system/systems/primary/__init__.py
education_system/primarysch_system/modules/domain	education_system/systems/primary/domain
education_system/primarysch_system/modules/domain	education_system/systems/primary/domain/learners
education_system/primarysch_system/modules/domain/absence_requests	education_system/systems/primary/domain/pastoral/absence_requests
education_system/primarysch_system/modules/domain/academic_year	education_system/systems/primary/domain/academics/academic_year
education_system/primarysch_system/modules/domain/accessibility	education_system/systems/primary/domain/pastoral/accessibility
education_system/primarysch_system/modules/domain/activity_feed	education_system/systems/primary/domain/operations/communications/activity_feed
education_system/primarysch_system/modules/domain/admissions	education_system/systems/primary/domain/admissions
education_system/primarysch_system/modules/domain/announcements	education_system/systems/primary/domain/operations/communications/announcements
education_system/primarysch_system/modules/domain/appraisals	education_system/systems/primary/domain/staff/appraisals
education_system/primarysch_system/modules/domain/assessment	education_system/systems/primary/domain/assessment
education_system/primarysch_system/modules/domain/assets	education_system/systems/primary/domain/operations/assets
education_system/primarysch_system/modules/domain/attachments	education_system/systems/primary/domain/operations/attachments
education_system/primarysch_system/modules/domain/attendance	education_system/systems/primary/domain/academics/attendance
education_system/primarysch_system/modules/domain/attendance_concerns	education_system/systems/primary/domain/pastoral/attendance_concerns
education_system/primarysch_system/modules/domain/attendance_report	education_system/systems/primary/domain/operations/reporting/attendance_report
education_system/primarysch_system/modules/domain/audit_reports	education_system/systems/primary/domain/governance/audit/audit_reports
education_system/primarysch_system/modules/domain/behaviour	education_system/systems/primary/domain/pastoral/behaviour
education_system/primarysch_system/modules/domain/calendar	education_system/systems/primary/domain/academics/calendar
education_system/primarysch_system/modules/domain/census	education_system/systems/primary/domain/governance/compliance/census
education_system/primarysch_system/modules/domain/class_teachers	education_system/systems/primary/domain/staff/class_teachers
education_system/primarysch_system/modules/domain/classes	education_system/systems/primary/domain/academics/classes
education_system/primarysch_system/modules/domain/clubs	education_system/systems/primary/domain/academics/enrichment/clubs
education_system/primarysch_system/modules/domain/complaints	education_system/systems/primary/domain/pastoral/complaints
education_system/primarysch_system/modules/domain/compliance	education_system/systems/primary/domain/governance/compliance
education_system/primarysch_system/modules/domain/cover	education_system/systems/primary/domain/staff/cover
education_system/primarysch_system/modules/domain/cpd	education_system/systems/primary/domain/staff/cpd
education_system/primarysch_system/modules/domain/custom_export	education_system/systems/primary/domain/operations/reporting/custom_export
education_system/primarysch_system/modules/domain/data_dashboard	education_system/systems/primary/domain/operations/reporting/data_dashboard
education_system/primarysch_system/modules/domain/data_export	education_system/systems/primary/domain/operations/reporting/data_export
education_system/primarysch_system/modules/domain/dbs_checks	education_system/systems/primary/domain/staff/dbs_checks
education_system/primarysch_system/modules/domain/departments	education_system/systems/primary/domain/staff/departments
education_system/primarysch_system/modules/domain/dinner_money	education_system/systems/primary/domain/finance/dinner_money
education_system/primarysch_system/modules/domain/document_hub	education_system/systems/primary/domain/operations/document_hub
education_system/primarysch_system/modules/domain/early_warning	education_system/systems/primary/domain/assessment/early_warning
education_system/primarysch_system/modules/domain/emergency	education_system/systems/primary/domain/pastoral/emergency
education_system/primarysch_system/modules/domain/enrolment	education_system/systems/primary/domain/admissions/enrolment
education_system/primarysch_system/modules/domain/equality_diversity	education_system/systems/primary/domain/pastoral/equality_diversity
education_system/primarysch_system/modules/domain/expense_claims	education_system/systems/primary/domain/finance/expense_claims
education_system/primarysch_system/modules/domain/eyfs_profile	education_system/systems/primary/domain/assessment/eyfs_profile
education_system/primarysch_system/modules/domain/feedback	education_system/systems/primary/domain/pastoral/feedback
education_system/primarysch_system/modules/domain/first_aid	education_system/systems/primary/domain/pastoral/health/first_aid
education_system/primarysch_system/modules/domain/funding	education_system/systems/primary/domain/finance/funding
education_system/primarysch_system/modules/domain/gdpr	education_system/systems/primary/domain/governance/gdpr
education_system/primarysch_system/modules/domain/governance	education_system/systems/primary/domain/governance
education_system/primarysch_system/modules/domain/health_safety	education_system/systems/primary/domain/governance/health_safety
education_system/primarysch_system/modules/domain/homework	education_system/systems/primary/domain/academics/homework
education_system/primarysch_system/modules/domain/house_points	education_system/systems/primary/domain/pastoral/house_points
education_system/primarysch_system/modules/domain/intervention_tracking	education_system/systems/primary/domain/assessment/intervention_tracking
education_system/primarysch_system/modules/domain/kpi_dashboard	education_system/systems/primary/domain/operations/reporting/kpi_dashboard
education_system/primarysch_system/modules/domain/ks1_sats	education_system/systems/primary/domain/assessment/ks1_sats
education_system/primarysch_system/modules/domain/ks2_sats	education_system/systems/primary/domain/assessment/ks2_sats
education_system/primarysch_system/modules/domain/lesson_plans	education_system/systems/primary/domain/academics/lesson_plans
education_system/primarysch_system/modules/domain/letter_templates	education_system/systems/primary/domain/operations/communications/letter_templates
education_system/primarysch_system/modules/domain/library	education_system/systems/primary/domain/academics/library
education_system/primarysch_system/modules/domain/medical_records	education_system/systems/primary/domain/pastoral/health/medical_records
education_system/primarysch_system/modules/domain/messages	education_system/systems/primary/domain/operations/communications/messages
education_system/primarysch_system/modules/domain/mfa	education_system/systems/primary/domain/governance/mfa
education_system/primarysch_system/modules/domain/mobile_dashboard	education_system/systems/primary/domain/operations/reporting/mobile_dashboard
education_system/primarysch_system/modules/domain/mtc	education_system/systems/primary/domain/assessment/mtc
education_system/primarysch_system/modules/domain/newsletters	education_system/systems/primary/domain/operations/communications/newsletters
education_system/primarysch_system/modules/domain/notifications	education_system/systems/primary/domain/operations/communications/notifications
education_system/primarysch_system/modules/domain/observations	education_system/systems/primary/domain/assessment/observations
education_system/primarysch_system/modules/domain/parent_contacts	education_system/systems/primary/domain/operations/communications/parent_contacts
education_system/primarysch_system/modules/domain/parents_evenings	education_system/systems/primary/domain/operations/communications/parents_evenings
education_system/primarysch_system/modules/domain/phonics	education_system/systems/primary/domain/assessment/phonics
education_system/primarysch_system/modules/domain/phonics_screening	education_system/systems/primary/domain/assessment/phonics_screening
education_system/primarysch_system/modules/domain/policies	education_system/systems/primary/domain/governance/policies
education_system/primarysch_system/modules/domain/prevent_duty	education_system/systems/primary/domain/safeguarding/prevent_duty
education_system/primarysch_system/modules/domain/progress	education_system/systems/primary/domain/assessment/progress
education_system/primarysch_system/modules/domain/progress_report	education_system/systems/primary/domain/operations/reporting/progress_report
education_system/primarysch_system/modules/domain/pupil_premium	education_system/systems/primary/domain/finance/pupil_premium
education_system/primarysch_system/modules/domain/pupil_reports	education_system/systems/primary/domain/operations/reporting/pupil_reports
education_system/primarysch_system/modules/domain/pupil_support	education_system/systems/primary/domain/pastoral/pupil_support
education_system/primarysch_system/modules/domain/pupils	education_system/systems/primary/domain/learners/pupils
education_system/primarysch_system/modules/domain/pupils/bulk_operations	education_system/systems/primary/domain/learners/pupils/bulk_operations
education_system/primarysch_system/modules/domain/pupils/leavers	education_system/systems/primary/domain/learners/pupils/leavers
education_system/primarysch_system/modules/domain/pupils/onboarding	education_system/systems/primary/domain/learners/pupils/onboarding
education_system/primarysch_system/modules/domain/reading_levels	education_system/systems/primary/domain/assessment/reading_levels
education_system/primarysch_system/modules/domain/receipts	education_system/systems/primary/domain/finance/receipts
education_system/primarysch_system/modules/domain/recruitment	education_system/systems/primary/domain/staff/recruitment
education_system/primarysch_system/modules/domain/risk_management	education_system/systems/primary/domain/governance/risk_management
education_system/primarysch_system/modules/domain/safeguarding	education_system/systems/primary/domain/safeguarding
education_system/primarysch_system/modules/domain/school_council	education_system/systems/primary/domain/pastoral/school_council
education_system/primarysch_system/modules/domain/send	education_system/systems/primary/domain/pastoral/send
education_system/primarysch_system/modules/domain/staff	education_system/systems/primary/domain/staff
education_system/primarysch_system/modules/domain/staff_absence	education_system/systems/primary/domain/staff/staff_absence
education_system/primarysch_system/modules/domain/staff_hr	education_system/systems/primary/domain/staff/staff_hr
education_system/primarysch_system/modules/domain/staff_wellbeing	education_system/systems/primary/domain/staff/staff_wellbeing
education_system/primarysch_system/modules/domain/subjects	education_system/systems/primary/domain/academics/subjects
education_system/primarysch_system/modules/domain/surveys	education_system/systems/primary/domain/pastoral/surveys
education_system/primarysch_system/modules/domain/target_setting	education_system/systems/primary/domain/assessment/target_setting
education_system/primarysch_system/modules/domain/teaching_assistants	education_system/systems/primary/domain/staff/teaching_assistants
education_system/primarysch_system/modules/domain/timetable	education_system/systems/primary/domain/academics/timetable
education_system/primarysch_system/modules/domain/todo	education_system/systems/primary/domain/operations/todo
education_system/primarysch_system/modules/domain/transport	education_system/systems/primary/domain/pastoral/transport
education_system/primarysch_system/modules/domain/trips	education_system/systems/primary/domain/finance/trips
education_system/primarysch_system/modules/domain/user_management	education_system/systems/primary/domain/governance/user_management
education_system/primarysch_system/modules/domain/visitors	education_system/systems/primary/domain/operations/visitors
education_system/primarysch_system/modules/domain/wellbeing	education_system/systems/primary/domain/pastoral/wellbeing
education_system/primarysch_system/modules/domain/wraparound	education_system/systems/primary/domain/operations/daily_care/wraparound
education_system/primarysch_system/modules/domain/year_groups	education_system/systems/primary/domain/academics/year_groups
education_system/primarysch_system/modules/shared	education_system/systems/primary/interfaces
education_system/primarysch_system/modules/shared/cli	education_system/systems/primary/interfaces/cli
education_system/primarysch_system/modules/shared/gui	education_system/systems/primary/interfaces/gui
education_system/primarysch_system/tests	@tests/systems/primary
education_system/secondarysch_system	education_system/systems/secondary
education_system/secondarysch_system/.claude	@drop
education_system/secondarysch_system/core	education_system/systems/secondary/infrastructure
education_system/secondarysch_system/data	@var/data/secondary
education_system/secondarysch_system/modules	education_system/systems/secondary/__init__.py
education_system/secondarysch_system/modules/domain	education_system/systems/secondary/domain
education_system/secondarysch_system/modules/domain/academics	education_system/systems/secondary/domain/academics
education_system/secondarysch_system/modules/domain/academics/academic_year	education_system/systems/secondary/domain/academics/academic_year
education_system/secondarysch_system/modules/domain/academics/assignments	education_system/systems/secondary/domain/academics/assignments
education_system/secondarysch_system/modules/domain/academics/attendance	education_system/systems/secondary/domain/academics/attendance
education_system/secondarysch_system/modules/domain/academics/calendar	education_system/systems/secondary/domain/academics/calendar
education_system/secondarysch_system/modules/domain/academics/cover	education_system/systems/secondary/domain/academics/cover
education_system/secondarysch_system/modules/domain/academics/cover_agency	education_system/systems/secondary/domain/academics/cover_agency
education_system/secondarysch_system/modules/domain/academics/enrichment	education_system/systems/secondary/domain/academics/enrichment
education_system/secondarysch_system/modules/domain/academics/form_groups	education_system/systems/secondary/domain/academics/form_groups
education_system/secondarysch_system/modules/domain/academics/homework	education_system/systems/secondary/domain/academics/homework
education_system/secondarysch_system/modules/domain/academics/lesson_plans	education_system/systems/secondary/domain/academics/lesson_plans
education_system/secondarysch_system/modules/domain/academics/library	education_system/systems/secondary/domain/academics/library
education_system/secondarysch_system/modules/domain/academics/options	education_system/systems/secondary/domain/academics/options
education_system/secondarysch_system/modules/domain/academics/subjects	education_system/systems/secondary/domain/academics/subjects
education_system/secondarysch_system/modules/domain/academics/timetable	education_system/systems/secondary/domain/academics/timetable
education_system/secondarysch_system/modules/domain/academics/year_groups	education_system/systems/secondary/domain/academics/year_groups
education_system/secondarysch_system/modules/domain/assessment	education_system/systems/secondary/domain/assessment
education_system/secondarysch_system/modules/domain/assessment/attainment_8	education_system/systems/secondary/domain/assessment/attainment_8
education_system/secondarysch_system/modules/domain/assessment/baseline_assessment	education_system/systems/secondary/domain/assessment/baseline_assessment
education_system/secondarysch_system/modules/domain/assessment/early_warning	education_system/systems/secondary/domain/assessment/early_warning
education_system/secondarysch_system/modules/domain/assessment/exam_entries	education_system/systems/secondary/domain/assessment/exam_entries
education_system/secondarysch_system/modules/domain/assessment/exam_results	education_system/systems/secondary/domain/assessment/exam_results
education_system/secondarysch_system/modules/domain/assessment/gradebook	education_system/systems/secondary/domain/assessment/gradebook
education_system/secondarysch_system/modules/domain/assessment/intervention_tracking	education_system/systems/secondary/domain/assessment/intervention_tracking
education_system/secondarysch_system/modules/domain/assessment/mock_exams	education_system/systems/secondary/domain/assessment/mock_exams
education_system/secondarysch_system/modules/domain/assessment/observations	education_system/systems/secondary/domain/assessment/observations
education_system/secondarysch_system/modules/domain/assessment/progress_8	education_system/systems/secondary/domain/assessment/progress_8
education_system/secondarysch_system/modules/domain/assessment/quality_assurance	education_system/systems/secondary/domain/assessment/quality_assurance
education_system/secondarysch_system/modules/domain/assessment/sef_builder	education_system/systems/secondary/domain/assessment/sef_builder
education_system/secondarysch_system/modules/domain/assessment/self_assessment	education_system/systems/secondary/domain/assessment/self_assessment
education_system/secondarysch_system/modules/domain/assessment/target_grades	education_system/systems/secondary/domain/assessment/target_grades
education_system/secondarysch_system/modules/domain/finance	education_system/systems/secondary/domain/finance
education_system/secondarysch_system/modules/domain/finance/census	education_system/systems/secondary/domain/governance/compliance/census
education_system/secondarysch_system/modules/domain/finance/expense_claims	education_system/systems/secondary/domain/finance/expense_claims
education_system/secondarysch_system/modules/domain/finance/fees	education_system/systems/secondary/domain/finance/fees
education_system/secondarysch_system/modules/domain/finance/funding	education_system/systems/secondary/domain/finance/funding
education_system/secondarysch_system/modules/domain/finance/receipts	education_system/systems/secondary/domain/finance/receipts
education_system/secondarysch_system/modules/domain/finance/trips	education_system/systems/secondary/domain/finance/trips
education_system/secondarysch_system/modules/domain/governance	education_system/systems/secondary/domain/governance
education_system/secondarysch_system/modules/domain/governance/assets	education_system/systems/secondary/domain/governance/assets
education_system/secondarysch_system/modules/domain/governance/compliance	education_system/systems/secondary/domain/governance/compliance
education_system/secondarysch_system/modules/domain/governance/gdpr	education_system/systems/secondary/domain/governance/gdpr
education_system/secondarysch_system/modules/domain/governance/governance	education_system/systems/secondary/domain/governance
education_system/secondarysch_system/modules/domain/governance/health_safety	education_system/systems/secondary/domain/governance/health_safety
education_system/secondarysch_system/modules/domain/governance/mfa	education_system/systems/secondary/domain/governance/mfa
education_system/secondarysch_system/modules/domain/governance/policies	education_system/systems/secondary/domain/governance/policies
education_system/secondarysch_system/modules/domain/governance/risk_management	education_system/systems/secondary/domain/governance/risk_management
education_system/secondarysch_system/modules/domain/governance/todo	education_system/systems/secondary/domain/governance/todo
education_system/secondarysch_system/modules/domain/governance/user_management	education_system/systems/secondary/domain/governance/user_management
education_system/secondarysch_system/modules/domain/pastoral	education_system/systems/secondary/domain/pastoral
education_system/secondarysch_system/modules/domain/pastoral/absence_requests	education_system/systems/secondary/domain/pastoral/absence_requests
education_system/secondarysch_system/modules/domain/pastoral/accessibility	education_system/systems/secondary/domain/pastoral/accessibility
education_system/secondarysch_system/modules/domain/pastoral/attendance_concerns	education_system/systems/secondary/domain/pastoral/attendance_concerns
education_system/secondarysch_system/modules/domain/pastoral/behaviour	education_system/systems/secondary/domain/pastoral/behaviour
education_system/secondarysch_system/modules/domain/pastoral/complaints	education_system/systems/secondary/domain/pastoral/complaints
education_system/secondarysch_system/modules/domain/pastoral/detentions	education_system/systems/secondary/domain/pastoral/detentions
education_system/secondarysch_system/modules/domain/pastoral/disciplinary	education_system/systems/secondary/domain/pastoral/disciplinary
education_system/secondarysch_system/modules/domain/pastoral/emergency	education_system/systems/secondary/domain/pastoral/emergency
education_system/secondarysch_system/modules/domain/pastoral/equality_diversity	education_system/systems/secondary/domain/pastoral/equality_diversity
education_system/secondarysch_system/modules/domain/pastoral/feedback	education_system/systems/secondary/domain/pastoral/feedback
education_system/secondarysch_system/modules/domain/pastoral/first_aid	education_system/systems/secondary/domain/pastoral/health/first_aid
education_system/secondarysch_system/modules/domain/pastoral/form_tutors	education_system/systems/secondary/domain/pastoral/form_tutors
education_system/secondarysch_system/modules/domain/pastoral/peer_mentoring	education_system/systems/secondary/domain/pastoral/peer_mentoring
education_system/secondarysch_system/modules/domain/pastoral/prevent_duty	education_system/systems/secondary/domain/safeguarding/prevent_duty
education_system/secondarysch_system/modules/domain/pastoral/pupil_premium	education_system/systems/secondary/domain/finance/pupil_premium
education_system/secondarysch_system/modules/domain/pastoral/pupil_support	education_system/systems/secondary/domain/pastoral/pupil_support
education_system/secondarysch_system/modules/domain/pastoral/safeguarding	education_system/systems/secondary/domain/safeguarding
education_system/secondarysch_system/modules/domain/pastoral/school_council	education_system/systems/secondary/domain/pastoral/school_council
education_system/secondarysch_system/modules/domain/pastoral/send	education_system/systems/secondary/domain/pastoral/send
education_system/secondarysch_system/modules/domain/pastoral/surveys	education_system/systems/secondary/domain/pastoral/surveys
education_system/secondarysch_system/modules/domain/pastoral/transport	education_system/systems/secondary/domain/pastoral/transport
education_system/secondarysch_system/modules/domain/pastoral/wellbeing	education_system/systems/secondary/domain/pastoral/wellbeing
education_system/secondarysch_system/modules/domain/pupils	education_system/systems/secondary/domain/admissions
education_system/secondarysch_system/modules/domain/pupils	education_system/systems/secondary/domain/learners
education_system/secondarysch_system/modules/domain/pupils	education_system/systems/secondary/domain/progression
education_system/secondarysch_system/modules/domain/pupils/admissions	education_system/systems/secondary/domain/admissions
education_system/secondarysch_system/modules/domain/pupils/alumni	education_system/systems/secondary/domain/learners/alumni
education_system/secondarysch_system/modules/domain/pupils/bulk_operations	education_system/systems/secondary/domain/learners/bulk_operations
education_system/secondarysch_system/modules/domain/pupils/enrolment	education_system/systems/secondary/domain/admissions/enrolment
education_system/secondarysch_system/modules/domain/pupils/onboarding	education_system/systems/secondary/domain/admissions/onboarding
education_system/secondarysch_system/modules/domain/pupils/pupils	education_system/systems/secondary/domain/learners/pupils
education_system/secondarysch_system/modules/domain/reports	education_system/systems/secondary/domain/operations/reporting
education_system/secondarysch_system/modules/domain/reports/audit_reports	education_system/systems/secondary/domain/governance/audit/audit_reports
education_system/secondarysch_system/modules/domain/reports/custom_export	education_system/systems/secondary/domain/operations/reporting/custom_export
education_system/secondarysch_system/modules/domain/reports/data_dashboard	education_system/systems/secondary/domain/operations/reporting/data_dashboard
education_system/secondarysch_system/modules/domain/reports/data_export	education_system/systems/secondary/domain/operations/reporting/data_export
education_system/secondarysch_system/modules/domain/reports/kpi_dashboard	education_system/systems/secondary/domain/operations/reporting/kpi_dashboard
education_system/secondarysch_system/modules/domain/reports/mobile_dashboard	education_system/systems/secondary/domain/operations/reporting/mobile_dashboard
education_system/secondarysch_system/modules/domain/reports/progress	education_system/systems/secondary/domain/operations/reporting/progress
education_system/secondarysch_system/modules/domain/reports/progress_dashboard	education_system/systems/secondary/domain/operations/reporting/progress_dashboard
education_system/secondarysch_system/modules/domain/staff_comms	education_system/systems/secondary/domain/staff
education_system/secondarysch_system/modules/domain/staff_comms/activity_feed	education_system/systems/secondary/domain/operations/communications/activity_feed
education_system/secondarysch_system/modules/domain/staff_comms/announcements	education_system/systems/secondary/domain/operations/communications/announcements
education_system/secondarysch_system/modules/domain/staff_comms/appraisals	education_system/systems/secondary/domain/staff/appraisals
education_system/secondarysch_system/modules/domain/staff_comms/attachments	education_system/systems/secondary/domain/operations/attachments
education_system/secondarysch_system/modules/domain/staff_comms/cpd	education_system/systems/secondary/domain/staff/cpd
education_system/secondarysch_system/modules/domain/staff_comms/dbs_checks	education_system/systems/secondary/domain/staff/dbs_checks
education_system/secondarysch_system/modules/domain/staff_comms/departments	education_system/systems/secondary/domain/staff/departments
education_system/secondarysch_system/modules/domain/staff_comms/document_hub	education_system/systems/secondary/domain/operations/document_hub
education_system/secondarysch_system/modules/domain/staff_comms/letter_templates	education_system/systems/secondary/domain/operations/communications/letter_templates
education_system/secondarysch_system/modules/domain/staff_comms/messages	education_system/systems/secondary/domain/operations/communications/messages
education_system/secondarysch_system/modules/domain/staff_comms/notices	education_system/systems/secondary/domain/operations/communications/notices
education_system/secondarysch_system/modules/domain/staff_comms/notifications	education_system/systems/secondary/domain/operations/communications/notifications
education_system/secondarysch_system/modules/domain/staff_comms/parent_contacts	education_system/systems/secondary/domain/operations/communications/parent_contacts
education_system/secondarysch_system/modules/domain/staff_comms/parents_evenings	education_system/systems/secondary/domain/operations/communications/parents_evenings
education_system/secondarysch_system/modules/domain/staff_comms/recruitment	education_system/systems/secondary/domain/staff/recruitment
education_system/secondarysch_system/modules/domain/staff_comms/staff	education_system/systems/secondary/domain/staff
education_system/secondarysch_system/modules/domain/staff_comms/staff_absence	education_system/systems/secondary/domain/staff/staff_absence
education_system/secondarysch_system/modules/domain/staff_comms/staff_hr	education_system/systems/secondary/domain/staff/staff_hr
education_system/secondarysch_system/modules/domain/staff_comms/staff_wellbeing	education_system/systems/secondary/domain/staff/staff_wellbeing
education_system/secondarysch_system/modules/domain/staff_comms/visitors	education_system/systems/secondary/domain/operations/visitors
education_system/secondarysch_system/modules/shared	education_system/systems/secondary/interfaces
education_system/secondarysch_system/modules/shared/cli	education_system/systems/secondary/interfaces/cli
education_system/secondarysch_system/modules/shared/gui	education_system/systems/secondary/interfaces/gui
education_system/secondarysch_system/tests	@tests/systems/secondary
education_system/shared	@docs/platform
education_system/shared	education_system/platform
education_system/shared	education_system/platform/kernel
education_system/shared/academic_misconduct	education_system/platform/governance/academic_misconduct
education_system/shared/admin_portal	education_system/platform/delivery/portals/admin
education_system/shared/analytics	education_system/platform/features/analytics
education_system/shared/api	education_system/platform/delivery/api
education_system/shared/api/graphql	education_system/platform/delivery/api/graphql
education_system/shared/api/nursery	education_system/platform/delivery/api/nursery
education_system/shared/api/nursery/routes	education_system/platform/delivery/api/nursery/routes
education_system/shared/api/parent_portal	education_system/platform/delivery/api/parent_portal
education_system/shared/api/parent_portal/static	education_system/platform/delivery/api/parent_portal/static
education_system/shared/api/parent_portal/static/css	education_system/platform/delivery/api/parent_portal/static/css
education_system/shared/api/parent_portal/static/js	education_system/platform/delivery/api/parent_portal/static/js
education_system/shared/api/parent_portal/templates	education_system/platform/delivery/api/parent_portal/templates
education_system/shared/api/primary	education_system/platform/delivery/api/primary
education_system/shared/api/primary/routes	education_system/platform/delivery/api/primary/routes
education_system/shared/api/school	education_system/platform/delivery/api/school
education_system/shared/api/school/routes	education_system/platform/delivery/api/school/routes
education_system/shared/api/sixthform	education_system/platform/delivery/api/sixthform
education_system/shared/api/sixthform/routes	education_system/platform/delivery/api/sixthform/routes
education_system/shared/api/university	education_system/platform/delivery/api/university
education_system/shared/api/university/routes	education_system/platform/delivery/api/university/routes
education_system/shared/api/university/static	education_system/platform/delivery/api/university/static
education_system/shared/api/university/static/css	education_system/platform/delivery/api/university/static/css
education_system/shared/api/university/static/js	education_system/platform/delivery/api/university/static/js
education_system/shared/api/web	education_system/platform/delivery/api/web
education_system/shared/api/web/portal	education_system/platform/delivery/api/web/portal
education_system/shared/api/web/portal/assets	education_system/platform/delivery/api/web/portal/assets
education_system/shared/api/web/static/css	education_system/platform/delivery/api/web/static/css
education_system/shared/api/web/static/js	education_system/platform/delivery/api/web/static/js
education_system/shared/api/web/static/js/modules	education_system/platform/delivery/api/web/static/js/modules
education_system/shared/api/web/templates	education_system/platform/delivery/api/web/templates
education_system/shared/audit	education_system/platform/governance/audit
education_system/shared/auth	education_system/platform/identity/auth
education_system/shared/backup	education_system/platform/kernel/backup
education_system/shared/bank_holidays	education_system/platform/features/bank_holidays
education_system/shared/base	education_system/platform/kernel/base
education_system/shared/calendar	education_system/platform/features/calendar
education_system/shared/certificates	education_system/platform/features/certificates
education_system/shared/certificates/templates	education_system/platform/features/certificates/templates
education_system/shared/cli	education_system/platform/delivery/cli
education_system/shared/core	education_system/platform/kernel/core
education_system/shared/cross_system	education_system/platform/cross_system
education_system/shared/data	@var/data/platform
education_system/shared/data/config	@var/data/platform/config
education_system/shared/data/db_files	@var/data/platform/db_files
education_system/shared/data/locales/ar	@var/data/platform/locales/ar
education_system/shared/data/locales/cy	@var/data/platform/locales/cy
education_system/shared/data/locales/de	@var/data/platform/locales/de
education_system/shared/data/locales/en	@var/data/platform/locales/en
education_system/shared/data/locales/es	@var/data/platform/locales/es
education_system/shared/data/locales/fr	@var/data/platform/locales/fr
education_system/shared/data/locales/ja	@var/data/platform/locales/ja
education_system/shared/data/locales/ko	@var/data/platform/locales/ko
education_system/shared/data/locales/pl	@var/data/platform/locales/pl
education_system/shared/data/locales/pt	@var/data/platform/locales/pt
education_system/shared/data/locales/ru	@var/data/platform/locales/ru
education_system/shared/data/locales/ur	@var/data/platform/locales/ur
education_system/shared/data/locales/zh	@var/data/platform/locales/zh
education_system/shared/database	education_system/platform/kernel/database
education_system/shared/documents	education_system/platform/features/documents
education_system/shared/email	education_system/platform/integrations/email
education_system/shared/extras	education_system/platform/features/extras
education_system/shared/extras/decision-maker	education_system/platform/features/extras/decision-maker
education_system/shared/extras/habit-tracker	education_system/platform/features/extras/habit-tracker
education_system/shared/extras/hash-generator	education_system/platform/features/extras/hash-generator
education_system/shared/extras/log-analyzer	education_system/platform/features/extras/log-analyzer
education_system/shared/extras/password-analyzer	education_system/platform/features/extras/password-analyzer
education_system/shared/extras/query-builder	education_system/platform/features/extras/query-builder
education_system/shared/extras/random-skill-generator	education_system/platform/features/extras/random-skill-generator
education_system/shared/gdpr	education_system/platform/governance/gdpr
education_system/shared/gui	education_system/platform/delivery/gui
education_system/shared/i18n	education_system/platform/features/i18n
education_system/shared/integrations	education_system/platform/integrations/external
education_system/shared/lms	education_system/platform/features/lms
education_system/shared/messaging	education_system/platform/features/messaging
education_system/shared/notifications	education_system/platform/features/notifications
education_system/shared/offline	education_system/platform/features/offline
education_system/shared/reporting	education_system/platform/features/reporting
education_system/shared/safeguarding	education_system/platform/governance/safeguarding
education_system/shared/security	education_system/platform/governance/security
education_system/shared/seeding	education_system/platform/kernel/seeding
education_system/shared/services	education_system/platform/services
education_system/shared/services/data_retention	education_system/platform/services/data_retention
education_system/shared/staff_directory	education_system/platform/identity/staff_directory
education_system/shared/student_id	education_system/platform/identity/student_id
education_system/shared/student_portal	education_system/platform/delivery/portals/student
education_system/shared/templates/email	education_system/platform/assets/templates/email
education_system/shared/testing	education_system/platform/testing
education_system/shared/tests	@tests/launcher
education_system/shared/tests	@tests/migrations
education_system/shared/tests	@tests/platform
education_system/shared/tests	@tests/platform/cross_system
education_system/shared/tests	@tests/platform/delivery/api
education_system/shared/tests	@tests/platform/delivery/gui
education_system/shared/tests	@tests/platform/delivery/portals/admin
education_system/shared/tests	@tests/platform/features/analytics
education_system/shared/tests	@tests/platform/features/bank_holidays
education_system/shared/tests	@tests/platform/features/calendar
education_system/shared/tests	@tests/platform/features/certificates
education_system/shared/tests	@tests/platform/features/documents
education_system/shared/tests	@tests/platform/features/lms
education_system/shared/tests	@tests/platform/features/messaging
education_system/shared/tests	@tests/platform/features/notifications
education_system/shared/tests	@tests/platform/features/offline
education_system/shared/tests	@tests/platform/governance/audit
education_system/shared/tests	@tests/platform/governance/gdpr
education_system/shared/tests	@tests/platform/governance/security
education_system/shared/tests	@tests/platform/identity
education_system/shared/tests	@tests/platform/identity/auth
education_system/shared/tests	@tests/platform/identity/student_id
education_system/shared/tests	@tests/platform/integrations/email
education_system/shared/tests	@tests/platform/kernel/backup
education_system/shared/tests	@tests/platform/kernel/seeding
education_system/shared/tests	@tests/platform/services
education_system/shared/tests	@tests/platform/services/data_retention
education_system/shared/tests/performance	@tests/platform/performance
education_system/shared/tests/performance/scenarios	@tests/platform/performance/scenarios
education_system/shared/transcript	education_system/platform/features/transcript
education_system/shared/validation	education_system/platform/kernel/validation
education_system/shared/webhooks	education_system/platform/integrations/webhooks
