2026-02-08 16:38:00,304 - INFO - university_system.modules.shared.utils.i18n - i18n initialized with language: en
2026-02-08 16:38:00,355 - INFO - university_system.modules.shared.utils.i18n - i18n initialized with language: en
2026-02-08 16:38:00,362 - INFO - university_system.modules.shared.utils.i18n - i18n initialized with language: en
2026-02-08 16:38:01,949 - INFO - university_system.modules.shared.utils.i18n - i18n initialized with language: en
2026-02-08 16:39:23,837 - INFO - university_system.modules.shared.utils.i18n - i18n initialized with language: en
2026-02-08 16:39:23,883 - INFO - university_system.modules.shared.utils.i18n - i18n initialized with language: en
2026-02-08 16:39:23,893 - INFO - university_system.modules.shared.utils.i18n - i18n initialized with language: en
2026-02-08 16:39:25,165 - INFO - university_system.modules.shared.utils.i18n - i18n initialized with language: en
2026-02-08 16:41:13,015 - INFO - university_system.modules.shared.utils.i18n - i18n initialized with language: en
2026-02-08 16:41:13,067 - INFO - university_system.modules.shared.utils.i18n - i18n initialized with language: en
2026-02-08 16:41:13,074 - INFO - university_system.modules.shared.utils.i18n - i18n initialized with language: en
2026-02-08 16:41:14,515 - INFO - university_system.modules.shared.utils.i18n - i18n initialized with language: en
2026-02-08 16:41:42,419 - INFO - university_system.modules.shared.utils.i18n - i18n initialized with language: en
2026-02-08 16:41:42,457 - INFO - university_system.modules.shared.utils.i18n - i18n initialized with language: en
2026-02-08 16:41:42,471 - INFO - university_system.modules.shared.utils.i18n - i18n initialized with language: en
2026-02-08 16:41:43,634 - INFO - university_system.modules.shared.utils.i18n - i18n initialized with language: en
2026-02-08 16:47:37,461 - INFO - university_system.modules.shared.utils.i18n - i18n initialized with language: en
2026-02-08 16:47:37,519 - INFO - university_system.modules.shared.utils.i18n - i18n initialized with language: en
2026-02-08 16:47:37,528 - INFO - university_system.modules.shared.utils.i18n - i18n initialized with language: en
2026-02-08 16:47:38,974 - INFO - university_system.modules.shared.utils.i18n - i18n initialized with language: en
2026-02-09 09:45:33,791 - INFO - __main__ - Ensuring directory structure
2026-02-09 09:45:34,240 - INFO - __main__ - Initializing i18n system
2026-02-09 09:45:34,245 - INFO - university_system.modules.shared.utils.i18n - i18n initialized with language: en
2026-02-09 09:45:34,246 - INFO - __main__ - Initializing auth system
2026-02-09 09:45:34,609 - INFO - root - Students table is present but empty. Import student records to enable student-facing workflows.
2026-02-09 09:45:34,610 - WARNING - root - SECURITY WARNING: No DEFAULT_ADMIN_PASSWORD environment variable set. Using default password for development. NEVER use this in production!
2026-02-09 09:45:34,610 - WARNING - university_system.infrastructure.auth.core - Admin account using default dev password (set DEFAULT_ADMIN_PASSWORD in production)
2026-02-09 09:45:34,611 - INFO - root - Using default password for staff account (development only)
2026-02-09 09:45:34,611 - WARNING - university_system.infrastructure.auth.core - Staff account using default dev password (set DEFAULT_STAFF_PASSWORD in production)
2026-02-09 09:45:34,615 - INFO - root - Using default password for student account (development only)
2026-02-09 09:45:34,616 - WARNING - university_system.infrastructure.auth.core - Student account using default dev password (set DEFAULT_STUDENT_PASSWORD in production)
2026-02-09 09:45:36,903 - INFO - root - Created default admin account
2026-02-09 09:45:39,222 - INFO - root - Created default staff account
2026-02-09 09:45:41,584 - INFO - root - Created default student account
2026-02-09 09:45:41,630 - INFO - university_system.infrastructure.auth.core - UserAuth initialized successfully!
2026-02-09 09:45:41,631 - INFO - university_system.infrastructure.shared_context - Authentication instance set successfully
2026-02-09 09:45:41,632 - INFO - __main__ - Auth system initialized successfully
2026-02-09 09:45:41,633 - INFO - __main__ - Initializing database
2026-02-09 09:45:41,673 - INFO - root - Database already initialized with 11 tables
2026-02-09 09:45:41,675 - INFO - __main__ - Starting Graphical User Interface
2026-02-09 09:45:41,677 - INFO - __main__ - Showing language selector
2026-02-09 09:45:41,681 - INFO - university_system.modules.shared.utils.i18n - i18n initialized with language: en
2026-02-09 09:45:43,886 - INFO - university_system.modules.shared.utils.i18n - Language set to: en
2026-02-09 09:45:43,890 - INFO - university_system.modules.shared.utils.i18n - Saved language preference: en
2026-02-09 09:45:43,925 - INFO - __main__ - Language selected: en
2026-02-09 09:45:43,927 - INFO - university_system.modules.shared.utils.i18n - i18n initialized with language: en
2026-02-09 09:45:44,774 - INFO - university_system.modules.shared.utils.i18n - i18n initialized with language: en
2026-02-09 09:45:44,836 - INFO - university_system.modules.shared.utils.i18n - i18n initialized with language: en
2026-02-09 09:45:44,846 - INFO - university_system.modules.shared.utils.i18n - i18n initialized with language: en
2026-02-09 09:45:44,997 - INFO - university_system.modules.shared.utils.i18n - i18n initialized with language: en
2026-02-09 09:45:52,215 - INFO - university_system.modules.shared.utils.i18n - i18n initialized with language: en
2026-02-09 09:45:52,294 - INFO - university_system.modules.shared.utils.i18n - i18n initialized with language: en
2026-02-09 09:45:52,314 - INFO - university_system.modules.shared.utils.i18n - i18n initialized with language: en
2026-02-09 09:45:52,377 - INFO - university_system.modules.shared.utils.i18n - i18n initialized with language: en
2026-02-09 09:45:52,401 - INFO - university_system.modules.shared.utils.i18n - i18n initialized with language: en
2026-02-09 09:45:52,533 - INFO - university_system.modules.shared.utils.i18n - i18n initialized with language: en
2026-02-09 09:45:52,773 - INFO - university_system.modules.shared.utils.i18n - i18n initialized with language: en
2026-02-09 09:45:52,821 - INFO - university_system.modules.shared.utils.i18n - i18n initialized with language: en
2026-02-09 09:45:52,899 - INFO - university_system.modules.shared.utils.i18n - i18n initialized with language: en
2026-02-09 09:45:52,912 - INFO - university_system.modules.shared.utils.i18n - i18n initialized with language: en
2026-02-09 09:45:52,946 - INFO - university_system.modules.shared.utils.i18n - i18n initialized with language: en
2026-02-09 09:45:52,970 - INFO - university_system.modules.shared.utils.i18n - i18n initialized with language: en
2026-02-09 09:45:52,999 - INFO - university_system.modules.shared.utils.i18n - i18n initialized with language: en
2026-02-09 09:45:53,034 - INFO - university_system.modules.shared.utils.i18n - i18n initialized with language: en
2026-02-09 09:45:53,094 - INFO - university_system.modules.shared.utils.i18n - i18n initialized with language: en
2026-02-09 09:45:53,115 - INFO - university_system.modules.shared.utils.i18n - i18n initialized with language: en
2026-02-09 09:45:53,132 - INFO - university_system.modules.shared.utils.i18n - i18n initialized with language: en
2026-02-09 09:45:53,144 - INFO - university_system.modules.shared.utils.i18n - i18n initialized with language: en
2026-02-09 09:45:53,211 - INFO - university_system.modules.shared.utils.i18n - i18n initialized with language: en
2026-02-09 09:45:53,223 - INFO - university_system.modules.shared.utils.i18n - i18n initialized with language: en
2026-02-09 09:45:53,232 - INFO - university_system.modules.shared.utils.i18n - i18n initialized with language: en
2026-02-09 09:45:53,243 - INFO - university_system.modules.shared.utils.i18n - i18n initialized with language: en
2026-02-09 09:45:53,252 - INFO - university_system.modules.shared.utils.i18n - i18n initialized with language: en
2026-02-09 09:45:53,264 - INFO - university_system.modules.shared.utils.i18n - i18n initialized with language: en
2026-02-09 09:45:53,273 - INFO - university_system.modules.shared.utils.i18n - i18n initialized with language: en
2026-02-09 09:45:53,283 - INFO - university_system.modules.shared.utils.i18n - i18n initialized with language: en
2026-02-09 09:45:53,292 - INFO - university_system.modules.shared.utils.i18n - i18n initialized with language: en
2026-02-09 09:45:53,302 - INFO - university_system.modules.shared.utils.i18n - i18n initialized with language: en
2026-02-09 09:45:53,310 - INFO - university_system.modules.shared.utils.i18n - i18n initialized with language: en
2026-02-09 09:45:53,319 - INFO - university_system.modules.shared.utils.i18n - i18n initialized with language: en
2026-02-09 09:45:53,330 - INFO - university_system.modules.shared.utils.i18n - i18n initialized with language: en
2026-02-09 09:45:53,342 - INFO - university_system.modules.shared.utils.i18n - i18n initialized with language: en
2026-02-09 09:45:53,350 - INFO - university_system.modules.shared.utils.i18n - i18n initialized with language: en
2026-02-09 09:45:53,361 - INFO - university_system.modules.shared.utils.i18n - i18n initialized with language: en
2026-02-09 09:45:53,380 - INFO - university_system.modules.shared.utils.i18n - i18n initialized with language: en
2026-02-09 09:45:53,395 - INFO - university_system.modules.shared.utils.i18n - i18n initialized with language: en
2026-02-09 09:45:53,411 - INFO - university_system.modules.shared.utils.i18n - i18n initialized with language: en
2026-02-09 09:45:55,513 - INFO - university_system.modules.shared.utils.i18n - i18n initialized with language: en
2026-02-09 09:45:55,764 - INFO - university_system.modules.shared.utils.i18n - i18n initialized with language: en
2026-02-09 09:45:55,857 - INFO - university_system.infrastructure.security.flask_security_headers - Flask security headers initialized (production mode)
2026-02-09 09:45:55,905 - INFO - university_system.infrastructure.security.flask_security_headers - Flask security headers initialized (production mode)
2026-02-09 09:45:55,948 - INFO - university_system.infrastructure.security.flask_security_headers - Flask security headers initialized (production mode)
2026-02-09 09:45:55,994 - INFO - university_system.infrastructure.security.flask_security_headers - Flask security headers initialized (production mode)
2026-02-09 09:45:56,099 - INFO - university_system.infrastructure.security.flask_security_headers - Flask security headers initialized (production mode)
2026-02-09 09:45:56,143 - INFO - university_system.infrastructure.security.flask_security_headers - Flask security headers initialized (production mode)
2026-02-09 09:45:56,146 - INFO - university_system.modules.domain.finance.gui.finance.common_imports - Successfully imported collection management functions from revenue_analytics
2026-02-09 09:45:56,147 - INFO - university_system.modules.domain.finance.gui.finance.common_imports - Successfully imported scholarship and financial aid functions
2026-02-09 09:45:56,563 - INFO - university_system.infrastructure.security.flask_security_headers - Flask security headers initialized (production mode)
2026-02-09 09:45:59,265 - INFO - university_system.modules.shared.utils.i18n - i18n initialized with language: en
2026-02-09 09:46:03,633 - INFO - university_system.modules.shared.utils.i18n - i18n initialized with language: en
2026-02-09 09:46:04,821 - INFO - university_system.modules.shared.utils.i18n - i18n initialized with language: en
2026-02-09 09:46:08,400 - INFO - university_system.modules.shared.utils.i18n - i18n initialized with language: en
2026-02-09 09:46:10,297 - WARNING - ai_detector - transformers not available. Advanced AI detection will be disabled.
2026-02-09 09:46:10,300 - WARNING - ai_detector - OCR libraries not available. Image analysis will be disabled.
2026-02-09 09:46:10,304 - WARNING - ai_detector - OpenCV not available. Advanced image analysis will be disabled.
2026-02-09 09:46:11,772 - INFO - university_system.infrastructure.security.flask_security_headers - Flask security headers initialized (production mode)
2026-02-09 09:46:13,821 - ERROR - university_system.modules.domain.student_affairs.services.student_support.utils.audit - Failed to log audit trail: no such table: audit_trail
2026-02-09 09:46:13,823 - INFO - university_system.modules.domain.student_affairs.services.student_support.utils.audit - Action create_kb_article completed successfully in 0.00s
2026-02-09 09:46:14,210 - INFO - university_system.modules.shared.utils.i18n - i18n initialized with language: en
2026-02-09 09:46:14,291 - INFO - university_system.modules.shared.utils.i18n - i18n initialized with language: en
2026-02-09 09:46:19,720 - WARNING - university_system.modules.domain.academics.services.plagiarism.plagiarism_main - textract not available. Only .txt files will be supported.
2026-02-09 09:46:19,729 - WARNING - university_system.modules.domain.academics.services.plagiarism.plagiarism_main - textract not available. Only .txt files will be supported.
2026-02-09 09:46:24,449 - INFO - university_system.modules.shared.utils.i18n - i18n initialized with language: en
2026-02-09 09:46:25,573 - INFO - university_system.modules.shared.utils.i18n - i18n initialized with language: en
2026-02-09 09:46:26,073 - INFO - university_system.modules.shared.utils.i18n - i18n initialized with language: en
2026-02-09 09:46:26,097 - INFO - university_system.modules.shared.utils.i18n - i18n initialized with language: en
2026-02-09 09:46:26,175 - INFO - university_system.modules.shared.utils.i18n - i18n initialized with language: en
2026-02-09 09:46:26,211 - INFO - university_system.modules.shared.utils.i18n - i18n initialized with language: en
2026-02-09 09:46:26,250 - INFO - university_system.modules.shared.utils.i18n - i18n initialized with language: en
2026-02-09 09:46:26,286 - INFO - university_system.modules.shared.utils.i18n - i18n initialized with language: en
2026-02-09 09:46:26,318 - INFO - university_system.modules.shared.utils.i18n - i18n initialized with language: en
2026-02-09 09:46:26,335 - INFO - university_system.modules.shared.utils.i18n - i18n initialized with language: en
2026-02-09 09:46:26,376 - INFO - university_system.modules.shared.utils.i18n - i18n initialized with language: en
2026-02-09 09:46:26,405 - INFO - university_system.modules.shared.utils.i18n - i18n initialized with language: en
2026-02-09 09:46:26,426 - INFO - university_system.modules.shared.utils.i18n - i18n initialized with language: en
2026-02-09 09:46:26,447 - INFO - university_system.modules.shared.utils.i18n - i18n initialized with language: en
2026-02-09 09:46:26,463 - INFO - university_system.modules.shared.utils.i18n - i18n initialized with language: en
2026-02-09 09:46:26,482 - INFO - university_system.modules.shared.utils.i18n - i18n initialized with language: en
2026-02-09 09:46:26,492 - INFO - university_system.modules.shared.utils.i18n - i18n initialized with language: en
2026-02-09 09:46:26,507 - INFO - university_system.modules.shared.utils.i18n - i18n initialized with language: en
2026-02-09 09:46:26,615 - INFO - university_system.modules.shared.utils.i18n - i18n initialized with language: en
2026-02-09 09:46:26,651 - INFO - university_system.modules.shared.utils.i18n - i18n initialized with language: en
2026-02-09 09:46:26,686 - INFO - university_system.modules.shared.utils.i18n - i18n initialized with language: en
2026-02-09 09:46:26,740 - INFO - university_system.modules.shared.utils.i18n - i18n initialized with language: en
2026-02-09 09:46:26,783 - INFO - university_system.modules.shared.utils.i18n - i18n initialized with language: en
2026-02-09 09:46:26,825 - INFO - university_system.modules.shared.utils.i18n - i18n initialized with language: en
2026-02-09 09:46:26,878 - INFO - university_system.modules.shared.utils.i18n - i18n initialized with language: en
2026-02-09 09:46:26,979 - INFO - university_system.modules.shared.utils.i18n - i18n initialized with language: en
2026-02-09 09:46:27,034 - INFO - university_system.modules.shared.utils.i18n - i18n initialized with language: en
2026-02-09 09:46:27,055 - INFO - university_system.modules.shared.utils.i18n - i18n initialized with language: en
2026-02-09 09:46:27,076 - INFO - university_system.modules.shared.utils.i18n - i18n initialized with language: en
2026-02-09 09:46:27,103 - INFO - university_system.modules.shared.utils.i18n - i18n initialized with language: en
2026-02-09 09:46:27,125 - INFO - university_system.modules.shared.utils.i18n - i18n initialized with language: en
2026-02-09 09:46:27,151 - INFO - university_system.modules.shared.utils.i18n - i18n initialized with language: en
2026-02-09 09:46:27,170 - INFO - university_system.modules.shared.utils.i18n - i18n initialized with language: en
2026-02-09 09:46:27,193 - INFO - university_system.modules.shared.utils.i18n - i18n initialized with language: en
2026-02-09 09:46:27,232 - INFO - university_system.modules.shared.utils.i18n - i18n initialized with language: en
2026-02-09 09:46:28,868 - INFO - university_system.infrastructure.security.flask_security_headers - Flask security headers initialized (production mode)
2026-02-09 09:46:29,761 - INFO - university_system.modules.shared.utils.i18n - i18n initialized with language: en
2026-02-09 09:46:29,784 - INFO - university_system.modules.shared.utils.i18n - i18n initialized with language: en
2026-02-09 09:46:29,855 - INFO - university_system.modules.shared.utils.i18n - i18n initialized with language: en
2026-02-09 09:46:29,925 - INFO - university_system.modules.shared.utils.i18n - i18n initialized with language: en
2026-02-09 09:46:29,987 - INFO - university_system.modules.shared.utils.i18n - i18n initialized with language: en
2026-02-09 09:46:30,021 - INFO - university_system.modules.shared.utils.i18n - i18n initialized with language: en
2026-02-09 09:46:30,067 - INFO - university_system.modules.shared.utils.i18n - i18n initialized with language: en
2026-02-09 09:46:30,160 - INFO - university_system.modules.shared.utils.i18n - i18n initialized with language: en
2026-02-09 09:46:30,220 - INFO - university_system.modules.shared.utils.i18n - i18n initialized with language: en
2026-02-09 09:46:30,304 - INFO - university_system.modules.shared.utils.i18n - i18n initialized with language: en
2026-02-09 09:46:30,335 - INFO - university_system.modules.shared.utils.i18n - i18n initialized with language: en
2026-02-09 09:46:30,474 - INFO - university_system.modules.shared.utils.i18n - i18n initialized with language: en
2026-02-09 09:46:30,534 - INFO - university_system.modules.shared.utils.i18n - i18n initialized with language: en
2026-02-09 09:46:30,572 - INFO - university_system.modules.shared.utils.i18n - i18n initialized with language: en
2026-02-09 09:46:30,643 - INFO - university_system.modules.shared.utils.i18n - i18n initialized with language: en
2026-02-09 09:46:30,674 - INFO - university_system.modules.shared.utils.i18n - i18n initialized with language: en
2026-02-09 09:46:30,733 - INFO - university_system.modules.shared.utils.i18n - i18n initialized with language: en
2026-02-09 09:46:30,766 - INFO - university_system.modules.shared.utils.i18n - i18n initialized with language: en
2026-02-09 09:46:30,793 - INFO - university_system.modules.shared.utils.i18n - i18n initialized with language: en
2026-02-09 09:46:30,885 - INFO - university_system.modules.shared.utils.i18n - i18n initialized with language: en
2026-02-09 09:46:30,902 - INFO - university_system.modules.shared.utils.i18n - i18n initialized with language: en
2026-02-09 09:46:38,607 - INFO - university_system.modules.shared.utils.i18n - i18n initialized with language: en
2026-02-09 09:46:38,752 - INFO - university_system.modules.shared.utils.i18n - i18n initialized with language: en
2026-02-09 09:46:38,778 - INFO - university_system.modules.shared.utils.i18n - i18n initialized with language: en
2026-02-09 09:46:38,807 - INFO - university_system.modules.shared.utils.i18n - i18n initialized with language: en
2026-02-09 09:46:38,826 - INFO - university_system.modules.shared.utils.i18n - i18n initialized with language: en
2026-02-09 09:46:38,856 - INFO - university_system.modules.shared.utils.i18n - i18n initialized with language: en
2026-02-09 09:46:38,869 - INFO - university_system.modules.shared.utils.i18n - i18n initialized with language: en
2026-02-09 09:46:38,894 - INFO - university_system.modules.shared.utils.i18n - i18n initialized with language: en
2026-02-09 09:46:38,976 - INFO - university_system.modules.shared.utils.i18n - i18n initialized with language: en
2026-02-09 09:46:38,993 - INFO - university_system.modules.shared.utils.i18n - i18n initialized with language: en
2026-02-09 09:46:39,019 - INFO - university_system.modules.shared.utils.i18n - i18n initialized with language: en
2026-02-09 09:46:39,045 - INFO - university_system.modules.shared.utils.i18n - i18n initialized with language: en
2026-02-09 09:46:39,088 - INFO - university_system.modules.shared.utils.i18n - i18n initialized with language: en
2026-02-09 09:46:39,117 - INFO - university_system.modules.shared.utils.i18n - i18n initialized with language: en
2026-02-09 09:46:39,162 - INFO - university_system.modules.shared.utils.i18n - i18n initialized with language: en
2026-02-09 09:46:39,167 - INFO - university_system.modules.shared.utils.i18n - i18n initialized with language: en
2026-02-09 09:46:57,606 - INFO - university_system.modules.shared.utils.activity_logger - admin - Logged in successfully - 2026-02-09 09:46:57
2026-02-09 09:46:57,610 - WARNING - university_system.infrastructure.security.immutable_audit_log - AUDIT_LOG_SECRET not configured. Generating random key. Set AUDIT_LOG_SECRET environment variable for production!
2026-02-09 09:47:10,803 - INFO - root - [2026-02-09 09:47:10] GUI: User admin logged in successfully
2026-02-09 09:49:15,060 - INFO - university_system.modules.shared.utils.activity_logger - admin - Create database_tables - 2026-02-09 09:49:15
2026-02-09 09:49:15,139 - INFO - university_system.modules.shared.utils.activity_logger - admin - Create database_tables - 2026-02-09 09:49:15
2026-02-09 09:49:15,644 - ERROR - university_system.modules.domain.finance.reporting.revenue_by_source_report - Database error in get_revenue_by_source: no such table: musicshop_transactions
2026-02-09 09:51:50,870 - INFO - __main__ - Ensuring directory structure
2026-02-09 09:51:50,874 - INFO - __main__ - Initializing i18n system
2026-02-09 09:51:50,876 - INFO - university_system.modules.shared.utils.i18n - i18n initialized with language: en
2026-02-09 09:51:50,877 - INFO - __main__ - Initializing auth system
2026-02-09 09:51:51,268 - WARNING - root - SECURITY WARNING: No DEFAULT_ADMIN_PASSWORD environment variable set. Using default password for development. NEVER use this in production!
2026-02-09 09:51:51,270 - WARNING - university_system.infrastructure.auth.core - Admin account using default dev password (set DEFAULT_ADMIN_PASSWORD in production)
2026-02-09 09:51:51,270 - INFO - root - Using default password for staff account (development only)
2026-02-09 09:51:51,270 - WARNING - university_system.infrastructure.auth.core - Staff account using default dev password (set DEFAULT_STAFF_PASSWORD in production)
2026-02-09 09:51:51,271 - INFO - root - Using default password for student account (development only)
2026-02-09 09:51:51,271 - WARNING - university_system.infrastructure.auth.core - Student account using default dev password (set DEFAULT_STUDENT_PASSWORD in production)
2026-02-09 09:51:53,559 - INFO - root - Created default student account
2026-02-09 09:51:53,592 - INFO - university_system.infrastructure.auth.core - UserAuth initialized successfully!
2026-02-09 09:51:53,597 - INFO - university_system.infrastructure.shared_context - Authentication instance set successfully
2026-02-09 09:51:53,598 - INFO - __main__ - Auth system initialized successfully
2026-02-09 09:51:53,598 - INFO - __main__ - Initializing database
2026-02-09 09:51:53,654 - INFO - root - Database already initialized with 973 tables
2026-02-09 09:51:53,656 - INFO - __main__ - Starting Graphical User Interface
2026-02-09 09:51:53,657 - INFO - __main__ - Showing language selector
2026-02-09 09:51:53,657 - INFO - university_system.modules.shared.utils.i18n - i18n initialized with language: en
2026-02-09 09:51:55,152 - INFO - university_system.modules.shared.utils.i18n - Language set to: en
2026-02-09 09:51:55,178 - INFO - university_system.modules.shared.utils.i18n - Saved language preference: en
2026-02-09 09:51:55,207 - INFO - __main__ - Language selected: en
2026-02-09 09:51:55,209 - INFO - university_system.modules.shared.utils.i18n - i18n initialized with language: en
2026-02-09 09:51:55,368 - INFO - university_system.modules.shared.utils.i18n - i18n initialized with language: en
2026-02-09 09:51:55,377 - INFO - university_system.modules.shared.utils.i18n - i18n initialized with language: en
2026-02-09 09:51:55,383 - INFO - university_system.modules.shared.utils.i18n - i18n initialized with language: en
2026-02-09 09:51:55,430 - INFO - university_system.modules.shared.utils.i18n - i18n initialized with language: en
2026-02-09 09:51:59,101 - INFO - university_system.modules.shared.utils.i18n - i18n initialized with language: en
2026-02-09 09:51:59,116 - INFO - university_system.modules.shared.utils.i18n - i18n initialized with language: en
2026-02-09 09:51:59,125 - INFO - university_system.modules.shared.utils.i18n - i18n initialized with language: en
2026-02-09 09:51:59,140 - INFO - university_system.modules.shared.utils.i18n - i18n initialized with language: en
2026-02-09 09:51:59,148 - INFO - university_system.modules.shared.utils.i18n - i18n initialized with language: en
2026-02-09 09:51:59,170 - INFO - university_system.modules.shared.utils.i18n - i18n initialized with language: en
2026-02-09 09:51:59,239 - INFO - university_system.modules.shared.utils.i18n - i18n initialized with language: en
2026-02-09 09:51:59,246 - INFO - university_system.modules.shared.utils.i18n - i18n initialized with language: en
2026-02-09 09:51:59,276 - INFO - university_system.modules.shared.utils.i18n - i18n initialized with language: en
2026-02-09 09:51:59,285 - INFO - university_system.modules.shared.utils.i18n - i18n initialized with language: en
2026-02-09 09:51:59,297 - INFO - university_system.modules.shared.utils.i18n - i18n initialized with language: en
2026-02-09 09:51:59,308 - INFO - university_system.modules.shared.utils.i18n - i18n initialized with language: en
2026-02-09 09:51:59,321 - INFO - university_system.modules.shared.utils.i18n - i18n initialized with language: en
2026-02-09 09:51:59,333 - INFO - university_system.modules.shared.utils.i18n - i18n initialized with language: en
2026-02-09 09:51:59,343 - INFO - university_system.modules.shared.utils.i18n - i18n initialized with language: en
2026-02-09 09:51:59,355 - INFO - university_system.modules.shared.utils.i18n - i18n initialized with language: en
2026-02-09 09:51:59,366 - INFO - university_system.modules.shared.utils.i18n - i18n initialized with language: en
2026-02-09 09:51:59,373 - INFO - university_system.modules.shared.utils.i18n - i18n initialized with language: en
2026-02-09 09:51:59,405 - INFO - university_system.modules.shared.utils.i18n - i18n initialized with language: en
2026-02-09 09:51:59,410 - INFO - university_system.modules.shared.utils.i18n - i18n initialized with language: en
2026-02-09 09:51:59,415 - INFO - university_system.modules.shared.utils.i18n - i18n initialized with language: en
2026-02-09 09:51:59,423 - INFO - university_system.modules.shared.utils.i18n - i18n initialized with language: en
2026-02-09 09:51:59,429 - INFO - university_system.modules.shared.utils.i18n - i18n initialized with language: en
2026-02-09 09:51:59,435 - INFO - university_system.modules.shared.utils.i18n - i18n initialized with language: en
2026-02-09 09:51:59,441 - INFO - university_system.modules.shared.utils.i18n - i18n initialized with language: en
2026-02-09 09:51:59,447 - INFO - university_system.modules.shared.utils.i18n - i18n initialized with language: en
2026-02-09 09:51:59,452 - INFO - university_system.modules.shared.utils.i18n - i18n initialized with language: en
2026-02-09 09:51:59,461 - INFO - university_system.modules.shared.utils.i18n - i18n initialized with language: en
2026-02-09 09:51:59,465 - INFO - university_system.modules.shared.utils.i18n - i18n initialized with language: en
2026-02-09 09:51:59,470 - INFO - university_system.modules.shared.utils.i18n - i18n initialized with language: en
2026-02-09 09:51:59,477 - INFO - university_system.modules.shared.utils.i18n - i18n initialized with language: en
2026-02-09 09:51:59,483 - INFO - university_system.modules.shared.utils.i18n - i18n initialized with language: en
2026-02-09 09:51:59,490 - INFO - university_system.modules.shared.utils.i18n - i18n initialized with language: en
2026-02-09 09:51:59,495 - INFO - university_system.modules.shared.utils.i18n - i18n initialized with language: en
2026-02-09 09:51:59,500 - INFO - university_system.modules.shared.utils.i18n - i18n initialized with language: en
2026-02-09 09:51:59,506 - INFO - university_system.modules.shared.utils.i18n - i18n initialized with language: en
2026-02-09 09:51:59,513 - INFO - university_system.modules.shared.utils.i18n - i18n initialized with language: en
2026-02-09 09:52:00,480 - INFO - university_system.modules.shared.utils.i18n - i18n initialized with language: en
2026-02-09 09:52:00,554 - INFO - university_system.modules.shared.utils.i18n - i18n initialized with language: en
2026-02-09 09:52:00,581 - INFO - university_system.infrastructure.security.flask_security_headers - Flask security headers initialized (production mode)
2026-02-09 09:52:00,593 - INFO - university_system.infrastructure.security.flask_security_headers - Flask security headers initialized (production mode)
2026-02-09 09:52:00,608 - INFO - university_system.infrastructure.security.flask_security_headers - Flask security headers initialized (production mode)
2026-02-09 09:52:00,616 - INFO - university_system.infrastructure.security.flask_security_headers - Flask security headers initialized (production mode)
2026-02-09 09:52:00,634 - INFO - university_system.infrastructure.security.flask_security_headers - Flask security headers initialized (production mode)
2026-02-09 09:52:00,646 - INFO - university_system.infrastructure.security.flask_security_headers - Flask security headers initialized (production mode)
2026-02-09 09:52:00,647 - INFO - university_system.modules.domain.finance.gui.finance.common_imports - Successfully imported collection management functions from revenue_analytics
2026-02-09 09:52:00,648 - INFO - university_system.modules.domain.finance.gui.finance.common_imports - Successfully imported scholarship and financial aid functions
2026-02-09 09:52:00,729 - INFO - university_system.infrastructure.security.flask_security_headers - Flask security headers initialized (production mode)
2026-02-09 09:52:02,281 - INFO - university_system.modules.shared.utils.i18n - i18n initialized with language: en
2026-02-09 09:52:03,753 - INFO - university_system.modules.shared.utils.i18n - i18n initialized with language: en
2026-02-09 09:52:04,050 - INFO - university_system.modules.shared.utils.i18n - i18n initialized with language: en
2026-02-09 09:52:05,482 - INFO - university_system.modules.shared.utils.i18n - i18n initialized with language: en
2026-02-09 09:52:06,564 - WARNING - ai_detector - transformers not available. Advanced AI detection will be disabled.
2026-02-09 09:52:06,566 - WARNING - ai_detector - OCR libraries not available. Image analysis will be disabled.
2026-02-09 09:52:06,568 - WARNING - ai_detector - OpenCV not available. Advanced image analysis will be disabled.
2026-02-09 09:52:06,793 - INFO - university_system.infrastructure.security.flask_security_headers - Flask security headers initialized (production mode)
2026-02-09 09:52:07,547 - INFO - university_system.modules.domain.student_affairs.services.student_support.utils.audit - Action create_kb_article completed successfully in 0.00s
2026-02-09 09:52:07,696 - INFO - university_system.modules.shared.utils.i18n - i18n initialized with language: en
2026-02-09 09:52:07,722 - INFO - university_system.modules.shared.utils.i18n - i18n initialized with language: en
2026-02-09 09:52:09,718 - WARNING - university_system.modules.domain.academics.services.plagiarism.plagiarism_main - textract not available. Only .txt files will be supported.
2026-02-09 09:52:09,723 - WARNING - university_system.modules.domain.academics.services.plagiarism.plagiarism_main - textract not available. Only .txt files will be supported.
2026-02-09 09:52:11,615 - INFO - university_system.modules.shared.utils.i18n - i18n initialized with language: en
2026-02-09 09:52:11,888 - INFO - university_system.modules.shared.utils.i18n - i18n initialized with language: en
2026-02-09 09:52:12,120 - INFO - university_system.modules.shared.utils.i18n - i18n initialized with language: en
2026-02-09 09:52:12,126 - INFO - university_system.modules.shared.utils.i18n - i18n initialized with language: en
2026-02-09 09:52:12,134 - INFO - university_system.modules.shared.utils.i18n - i18n initialized with language: en
2026-02-09 09:52:12,141 - INFO - university_system.modules.shared.utils.i18n - i18n initialized with language: en
2026-02-09 09:52:12,145 - INFO - university_system.modules.shared.utils.i18n - i18n initialized with language: en
2026-02-09 09:52:12,152 - INFO - university_system.modules.shared.utils.i18n - i18n initialized with language: en
2026-02-09 09:52:12,157 - INFO - university_system.modules.shared.utils.i18n - i18n initialized with language: en
2026-02-09 09:52:12,167 - INFO - university_system.modules.shared.utils.i18n - i18n initialized with language: en
2026-02-09 09:52:12,173 - INFO - university_system.modules.shared.utils.i18n - i18n initialized with language: en
2026-02-09 09:52:12,179 - INFO - university_system.modules.shared.utils.i18n - i18n initialized with language: en
2026-02-09 09:52:12,185 - INFO - university_system.modules.shared.utils.i18n - i18n initialized with language: en
2026-02-09 09:52:12,191 - INFO - university_system.modules.shared.utils.i18n - i18n initialized with language: en
2026-02-09 09:52:12,195 - INFO - university_system.modules.shared.utils.i18n - i18n initialized with language: en
2026-02-09 09:52:12,202 - INFO - university_system.modules.shared.utils.i18n - i18n initialized with language: en
2026-02-09 09:52:12,207 - INFO - university_system.modules.shared.utils.i18n - i18n initialized with language: en
2026-02-09 09:52:12,211 - INFO - university_system.modules.shared.utils.i18n - i18n initialized with language: en
2026-02-09 09:52:12,228 - INFO - university_system.modules.shared.utils.i18n - i18n initialized with language: en
2026-02-09 09:52:12,236 - INFO - university_system.modules.shared.utils.i18n - i18n initialized with language: en
2026-02-09 09:52:12,242 - INFO - university_system.modules.shared.utils.i18n - i18n initialized with language: en
2026-02-09 09:52:12,250 - INFO - university_system.modules.shared.utils.i18n - i18n initialized with language: en
2026-02-09 09:52:12,257 - INFO - university_system.modules.shared.utils.i18n - i18n initialized with language: en
2026-02-09 09:52:12,265 - INFO - university_system.modules.shared.utils.i18n - i18n initialized with language: en
2026-02-09 09:52:12,274 - INFO - university_system.modules.shared.utils.i18n - i18n initialized with language: en
2026-02-09 09:52:12,287 - INFO - university_system.modules.shared.utils.i18n - i18n initialized with language: en
2026-02-09 09:52:12,294 - INFO - university_system.modules.shared.utils.i18n - i18n initialized with language: en
2026-02-09 09:52:12,303 - INFO - university_system.modules.shared.utils.i18n - i18n initialized with language: en
2026-02-09 09:52:12,309 - INFO - university_system.modules.shared.utils.i18n - i18n initialized with language: en
2026-02-09 09:52:12,316 - INFO - university_system.modules.shared.utils.i18n - i18n initialized with language: en
2026-02-09 09:52:12,323 - INFO - university_system.modules.shared.utils.i18n - i18n initialized with language: en
2026-02-09 09:52:12,330 - INFO - university_system.modules.shared.utils.i18n - i18n initialized with language: en
2026-02-09 09:52:12,342 - INFO - university_system.modules.shared.utils.i18n - i18n initialized with language: en
2026-02-09 09:52:12,353 - INFO - university_system.modules.shared.utils.i18n - i18n initialized with language: en
2026-02-09 09:52:12,361 - INFO - university_system.modules.shared.utils.i18n - i18n initialized with language: en
2026-02-09 09:52:12,570 - INFO - university_system.infrastructure.security.flask_security_headers - Flask security headers initialized (production mode)
2026-02-09 09:52:12,750 - INFO - university_system.modules.shared.utils.i18n - i18n initialized with language: en
2026-02-09 09:52:12,757 - INFO - university_system.modules.shared.utils.i18n - i18n initialized with language: en
2026-02-09 09:52:12,768 - INFO - university_system.modules.shared.utils.i18n - i18n initialized with language: en
2026-02-09 09:52:12,778 - INFO - university_system.modules.shared.utils.i18n - i18n initialized with language: en
2026-02-09 09:52:12,789 - INFO - university_system.modules.shared.utils.i18n - i18n initialized with language: en
2026-02-09 09:52:12,797 - INFO - university_system.modules.shared.utils.i18n - i18n initialized with language: en
2026-02-09 09:52:12,808 - INFO - university_system.modules.shared.utils.i18n - i18n initialized with language: en
2026-02-09 09:52:12,815 - INFO - university_system.modules.shared.utils.i18n - i18n initialized with language: en
2026-02-09 09:52:12,823 - INFO - university_system.modules.shared.utils.i18n - i18n initialized with language: en
2026-02-09 09:52:12,831 - INFO - university_system.modules.shared.utils.i18n - i18n initialized with language: en
2026-02-09 09:52:12,841 - INFO - university_system.modules.shared.utils.i18n - i18n initialized with language: en
2026-02-09 09:52:12,853 - INFO - university_system.modules.shared.utils.i18n - i18n initialized with language: en
2026-02-09 09:52:12,862 - INFO - university_system.modules.shared.utils.i18n - i18n initialized with language: en
2026-02-09 09:52:12,870 - INFO - university_system.modules.shared.utils.i18n - i18n initialized with language: en
2026-02-09 09:52:12,879 - INFO - university_system.modules.shared.utils.i18n - i18n initialized with language: en
2026-02-09 09:52:12,887 - INFO - university_system.modules.shared.utils.i18n - i18n initialized with language: en
2026-02-09 09:52:12,895 - INFO - university_system.modules.shared.utils.i18n - i18n initialized with language: en
2026-02-09 09:52:12,902 - INFO - university_system.modules.shared.utils.i18n - i18n initialized with language: en
2026-02-09 09:52:12,908 - INFO - university_system.modules.shared.utils.i18n - i18n initialized with language: en
2026-02-09 09:52:12,921 - INFO - university_system.modules.shared.utils.i18n - i18n initialized with language: en
2026-02-09 09:52:12,928 - INFO - university_system.modules.shared.utils.i18n - i18n initialized with language: en
2026-02-09 09:52:14,938 - INFO - university_system.modules.shared.utils.i18n - i18n initialized with language: en
2026-02-09 09:52:14,976 - INFO - university_system.modules.shared.utils.i18n - i18n initialized with language: en
2026-02-09 09:52:14,984 - INFO - university_system.modules.shared.utils.i18n - i18n initialized with language: en
2026-02-09 09:52:14,990 - INFO - university_system.modules.shared.utils.i18n - i18n initialized with language: en
2026-02-09 09:52:14,997 - INFO - university_system.modules.shared.utils.i18n - i18n initialized with language: en
2026-02-09 09:52:15,005 - INFO - university_system.modules.shared.utils.i18n - i18n initialized with language: en
2026-02-09 09:52:15,010 - INFO - university_system.modules.shared.utils.i18n - i18n initialized with language: en
2026-02-09 09:52:15,017 - INFO - university_system.modules.shared.utils.i18n - i18n initialized with language: en
2026-02-09 09:52:15,031 - INFO - university_system.modules.shared.utils.i18n - i18n initialized with language: en
2026-02-09 09:52:15,040 - INFO - university_system.modules.shared.utils.i18n - i18n initialized with language: en
2026-02-09 09:52:15,059 - INFO - university_system.modules.shared.utils.i18n - i18n initialized with language: en
2026-02-09 09:52:15,067 - INFO - university_system.modules.shared.utils.i18n - i18n initialized with language: en
2026-02-09 09:52:15,077 - INFO - university_system.modules.shared.utils.i18n - i18n initialized with language: en
2026-02-09 09:52:15,086 - INFO - university_system.modules.shared.utils.i18n - i18n initialized with language: en
2026-02-09 09:52:15,096 - INFO - university_system.modules.shared.utils.i18n - i18n initialized with language: en
2026-02-09 09:52:15,100 - INFO - university_system.modules.shared.utils.i18n - i18n initialized with language: en
2026-02-09 09:52:24,465 - INFO - university_system.modules.shared.utils.activity_logger - admin - Logged in successfully - 2026-02-09 09:52:24
2026-02-09 09:52:24,466 - WARNING - university_system.infrastructure.security.immutable_audit_log - AUDIT_LOG_SECRET not configured. Generating random key. Set AUDIT_LOG_SECRET environment variable for production!
2026-02-09 09:52:30,786 - INFO - university_system.modules.shared.utils.activity_logger - admin - Logged out - 2026-02-09 09:52:30
2026-02-09 09:53:57,009 - INFO - university_system.modules.shared.utils.activity_logger - admin - Logged in successfully - 2026-02-09 09:53:57
2026-02-09 09:54:01,813 - INFO - root - [2026-02-09 09:54:01] GUI: User admin logged in successfully
2026-02-09 09:54:44,276 - INFO - university_system.modules.shared.utils.logs - Template 'update_confirmation' rendered successfully
2026-02-09 09:54:44,278 - INFO - university_system.modules.shared.utils.logs - Initializing email database...
2026-02-09 09:54:44,434 - INFO - university_system.modules.shared.utils.logs - Current schema version: 2, target: 2
2026-02-09 09:54:44,450 - INFO - university_system.modules.shared.utils.logs - Email database initialized successfully
2026-02-09 09:54:44,451 - INFO - university_system.modules.shared.utils.logs - Database initialized, running inbox sync...
2026-02-09 09:54:44,452 - INFO - university_system.modules.shared.utils.logs - Email sync: Starting automatic inbox sync check...
2026-02-09 09:54:44,644 - INFO - university_system.modules.shared.utils.logs - Email sync: No missing inbox messages found (system is healthy)
2026-02-09 09:54:44,653 - INFO - university_system.modules.shared.utils.logs - Email sync: Completed - 0 messages synced
2026-02-09 09:54:44,658 - INFO - university_system.modules.shared.utils.logs - Email system initialization complete
2026-02-09 09:54:44,698 - INFO - university_system.modules.shared.utils.logs - Using authenticated user as sender: admin (ID: 5)
2026-02-09 09:54:44,715 - INFO - university_system.modules.shared.utils.logs - Email processed successfully to C3082776@tees.ac.uk
2026-02-09 09:54:44,777 - INFO - university_system.modules.shared.utils.logs - Template email 'update_confirmation' sent successfully to C3082776@tees.ac.uk
2026-02-09 09:54:45,597 - INFO - university_system.modules.shared.utils.logs - Template 'user_management/account_information_updated' rendered successfully
2026-02-09 09:54:45,680 - INFO - university_system.modules.shared.utils.logs - Using authenticated user as sender: admin (ID: 5)
2026-02-09 09:54:45,700 - INFO - university_system.modules.shared.utils.logs - Email processed successfully to C3082776@tees.ac.uk
2026-02-09 09:54:45,751 - INFO - university_system.modules.shared.utils.logs - Template email 'user_management/account_information_updated' sent successfully to C3082776@tees.ac.uk
2026-02-09 09:55:29,451 - WARNING - university_system.modules.shared.utils.sql_safety - Table name not in database: 'housing_requests'
2026-02-09 09:55:29,452 - WARNING - university_system.modules.shared.gui.main.students.student_crud_gui - Invalid table/column name: Table 'housing_requests' does not exist in the database.
2026-02-09 09:55:29,465 - WARNING - university_system.modules.shared.utils.sql_safety - Table name not in database: 'loans'
2026-02-09 09:55:29,466 - WARNING - university_system.modules.shared.gui.main.students.student_crud_gui - Invalid table/column name: Table 'loans' does not exist in the database.
2026-02-09 09:55:59,719 - WARNING - root - Database lock detected for connection #9: database is locked
2026-02-09 09:55:59,722 - ERROR - university_system.infrastructure.auth.managers.user_manager - Database error: database is locked
2026-02-09 09:56:57,989 - WARNING - university_system.modules.shared.utils.sql_safety - Table name not in database: 'housing_requests'
2026-02-09 09:56:57,990 - WARNING - university_system.modules.shared.gui.main.students.student_crud_gui - Invalid table/column name: Table 'housing_requests' does not exist in the database.
2026-02-09 09:56:57,997 - WARNING - university_system.modules.shared.utils.sql_safety - Table name not in database: 'loans'
2026-02-09 09:56:57,998 - WARNING - university_system.modules.shared.gui.main.students.student_crud_gui - Invalid table/column name: Table 'loans' does not exist in the database.
2026-02-09 09:57:28,256 - WARNING - root - Database lock detected for connection #10: database is locked
2026-02-09 09:57:28,260 - ERROR - university_system.infrastructure.auth.managers.user_manager - Database error: database is locked
2026-02-09 10:00:41,661 - INFO - __main__ - Ensuring directory structure
2026-02-09 10:00:41,668 - INFO - __main__ - Initializing i18n system
2026-02-09 10:00:41,670 - INFO - university_system.modules.shared.utils.i18n - i18n initialized with language: en
2026-02-09 10:00:41,671 - INFO - __main__ - Initializing auth system
2026-02-09 10:00:41,831 - WARNING - root - SECURITY WARNING: No DEFAULT_ADMIN_PASSWORD environment variable set. Using default password for development. NEVER use this in production!
2026-02-09 10:00:41,832 - WARNING - university_system.infrastructure.auth.core - Admin account using default dev password (set DEFAULT_ADMIN_PASSWORD in production)
2026-02-09 10:00:41,832 - INFO - root - Using default password for staff account (development only)
2026-02-09 10:00:41,833 - WARNING - university_system.infrastructure.auth.core - Staff account using default dev password (set DEFAULT_STAFF_PASSWORD in production)
2026-02-09 10:00:41,834 - INFO - root - Using default password for student account (development only)
2026-02-09 10:00:41,835 - WARNING - university_system.infrastructure.auth.core - Student account using default dev password (set DEFAULT_STUDENT_PASSWORD in production)
2026-02-09 10:00:41,853 - INFO - university_system.infrastructure.auth.core - UserAuth initialized successfully!
2026-02-09 10:00:41,864 - INFO - university_system.infrastructure.shared_context - Authentication instance set successfully
2026-02-09 10:00:41,865 - INFO - __main__ - Auth system initialized successfully
2026-02-09 10:00:41,866 - INFO - __main__ - Initializing database
2026-02-09 10:00:41,964 - INFO - root - Database already initialized with 974 tables
2026-02-09 10:00:41,970 - INFO - __main__ - Starting Graphical User Interface
2026-02-09 10:00:41,970 - INFO - __main__ - Showing language selector
2026-02-09 10:00:41,971 - INFO - university_system.modules.shared.utils.i18n - i18n initialized with language: en
2026-02-09 10:00:44,892 - INFO - university_system.modules.shared.utils.i18n - Language set to: en
2026-02-09 10:00:44,894 - INFO - university_system.modules.shared.utils.i18n - Saved language preference: en
2026-02-09 10:00:44,907 - INFO - __main__ - Language selected: en
2026-02-09 10:00:44,909 - INFO - university_system.modules.shared.utils.i18n - i18n initialized with language: en
2026-02-09 10:00:45,033 - INFO - university_system.modules.shared.utils.i18n - i18n initialized with language: en
2026-02-09 10:00:45,042 - INFO - university_system.modules.shared.utils.i18n - i18n initialized with language: en
2026-02-09 10:00:45,046 - INFO - university_system.modules.shared.utils.i18n - i18n initialized with language: en
2026-02-09 10:00:45,091 - INFO - university_system.modules.shared.utils.i18n - i18n initialized with language: en
2026-02-09 10:00:48,485 - INFO - university_system.modules.shared.utils.i18n - i18n initialized with language: en
2026-02-09 10:00:48,493 - INFO - university_system.modules.shared.utils.i18n - i18n initialized with language: en
2026-02-09 10:00:48,505 - INFO - university_system.modules.shared.utils.i18n - i18n initialized with language: en
2026-02-09 10:00:48,515 - INFO - university_system.modules.shared.utils.i18n - i18n initialized with language: en
2026-02-09 10:00:48,522 - INFO - university_system.modules.shared.utils.i18n - i18n initialized with language: en
2026-02-09 10:00:48,539 - INFO - university_system.modules.shared.utils.i18n - i18n initialized with language: en
2026-02-09 10:00:48,608 - INFO - university_system.modules.shared.utils.i18n - i18n initialized with language: en
2026-02-09 10:00:48,616 - INFO - university_system.modules.shared.utils.i18n - i18n initialized with language: en
2026-02-09 10:00:48,638 - INFO - university_system.modules.shared.utils.i18n - i18n initialized with language: en
2026-02-09 10:00:48,647 - INFO - university_system.modules.shared.utils.i18n - i18n initialized with language: en
2026-02-09 10:00:48,655 - INFO - university_system.modules.shared.utils.i18n - i18n initialized with language: en
2026-02-09 10:00:48,662 - INFO - university_system.modules.shared.utils.i18n - i18n initialized with language: en
2026-02-09 10:00:48,668 - INFO - university_system.modules.shared.utils.i18n - i18n initialized with language: en
2026-02-09 10:00:48,677 - INFO - university_system.modules.shared.utils.i18n - i18n initialized with language: en
2026-02-09 10:00:48,686 - INFO - university_system.modules.shared.utils.i18n - i18n initialized with language: en
2026-02-09 10:00:48,691 - INFO - university_system.modules.shared.utils.i18n - i18n initialized with language: en
2026-02-09 10:00:48,698 - INFO - university_system.modules.shared.utils.i18n - i18n initialized with language: en
2026-02-09 10:00:48,704 - INFO - university_system.modules.shared.utils.i18n - i18n initialized with language: en
2026-02-09 10:00:48,732 - INFO - university_system.modules.shared.utils.i18n - i18n initialized with language: en
2026-02-09 10:00:48,737 - INFO - university_system.modules.shared.utils.i18n - i18n initialized with language: en
2026-02-09 10:00:48,741 - INFO - university_system.modules.shared.utils.i18n - i18n initialized with language: en
2026-02-09 10:00:48,748 - INFO - university_system.modules.shared.utils.i18n - i18n initialized with language: en
2026-02-09 10:00:48,753 - INFO - university_system.modules.shared.utils.i18n - i18n initialized with language: en
2026-02-09 10:00:48,758 - INFO - university_system.modules.shared.utils.i18n - i18n initialized with language: en
2026-02-09 10:00:48,762 - INFO - university_system.modules.shared.utils.i18n - i18n initialized with language: en
2026-02-09 10:00:48,768 - INFO - university_system.modules.shared.utils.i18n - i18n initialized with language: en
2026-02-09 10:00:48,772 - INFO - university_system.modules.shared.utils.i18n - i18n initialized with language: en
2026-02-09 10:00:48,776 - INFO - university_system.modules.shared.utils.i18n - i18n initialized with language: en
2026-02-09 10:00:48,780 - INFO - university_system.modules.shared.utils.i18n - i18n initialized with language: en
2026-02-09 10:00:48,786 - INFO - university_system.modules.shared.utils.i18n - i18n initialized with language: en
2026-02-09 10:00:48,792 - INFO - university_system.modules.shared.utils.i18n - i18n initialized with language: en
2026-02-09 10:00:48,797 - INFO - university_system.modules.shared.utils.i18n - i18n initialized with language: en
2026-02-09 10:00:48,802 - INFO - university_system.modules.shared.utils.i18n - i18n initialized with language: en
2026-02-09 10:00:48,807 - INFO - university_system.modules.shared.utils.i18n - i18n initialized with language: en
2026-02-09 10:00:48,813 - INFO - university_system.modules.shared.utils.i18n - i18n initialized with language: en
2026-02-09 10:00:48,818 - INFO - university_system.modules.shared.utils.i18n - i18n initialized with language: en
2026-02-09 10:00:48,825 - INFO - university_system.modules.shared.utils.i18n - i18n initialized with language: en
2026-02-09 10:00:49,762 - INFO - university_system.modules.shared.utils.i18n - i18n initialized with language: en
2026-02-09 10:00:49,833 - INFO - university_system.modules.shared.utils.i18n - i18n initialized with language: en
2026-02-09 10:00:49,866 - INFO - university_system.infrastructure.security.flask_security_headers - Flask security headers initialized (production mode)
2026-02-09 10:00:49,879 - INFO - university_system.infrastructure.security.flask_security_headers - Flask security headers initialized (production mode)
2026-02-09 10:00:49,895 - INFO - university_system.infrastructure.security.flask_security_headers - Flask security headers initialized (production mode)
2026-02-09 10:00:49,907 - INFO - university_system.infrastructure.security.flask_security_headers - Flask security headers initialized (production mode)
2026-02-09 10:00:49,925 - INFO - university_system.infrastructure.security.flask_security_headers - Flask security headers initialized (production mode)
2026-02-09 10:00:49,938 - INFO - university_system.infrastructure.security.flask_security_headers - Flask security headers initialized (production mode)
2026-02-09 10:00:49,940 - INFO - university_system.modules.domain.finance.gui.finance.common_imports - Successfully imported collection management functions from revenue_analytics
2026-02-09 10:00:49,941 - INFO - university_system.modules.domain.finance.gui.finance.common_imports - Successfully imported scholarship and financial aid functions
2026-02-09 10:00:50,019 - INFO - university_system.infrastructure.security.flask_security_headers - Flask security headers initialized (production mode)
2026-02-09 10:00:51,342 - INFO - university_system.modules.shared.utils.i18n - i18n initialized with language: en
2026-02-09 10:00:52,735 - INFO - university_system.modules.shared.utils.i18n - i18n initialized with language: en
2026-02-09 10:00:52,970 - INFO - university_system.modules.shared.utils.i18n - i18n initialized with language: en
2026-02-09 10:00:54,570 - INFO - university_system.modules.shared.utils.i18n - i18n initialized with language: en
2026-02-09 10:00:55,506 - WARNING - ai_detector - transformers not available. Advanced AI detection will be disabled.
2026-02-09 10:00:55,508 - WARNING - ai_detector - OCR libraries not available. Image analysis will be disabled.
2026-02-09 10:00:55,509 - WARNING - ai_detector - OpenCV not available. Advanced image analysis will be disabled.
2026-02-09 10:00:55,698 - INFO - university_system.infrastructure.security.flask_security_headers - Flask security headers initialized (production mode)
2026-02-09 10:00:56,297 - INFO - university_system.modules.domain.student_affairs.services.student_support.utils.audit - Action create_kb_article completed successfully in 0.00s
2026-02-09 10:00:56,425 - INFO - university_system.modules.shared.utils.i18n - i18n initialized with language: en
2026-02-09 10:00:56,453 - INFO - university_system.modules.shared.utils.i18n - i18n initialized with language: en
2026-02-09 10:00:58,533 - WARNING - university_system.modules.domain.academics.services.plagiarism.plagiarism_main - textract not available. Only .txt files will be supported.
2026-02-09 10:00:58,539 - WARNING - university_system.modules.domain.academics.services.plagiarism.plagiarism_main - textract not available. Only .txt files will be supported.
2026-02-09 10:01:00,292 - INFO - university_system.modules.shared.utils.i18n - i18n initialized with language: en
2026-02-09 10:01:00,508 - INFO - university_system.modules.shared.utils.i18n - i18n initialized with language: en
2026-02-09 10:01:00,822 - INFO - university_system.modules.shared.utils.i18n - i18n initialized with language: en
2026-02-09 10:01:00,830 - INFO - university_system.modules.shared.utils.i18n - i18n initialized with language: en
2026-02-09 10:01:00,848 - INFO - university_system.modules.shared.utils.i18n - i18n initialized with language: en
2026-02-09 10:01:00,859 - INFO - university_system.modules.shared.utils.i18n - i18n initialized with language: en
2026-02-09 10:01:00,870 - INFO - university_system.modules.shared.utils.i18n - i18n initialized with language: en
2026-02-09 10:01:00,878 - INFO - university_system.modules.shared.utils.i18n - i18n initialized with language: en
2026-02-09 10:01:00,886 - INFO - university_system.modules.shared.utils.i18n - i18n initialized with language: en
2026-02-09 10:01:00,894 - INFO - university_system.modules.shared.utils.i18n - i18n initialized with language: en
2026-02-09 10:01:00,900 - INFO - university_system.modules.shared.utils.i18n - i18n initialized with language: en
2026-02-09 10:01:00,907 - INFO - university_system.modules.shared.utils.i18n - i18n initialized with language: en
2026-02-09 10:01:00,915 - INFO - university_system.modules.shared.utils.i18n - i18n initialized with language: en
2026-02-09 10:01:00,923 - INFO - university_system.modules.shared.utils.i18n - i18n initialized with language: en
2026-02-09 10:01:00,929 - INFO - university_system.modules.shared.utils.i18n - i18n initialized with language: en
2026-02-09 10:01:00,936 - INFO - university_system.modules.shared.utils.i18n - i18n initialized with language: en
2026-02-09 10:01:00,942 - INFO - university_system.modules.shared.utils.i18n - i18n initialized with language: en
2026-02-09 10:01:00,947 - INFO - university_system.modules.shared.utils.i18n - i18n initialized with language: en
2026-02-09 10:01:00,970 - INFO - university_system.modules.shared.utils.i18n - i18n initialized with language: en
2026-02-09 10:01:00,978 - INFO - university_system.modules.shared.utils.i18n - i18n initialized with language: en
2026-02-09 10:01:00,987 - INFO - university_system.modules.shared.utils.i18n - i18n initialized with language: en
2026-02-09 10:01:00,997 - INFO - university_system.modules.shared.utils.i18n - i18n initialized with language: en
2026-02-09 10:01:01,007 - INFO - university_system.modules.shared.utils.i18n - i18n initialized with language: en
2026-02-09 10:01:01,016 - INFO - university_system.modules.shared.utils.i18n - i18n initialized with language: en
2026-02-09 10:01:01,026 - INFO - university_system.modules.shared.utils.i18n - i18n initialized with language: en
2026-02-09 10:01:01,040 - INFO - university_system.modules.shared.utils.i18n - i18n initialized with language: en
2026-02-09 10:01:01,048 - INFO - university_system.modules.shared.utils.i18n - i18n initialized with language: en
2026-02-09 10:01:01,056 - INFO - university_system.modules.shared.utils.i18n - i18n initialized with language: en
2026-02-09 10:01:01,063 - INFO - university_system.modules.shared.utils.i18n - i18n initialized with language: en
2026-02-09 10:01:01,070 - INFO - university_system.modules.shared.utils.i18n - i18n initialized with language: en
2026-02-09 10:01:01,077 - INFO - university_system.modules.shared.utils.i18n - i18n initialized with language: en
2026-02-09 10:01:01,085 - INFO - university_system.modules.shared.utils.i18n - i18n initialized with language: en
2026-02-09 10:01:01,097 - INFO - university_system.modules.shared.utils.i18n - i18n initialized with language: en
2026-02-09 10:01:01,105 - INFO - university_system.modules.shared.utils.i18n - i18n initialized with language: en
2026-02-09 10:01:01,114 - INFO - university_system.modules.shared.utils.i18n - i18n initialized with language: en
2026-02-09 10:01:01,348 - INFO - university_system.infrastructure.security.flask_security_headers - Flask security headers initialized (production mode)
2026-02-09 10:01:01,553 - INFO - university_system.modules.shared.utils.i18n - i18n initialized with language: en
2026-02-09 10:01:01,559 - INFO - university_system.modules.shared.utils.i18n - i18n initialized with language: en
2026-02-09 10:01:01,570 - INFO - university_system.modules.shared.utils.i18n - i18n initialized with language: en
2026-02-09 10:01:01,577 - INFO - university_system.modules.shared.utils.i18n - i18n initialized with language: en
2026-02-09 10:01:01,586 - INFO - university_system.modules.shared.utils.i18n - i18n initialized with language: en
2026-02-09 10:01:01,593 - INFO - university_system.modules.shared.utils.i18n - i18n initialized with language: en
2026-02-09 10:01:01,601 - INFO - university_system.modules.shared.utils.i18n - i18n initialized with language: en
2026-02-09 10:01:01,608 - INFO - university_system.modules.shared.utils.i18n - i18n initialized with language: en
2026-02-09 10:01:01,617 - INFO - university_system.modules.shared.utils.i18n - i18n initialized with language: en
2026-02-09 10:01:01,623 - INFO - university_system.modules.shared.utils.i18n - i18n initialized with language: en
2026-02-09 10:01:01,630 - INFO - university_system.modules.shared.utils.i18n - i18n initialized with language: en
2026-02-09 10:01:01,639 - INFO - university_system.modules.shared.utils.i18n - i18n initialized with language: en
2026-02-09 10:01:01,645 - INFO - university_system.modules.shared.utils.i18n - i18n initialized with language: en
2026-02-09 10:01:01,653 - INFO - university_system.modules.shared.utils.i18n - i18n initialized with language: en
2026-02-09 10:01:01,659 - INFO - university_system.modules.shared.utils.i18n - i18n initialized with language: en
2026-02-09 10:01:01,666 - INFO - university_system.modules.shared.utils.i18n - i18n initialized with language: en
2026-02-09 10:01:01,672 - INFO - university_system.modules.shared.utils.i18n - i18n initialized with language: en
2026-02-09 10:01:01,678 - INFO - university_system.modules.shared.utils.i18n - i18n initialized with language: en
2026-02-09 10:01:01,684 - INFO - university_system.modules.shared.utils.i18n - i18n initialized with language: en
2026-02-09 10:01:01,691 - INFO - university_system.modules.shared.utils.i18n - i18n initialized with language: en
2026-02-09 10:01:01,697 - INFO - university_system.modules.shared.utils.i18n - i18n initialized with language: en
2026-02-09 10:01:04,150 - INFO - university_system.modules.shared.utils.i18n - i18n initialized with language: en
2026-02-09 10:01:04,196 - INFO - university_system.modules.shared.utils.i18n - i18n initialized with language: en
2026-02-09 10:01:04,201 - INFO - university_system.modules.shared.utils.i18n - i18n initialized with language: en
2026-02-09 10:01:04,210 - INFO - university_system.modules.shared.utils.i18n - i18n initialized with language: en
2026-02-09 10:01:04,220 - INFO - university_system.modules.shared.utils.i18n - i18n initialized with language: en
2026-02-09 10:01:04,228 - INFO - university_system.modules.shared.utils.i18n - i18n initialized with language: en
2026-02-09 10:01:04,236 - INFO - university_system.modules.shared.utils.i18n - i18n initialized with language: en
2026-02-09 10:01:04,242 - INFO - university_system.modules.shared.utils.i18n - i18n initialized with language: en
2026-02-09 10:01:04,258 - INFO - university_system.modules.shared.utils.i18n - i18n initialized with language: en
2026-02-09 10:01:04,267 - INFO - university_system.modules.shared.utils.i18n - i18n initialized with language: en
2026-02-09 10:01:04,275 - INFO - university_system.modules.shared.utils.i18n - i18n initialized with language: en
2026-02-09 10:01:04,286 - INFO - university_system.modules.shared.utils.i18n - i18n initialized with language: en
2026-02-09 10:01:04,294 - INFO - university_system.modules.shared.utils.i18n - i18n initialized with language: en
2026-02-09 10:01:04,302 - INFO - university_system.modules.shared.utils.i18n - i18n initialized with language: en
2026-02-09 10:01:04,317 - INFO - university_system.modules.shared.utils.i18n - i18n initialized with language: en
2026-02-09 10:01:04,323 - INFO - university_system.modules.shared.utils.i18n - i18n initialized with language: en
2026-02-09 10:01:13,420 - INFO - university_system.modules.shared.utils.activity_logger - admin - Logged in successfully - 2026-02-09 10:01:13
2026-02-09 10:01:13,421 - WARNING - university_system.infrastructure.security.immutable_audit_log - AUDIT_LOG_SECRET not configured. Generating random key. Set AUDIT_LOG_SECRET environment variable for production!
2026-02-09 10:01:18,278 - INFO - root - [2026-02-09 10:01:18] GUI: User admin logged in successfully
2026-02-09 10:02:17,641 - INFO - university_system.modules.shared.utils.i18n - i18n initialized with language: en
2026-02-09 10:02:19,931 - INFO - university_system.modules.shared.utils.i18n - i18n initialized with language: en
2026-02-09 10:02:19,964 - INFO - university_system.modules.shared.utils.i18n - i18n initialized with language: en
2026-02-09 10:02:19,968 - INFO - university_system.modules.shared.utils.i18n - i18n initialized with language: en
2026-02-09 10:02:21,151 - INFO - university_system.modules.shared.utils.i18n - i18n initialized with language: en
2026-02-09 10:02:23,076 - INFO - university_system.modules.shared.utils.i18n - i18n initialized with language: en
2026-02-09 10:02:24,233 - INFO - university_system.modules.shared.utils.i18n - i18n initialized with language: en
2026-02-09 10:02:26,319 - INFO - university_system.modules.shared.utils.i18n - i18n initialized with language: en
2026-02-09 10:02:26,334 - INFO - university_system.modules.shared.utils.i18n - i18n initialized with language: en
2026-02-09 10:02:26,350 - INFO - university_system.modules.shared.utils.i18n - i18n initialized with language: en
2026-02-09 10:02:26,372 - INFO - university_system.modules.shared.utils.i18n - i18n initialized with language: en
2026-02-09 10:02:26,413 - INFO - university_system.modules.shared.utils.i18n - i18n initialized with language: en
2026-02-09 10:02:26,421 - INFO - university_system.modules.shared.utils.i18n - i18n initialized with language: en
2026-02-09 10:02:26,430 - INFO - university_system.modules.shared.utils.i18n - i18n initialized with language: en
2026-02-09 10:02:26,442 - INFO - university_system.modules.shared.utils.i18n - i18n initialized with language: en
2026-02-09 10:02:26,457 - INFO - university_system.modules.shared.utils.i18n - i18n initialized with language: en
2026-02-09 10:02:26,465 - INFO - university_system.modules.shared.utils.i18n - i18n initialized with language: en
2026-02-09 10:02:26,479 - INFO - university_system.modules.shared.utils.i18n - i18n initialized with language: en
2026-02-09 10:02:26,487 - INFO - university_system.modules.shared.utils.i18n - i18n initialized with language: en
2026-02-09 10:02:26,492 - INFO - university_system.modules.shared.utils.i18n - i18n initialized with language: en
2026-02-09 10:02:26,498 - INFO - university_system.modules.shared.utils.i18n - i18n initialized with language: en
2026-02-09 10:02:26,504 - INFO - university_system.modules.shared.utils.i18n - i18n initialized with language: en
2026-02-09 10:02:26,510 - INFO - university_system.modules.shared.utils.i18n - i18n initialized with language: en
2026-02-09 10:02:26,518 - INFO - university_system.modules.shared.utils.i18n - i18n initialized with language: en
2026-02-09 10:02:26,527 - INFO - university_system.modules.shared.utils.i18n - i18n initialized with language: en
2026-02-09 10:02:26,533 - INFO - university_system.modules.shared.utils.i18n - i18n initialized with language: en
2026-02-09 10:04:37,034 - INFO - __main__ - Ensuring directory structure
2026-02-09 10:04:37,038 - INFO - __main__ - Initializing i18n system
2026-02-09 10:04:37,040 - INFO - university_system.modules.shared.utils.i18n - i18n initialized with language: en
2026-02-09 10:04:37,041 - INFO - __main__ - Initializing auth system
2026-02-09 10:04:37,336 - WARNING - root - SECURITY WARNING: No DEFAULT_ADMIN_PASSWORD environment variable set. Using default password for development. NEVER use this in production!
2026-02-09 10:04:37,337 - WARNING - university_system.infrastructure.auth.core - Admin account using default dev password (set DEFAULT_ADMIN_PASSWORD in production)
2026-02-09 10:04:37,337 - INFO - root - Using default password for staff account (development only)
2026-02-09 10:04:37,338 - WARNING - university_system.infrastructure.auth.core - Staff account using default dev password (set DEFAULT_STAFF_PASSWORD in production)
2026-02-09 10:04:37,338 - INFO - root - Using default password for student account (development only)
2026-02-09 10:04:37,338 - WARNING - university_system.infrastructure.auth.core - Student account using default dev password (set DEFAULT_STUDENT_PASSWORD in production)
2026-02-09 10:04:37,349 - INFO - university_system.infrastructure.auth.core - UserAuth initialized successfully!
2026-02-09 10:04:37,359 - INFO - university_system.infrastructure.shared_context - Authentication instance set successfully
2026-02-09 10:04:37,359 - INFO - __main__ - Auth system initialized successfully
2026-02-09 10:04:37,360 - INFO - __main__ - Initializing database
2026-02-09 10:04:37,469 - INFO - root - Database already initialized with 974 tables
2026-02-09 10:04:37,472 - INFO - __main__ - Starting Graphical User Interface
2026-02-09 10:04:37,472 - INFO - __main__ - Showing language selector
2026-02-09 10:04:37,473 - INFO - university_system.modules.shared.utils.i18n - i18n initialized with language: en
2026-02-09 10:04:39,070 - INFO - university_system.modules.shared.utils.i18n - Language set to: en
2026-02-09 10:04:39,073 - INFO - university_system.modules.shared.utils.i18n - Saved language preference: en
2026-02-09 10:04:39,094 - INFO - __main__ - Language selected: en
2026-02-09 10:04:39,098 - INFO - university_system.modules.shared.utils.i18n - i18n initialized with language: en
2026-02-09 10:04:39,196 - INFO - university_system.modules.shared.utils.i18n - i18n initialized with language: en
2026-02-09 10:04:39,206 - INFO - university_system.modules.shared.utils.i18n - i18n initialized with language: en
2026-02-09 10:04:39,211 - INFO - university_system.modules.shared.utils.i18n - i18n initialized with language: en
2026-02-09 10:04:39,252 - INFO - university_system.modules.shared.utils.i18n - i18n initialized with language: en
2026-02-09 10:04:41,880 - INFO - university_system.modules.shared.utils.i18n - i18n initialized with language: en
2026-02-09 10:04:41,888 - INFO - university_system.modules.shared.utils.i18n - i18n initialized with language: en
2026-02-09 10:04:41,894 - INFO - university_system.modules.shared.utils.i18n - i18n initialized with language: en
2026-02-09 10:04:41,905 - INFO - university_system.modules.shared.utils.i18n - i18n initialized with language: en
2026-02-09 10:04:41,912 - INFO - university_system.modules.shared.utils.i18n - i18n initialized with language: en
2026-02-09 10:04:41,936 - INFO - university_system.modules.shared.utils.i18n - i18n initialized with language: en
2026-02-09 10:04:42,006 - INFO - university_system.modules.shared.utils.i18n - i18n initialized with language: en
2026-02-09 10:04:42,013 - INFO - university_system.modules.shared.utils.i18n - i18n initialized with language: en
2026-02-09 10:04:42,035 - INFO - university_system.modules.shared.utils.i18n - i18n initialized with language: en
2026-02-09 10:04:42,045 - INFO - university_system.modules.shared.utils.i18n - i18n initialized with language: en
2026-02-09 10:04:42,054 - INFO - university_system.modules.shared.utils.i18n - i18n initialized with language: en
2026-02-09 10:04:42,063 - INFO - university_system.modules.shared.utils.i18n - i18n initialized with language: en
2026-02-09 10:04:42,071 - INFO - university_system.modules.shared.utils.i18n - i18n initialized with language: en
2026-02-09 10:04:42,078 - INFO - university_system.modules.shared.utils.i18n - i18n initialized with language: en
2026-02-09 10:04:42,089 - INFO - university_system.modules.shared.utils.i18n - i18n initialized with language: en
2026-02-09 10:04:42,100 - INFO - university_system.modules.shared.utils.i18n - i18n initialized with language: en
2026-02-09 10:04:42,105 - INFO - university_system.modules.shared.utils.i18n - i18n initialized with language: en
2026-02-09 10:04:42,110 - INFO - university_system.modules.shared.utils.i18n - i18n initialized with language: en
2026-02-09 10:04:42,142 - INFO - university_system.modules.shared.utils.i18n - i18n initialized with language: en
2026-02-09 10:04:42,148 - INFO - university_system.modules.shared.utils.i18n - i18n initialized with language: en
2026-02-09 10:04:42,154 - INFO - university_system.modules.shared.utils.i18n - i18n initialized with language: en
2026-02-09 10:04:42,158 - INFO - university_system.modules.shared.utils.i18n - i18n initialized with language: en
2026-02-09 10:04:42,164 - INFO - university_system.modules.shared.utils.i18n - i18n initialized with language: en
2026-02-09 10:04:42,172 - INFO - university_system.modules.shared.utils.i18n - i18n initialized with language: en
2026-02-09 10:04:42,176 - INFO - university_system.modules.shared.utils.i18n - i18n initialized with language: en
2026-02-09 10:04:42,182 - INFO - university_system.modules.shared.utils.i18n - i18n initialized with language: en
2026-02-09 10:04:42,186 - INFO - university_system.modules.shared.utils.i18n - i18n initialized with language: en
2026-02-09 10:04:42,192 - INFO - university_system.modules.shared.utils.i18n - i18n initialized with language: en
2026-02-09 10:04:42,196 - INFO - university_system.modules.shared.utils.i18n - i18n initialized with language: en
2026-02-09 10:04:42,202 - INFO - university_system.modules.shared.utils.i18n - i18n initialized with language: en
2026-02-09 10:04:42,206 - INFO - university_system.modules.shared.utils.i18n - i18n initialized with language: en
2026-02-09 10:04:42,211 - INFO - university_system.modules.shared.utils.i18n - i18n initialized with language: en
2026-02-09 10:04:42,216 - INFO - university_system.modules.shared.utils.i18n - i18n initialized with language: en
2026-02-09 10:04:42,220 - INFO - university_system.modules.shared.utils.i18n - i18n initialized with language: en
2026-02-09 10:04:42,226 - INFO - university_system.modules.shared.utils.i18n - i18n initialized with language: en
2026-02-09 10:04:42,233 - INFO - university_system.modules.shared.utils.i18n - i18n initialized with language: en
2026-02-09 10:04:42,240 - INFO - university_system.modules.shared.utils.i18n - i18n initialized with language: en
2026-02-09 10:04:43,253 - INFO - university_system.modules.shared.utils.i18n - i18n initialized with language: en
2026-02-09 10:04:43,306 - INFO - university_system.modules.shared.utils.i18n - i18n initialized with language: en
2026-02-09 10:04:43,337 - INFO - university_system.infrastructure.security.flask_security_headers - Flask security headers initialized (production mode)
2026-02-09 10:04:43,348 - INFO - university_system.infrastructure.security.flask_security_headers - Flask security headers initialized (production mode)
2026-02-09 10:04:43,364 - INFO - university_system.infrastructure.security.flask_security_headers - Flask security headers initialized (production mode)
2026-02-09 10:04:43,375 - INFO - university_system.infrastructure.security.flask_security_headers - Flask security headers initialized (production mode)
2026-02-09 10:04:43,391 - INFO - university_system.infrastructure.security.flask_security_headers - Flask security headers initialized (production mode)
2026-02-09 10:04:43,403 - INFO - university_system.infrastructure.security.flask_security_headers - Flask security headers initialized (production mode)
2026-02-09 10:04:43,405 - INFO - university_system.modules.domain.finance.gui.finance.common_imports - Successfully imported collection management functions from revenue_analytics
2026-02-09 10:04:43,406 - INFO - university_system.modules.domain.finance.gui.finance.common_imports - Successfully imported scholarship and financial aid functions
2026-02-09 10:04:43,485 - INFO - university_system.infrastructure.security.flask_security_headers - Flask security headers initialized (production mode)
2026-02-09 10:04:44,840 - INFO - university_system.modules.shared.utils.i18n - i18n initialized with language: en
2026-02-09 10:04:46,001 - INFO - university_system.modules.shared.utils.i18n - i18n initialized with language: en
2026-02-09 10:04:46,271 - INFO - university_system.modules.shared.utils.i18n - i18n initialized with language: en
2026-02-09 10:04:47,766 - INFO - university_system.modules.shared.utils.i18n - i18n initialized with language: en
2026-02-09 10:04:48,868 - WARNING - ai_detector - transformers not available. Advanced AI detection will be disabled.
2026-02-09 10:04:48,870 - WARNING - ai_detector - OCR libraries not available. Image analysis will be disabled.
2026-02-09 10:04:48,872 - WARNING - ai_detector - OpenCV not available. Advanced image analysis will be disabled.
2026-02-09 10:04:49,109 - INFO - university_system.infrastructure.security.flask_security_headers - Flask security headers initialized (production mode)
2026-02-09 10:04:49,731 - INFO - university_system.modules.domain.student_affairs.services.student_support.utils.audit - Action create_kb_article completed successfully in 0.00s
2026-02-09 10:04:49,856 - INFO - university_system.modules.shared.utils.i18n - i18n initialized with language: en
2026-02-09 10:04:49,877 - INFO - university_system.modules.shared.utils.i18n - i18n initialized with language: en
2026-02-09 10:04:51,669 - WARNING - university_system.modules.domain.academics.services.plagiarism.plagiarism_main - textract not available. Only .txt files will be supported.
2026-02-09 10:04:51,674 - WARNING - university_system.modules.domain.academics.services.plagiarism.plagiarism_main - textract not available. Only .txt files will be supported.
2026-02-09 10:04:53,665 - INFO - university_system.modules.shared.utils.i18n - i18n initialized with language: en
2026-02-09 10:04:53,860 - INFO - university_system.modules.shared.utils.i18n - i18n initialized with language: en
2026-02-09 10:04:54,183 - INFO - university_system.modules.shared.utils.i18n - i18n initialized with language: en
2026-02-09 10:04:54,190 - INFO - university_system.modules.shared.utils.i18n - i18n initialized with language: en
2026-02-09 10:04:54,202 - INFO - university_system.modules.shared.utils.i18n - i18n initialized with language: en
2026-02-09 10:04:54,211 - INFO - university_system.modules.shared.utils.i18n - i18n initialized with language: en
2026-02-09 10:04:54,219 - INFO - university_system.modules.shared.utils.i18n - i18n initialized with language: en
2026-02-09 10:04:54,226 - INFO - university_system.modules.shared.utils.i18n - i18n initialized with language: en
2026-02-09 10:04:54,235 - INFO - university_system.modules.shared.utils.i18n - i18n initialized with language: en
2026-02-09 10:04:54,244 - INFO - university_system.modules.shared.utils.i18n - i18n initialized with language: en
2026-02-09 10:04:54,251 - INFO - university_system.modules.shared.utils.i18n - i18n initialized with language: en
2026-02-09 10:04:54,259 - INFO - university_system.modules.shared.utils.i18n - i18n initialized with language: en
2026-02-09 10:04:54,265 - INFO - university_system.modules.shared.utils.i18n - i18n initialized with language: en
2026-02-09 10:04:54,273 - INFO - university_system.modules.shared.utils.i18n - i18n initialized with language: en
2026-02-09 10:04:54,278 - INFO - university_system.modules.shared.utils.i18n - i18n initialized with language: en
2026-02-09 10:04:54,286 - INFO - university_system.modules.shared.utils.i18n - i18n initialized with language: en
2026-02-09 10:04:54,292 - INFO - university_system.modules.shared.utils.i18n - i18n initialized with language: en
2026-02-09 10:04:54,296 - INFO - university_system.modules.shared.utils.i18n - i18n initialized with language: en
2026-02-09 10:04:54,322 - INFO - university_system.modules.shared.utils.i18n - i18n initialized with language: en
2026-02-09 10:04:54,332 - INFO - university_system.modules.shared.utils.i18n - i18n initialized with language: en
2026-02-09 10:04:54,341 - INFO - university_system.modules.shared.utils.i18n - i18n initialized with language: en
2026-02-09 10:04:54,354 - INFO - university_system.modules.shared.utils.i18n - i18n initialized with language: en
2026-02-09 10:04:54,364 - INFO - university_system.modules.shared.utils.i18n - i18n initialized with language: en
2026-02-09 10:04:54,376 - INFO - university_system.modules.shared.utils.i18n - i18n initialized with language: en
2026-02-09 10:04:54,388 - INFO - university_system.modules.shared.utils.i18n - i18n initialized with language: en
2026-02-09 10:04:54,407 - INFO - university_system.modules.shared.utils.i18n - i18n initialized with language: en
2026-02-09 10:04:54,422 - INFO - university_system.modules.shared.utils.i18n - i18n initialized with language: en
2026-02-09 10:04:54,432 - INFO - university_system.modules.shared.utils.i18n - i18n initialized with language: en
2026-02-09 10:04:54,441 - INFO - university_system.modules.shared.utils.i18n - i18n initialized with language: en
2026-02-09 10:04:54,448 - INFO - university_system.modules.shared.utils.i18n - i18n initialized with language: en
2026-02-09 10:04:54,456 - INFO - university_system.modules.shared.utils.i18n - i18n initialized with language: en
2026-02-09 10:04:54,466 - INFO - university_system.modules.shared.utils.i18n - i18n initialized with language: en
2026-02-09 10:04:54,480 - INFO - university_system.modules.shared.utils.i18n - i18n initialized with language: en
2026-02-09 10:04:54,490 - INFO - university_system.modules.shared.utils.i18n - i18n initialized with language: en
2026-02-09 10:04:54,502 - INFO - university_system.modules.shared.utils.i18n - i18n initialized with language: en
2026-02-09 10:04:54,786 - INFO - university_system.infrastructure.security.flask_security_headers - Flask security headers initialized (production mode)
2026-02-09 10:04:55,007 - INFO - university_system.modules.shared.utils.i18n - i18n initialized with language: en
2026-02-09 10:04:55,014 - INFO - university_system.modules.shared.utils.i18n - i18n initialized with language: en
2026-02-09 10:04:55,024 - INFO - university_system.modules.shared.utils.i18n - i18n initialized with language: en
2026-02-09 10:04:55,031 - INFO - university_system.modules.shared.utils.i18n - i18n initialized with language: en
2026-02-09 10:04:55,041 - INFO - university_system.modules.shared.utils.i18n - i18n initialized with language: en
2026-02-09 10:04:55,053 - INFO - university_system.modules.shared.utils.i18n - i18n initialized with language: en
2026-02-09 10:04:55,062 - INFO - university_system.modules.shared.utils.i18n - i18n initialized with language: en
2026-02-09 10:04:55,072 - INFO - university_system.modules.shared.utils.i18n - i18n initialized with language: en
2026-02-09 10:04:55,088 - INFO - university_system.modules.shared.utils.i18n - i18n initialized with language: en
2026-02-09 10:04:55,097 - INFO - university_system.modules.shared.utils.i18n - i18n initialized with language: en
2026-02-09 10:04:55,106 - INFO - university_system.modules.shared.utils.i18n - i18n initialized with language: en
2026-02-09 10:04:55,121 - INFO - university_system.modules.shared.utils.i18n - i18n initialized with language: en
2026-02-09 10:04:55,128 - INFO - university_system.modules.shared.utils.i18n - i18n initialized with language: en
2026-02-09 10:04:55,137 - INFO - university_system.modules.shared.utils.i18n - i18n initialized with language: en
2026-02-09 10:04:55,144 - INFO - university_system.modules.shared.utils.i18n - i18n initialized with language: en
2026-02-09 10:04:55,151 - INFO - university_system.modules.shared.utils.i18n - i18n initialized with language: en
2026-02-09 10:04:55,157 - INFO - university_system.modules.shared.utils.i18n - i18n initialized with language: en
2026-02-09 10:04:55,165 - INFO - university_system.modules.shared.utils.i18n - i18n initialized with language: en
2026-02-09 10:04:55,170 - INFO - university_system.modules.shared.utils.i18n - i18n initialized with language: en
2026-02-09 10:04:55,180 - INFO - university_system.modules.shared.utils.i18n - i18n initialized with language: en
2026-02-09 10:04:55,187 - INFO - university_system.modules.shared.utils.i18n - i18n initialized with language: en
2026-02-09 10:04:57,500 - INFO - university_system.modules.shared.utils.i18n - i18n initialized with language: en
2026-02-09 10:04:57,538 - INFO - university_system.modules.shared.utils.i18n - i18n initialized with language: en
2026-02-09 10:04:57,543 - INFO - university_system.modules.shared.utils.i18n - i18n initialized with language: en
2026-02-09 10:04:57,551 - INFO - university_system.modules.shared.utils.i18n - i18n initialized with language: en
2026-02-09 10:04:57,559 - INFO - university_system.modules.shared.utils.i18n - i18n initialized with language: en
2026-02-09 10:04:57,566 - INFO - university_system.modules.shared.utils.i18n - i18n initialized with language: en
2026-02-09 10:04:57,572 - INFO - university_system.modules.shared.utils.i18n - i18n initialized with language: en
2026-02-09 10:04:57,583 - INFO - university_system.modules.shared.utils.i18n - i18n initialized with language: en
2026-02-09 10:04:57,594 - INFO - university_system.modules.shared.utils.i18n - i18n initialized with language: en
2026-02-09 10:04:57,602 - INFO - university_system.modules.shared.utils.i18n - i18n initialized with language: en
2026-02-09 10:04:57,607 - INFO - university_system.modules.shared.utils.i18n - i18n initialized with language: en
2026-02-09 10:04:57,616 - INFO - university_system.modules.shared.utils.i18n - i18n initialized with language: en
2026-02-09 10:04:57,624 - INFO - university_system.modules.shared.utils.i18n - i18n initialized with language: en
2026-02-09 10:04:57,631 - INFO - university_system.modules.shared.utils.i18n - i18n initialized with language: en
2026-02-09 10:04:57,640 - INFO - university_system.modules.shared.utils.i18n - i18n initialized with language: en
2026-02-09 10:04:57,643 - INFO - university_system.modules.shared.utils.i18n - i18n initialized with language: en
2026-02-09 10:05:21,523 - INFO - university_system.modules.shared.utils.activity_logger - admin - Logged in successfully - 2026-02-09 10:05:21
2026-02-09 10:05:21,524 - WARNING - university_system.infrastructure.security.immutable_audit_log - AUDIT_LOG_SECRET not configured. Generating random key. Set AUDIT_LOG_SECRET environment variable for production!
2026-02-09 10:05:26,043 - INFO - root - [2026-02-09 10:05:26] GUI: User admin logged in successfully
2026-02-09 10:21:52,109 - INFO - university_system.modules.shared.utils.logs - Initializing email database...
2026-02-09 10:21:52,343 - INFO - university_system.modules.shared.utils.logs - Current schema version: 2, target: 2
2026-02-09 10:21:52,378 - INFO - university_system.modules.shared.utils.logs - Email database initialized successfully
2026-02-09 10:21:52,383 - INFO - university_system.modules.shared.utils.logs - Database initialized, running inbox sync...
2026-02-09 10:21:52,384 - INFO - university_system.modules.shared.utils.logs - Email sync: Starting automatic inbox sync check...
2026-02-09 10:21:52,564 - INFO - university_system.modules.shared.utils.logs - Email sync: No missing inbox messages found (system is healthy)
2026-02-09 10:21:52,581 - INFO - university_system.modules.shared.utils.logs - Email sync: Completed - 0 messages synced
2026-02-09 10:21:52,590 - INFO - university_system.modules.shared.utils.logs - Email system initialization complete
2026-02-09 10:21:52,648 - INFO - university_system.modules.shared.utils.logs - Using authenticated user as sender: admin (ID: 5)
2026-02-09 10:21:52,714 - INFO - university_system.modules.shared.utils.logs - Email processed successfully to admin@university.local
2026-02-09 10:30:09,126 - INFO - university_system.modules.shared.utils.i18n - i18n initialized with language: en
2026-02-09 10:30:09,219 - INFO - university_system.modules.shared.utils.activity_logger - admin - Virtual classroom tables initialized system - 2026-02-09 10:30:09
2026-02-09 10:30:11,916 - INFO - university_system.modules.shared.utils.activity_logger - admin - User closed Virtual Classroom GUI - 2026-02-09 10:30:11
2026-02-09 10:30:36,705 - INFO - university_system.modules.shared.utils.logs - Using authenticated user as sender: admin (ID: 5)
2026-02-09 10:30:36,731 - INFO - university_system.modules.shared.utils.logs - Email processed successfully to admin@university.local
2026-02-09 10:41:40,096 - INFO - university_system.modules.shared.utils.sql_safety - Adding column: ALTER TABLE [notifications] ADD COLUMN [assignment_id] INTEGER
2026-02-09 10:41:40,168 - INFO - university_system.modules.shared.utils.sql_safety - Adding column: ALTER TABLE [notifications] ADD COLUMN [recipient_type] TEXT
2026-02-09 10:41:40,210 - INFO - university_system.modules.shared.utils.sql_safety - Adding column: ALTER TABLE [notifications] ADD COLUMN [recipient_id] TEXT
2026-02-09 10:41:40,261 - INFO - university_system.modules.shared.utils.sql_safety - Adding column: ALTER TABLE [notifications] ADD COLUMN [notification_type] TEXT DEFAULT "info"
2026-02-09 10:41:40,303 - INFO - university_system.modules.shared.utils.sql_safety - Adding column: ALTER TABLE [notifications] ADD COLUMN [sent] BOOLEAN DEFAULT 0
2026-02-09 10:48:19,479 - INFO - university_system.modules.domain.academics.services.academic_calendar.calendar_core - Initializing calendar database...
2026-02-09 10:48:19,497 - INFO - university_system.modules.domain.academics.services.academic_calendar.calendar_core - Calendar database initialized successfully
2026-02-09 10:48:19,499 - INFO - university_system.modules.domain.academics.gui.academic_calendar.main_gui - Calendar manager initialized successfully
2026-02-09 10:49:05,211 - INFO - university_system.modules.shared.utils.logs - Using authenticated user as sender: admin (ID: 5)
2026-02-09 10:49:05,222 - INFO - university_system.modules.shared.utils.logs - Email processed successfully to student@example.com
2026-02-09 10:52:07,098 - INFO - university_system.modules.shared.utils.logs - Using authenticated user as sender: admin (ID: 5)
2026-02-09 10:52:07,128 - INFO - university_system.modules.shared.utils.logs - Email processed successfully to admin@university.local
2026-02-09 11:29:48,888 - INFO - university_system.modules.shared.utils.activity_logger - admin - Logged in successfully - 2026-02-09 11:29:48
2026-02-09 11:29:53,651 - INFO - root - [2026-02-09 11:29:53] GUI: User admin logged in successfully
2026-02-09 11:41:48,943 - INFO - root - Enhanced library database initialized successfully!
2026-02-09 11:41:55,755 - INFO - university_system.modules.shared.utils.i18n - i18n initialized with language: en
2026-02-09 11:41:55,852 - INFO - university_system.modules.shared.utils.i18n - i18n initialized with language: en
2026-02-09 11:41:55,924 - INFO - university_system.modules.shared.utils.i18n - i18n initialized with language: en
2026-02-09 11:41:55,931 - INFO - university_system.modules.shared.utils.i18n - i18n initialized with language: en
2026-02-09 11:41:57,739 - INFO - university_system.modules.shared.utils.i18n - i18n initialized with language: en
2026-02-09 11:42:32,637 - ERROR - root - Error logging audit event: table audit_log has no column named table_affected
2026-02-09 11:51:11,417 - INFO - university_system.modules.shared.utils.i18n - i18n initialized with language: en
2026-02-09 11:51:11,894 - INFO - university_system.modules.domain.student_affairs.services.student_support.database - Enhanced database initialized successfully
2026-02-09 11:51:11,960 - INFO - university_system.modules.domain.student_affairs.services.student_support.automation.background_tasks - Loaded staff assignments for 0 categories
2026-02-09 11:51:11,965 - INFO - university_system.modules.domain.student_affairs.services.student_support.automation.background_tasks - Background tasks not started - no authentication available
2026-02-09 11:51:16,095 - INFO - university_system.modules.domain.student_affairs.services.student_support.auth - Auth instance set for student support module
2026-02-09 11:51:40,455 - INFO - university_system.infrastructure.security.rate_limiter - RateLimiter initialized (in-memory): max_attempts=5, window=300s, block_duration=900s
2026-02-09 11:51:40,456 - INFO - university_system.infrastructure.security.rate_limiter - RateLimiter initialized (in-memory): max_attempts=100, window=60s, block_duration=60s
2026-02-09 11:51:40,456 - INFO - university_system.infrastructure.security.rate_limiter - RateLimiter initialized (in-memory): max_attempts=3, window=3600s, block_duration=3600s
2026-02-09 11:51:42,993 - INFO - university_system.modules.shared.utils.i18n - Loaded translations for 10 languages
2026-02-09 11:51:42,994 - INFO - university_system.modules.shared.utils.i18n - i18n initialized with language: en
2026-02-09 11:51:43,014 - WARNING - university_system.infrastructure.security.file_upload_validator - Failed to initialize virus scanner: Could not find clamd unix socket from /etc/clamav/clamd.conf or /etc/clamd.conf
2026-02-09 11:52:00,522 - INFO - university_system.infrastructure.auth.optional_dependencies - Chatbot module loaded successfully
2026-02-09 11:52:00,531 - INFO - university_system.infrastructure.auth.optional_dependencies - Voice interface module loaded successfully
2026-02-09 11:52:00,532 - INFO - university_system.infrastructure.auth.core - Chatbot module is available
2026-02-09 11:52:00,617 - INFO - university_system.infrastructure.auth.integrations.chatbot_integration - Chatbot module is available
2026-02-09 11:52:00,696 - INFO - university_system.modules.shared.utils.i18n - i18n initialized with language: en
2026-02-09 11:52:00,778 - INFO - university_system.modules.shared.utils.i18n - i18n initialized with language: en
2026-02-09 11:52:00,784 - INFO - university_system.modules.shared.utils.i18n - i18n initialized with language: en
2026-02-09 11:52:00,823 - INFO - university_system.modules.shared.utils.i18n - i18n initialized with language: en
2026-02-09 11:52:06,182 - INFO - university_system.modules.shared.utils.i18n - i18n initialized with language: en
2026-02-09 11:52:07,644 - INFO - university_system.modules.shared.utils.i18n - i18n initialized with language: en
2026-02-09 11:52:09,195 - INFO - university_system.modules.shared.utils.i18n - i18n initialized with language: en
2026-02-09 11:52:09,228 - INFO - university_system.modules.shared.utils.i18n - i18n initialized with language: en
2026-02-09 11:52:09,233 - INFO - university_system.modules.shared.utils.i18n - i18n initialized with language: en
2026-02-09 11:52:09,239 - INFO - university_system.modules.shared.utils.i18n - i18n initialized with language: en
2026-02-09 11:52:09,244 - INFO - university_system.modules.shared.utils.i18n - i18n initialized with language: en
2026-02-09 11:52:09,248 - INFO - university_system.modules.shared.utils.i18n - i18n initialized with language: en
2026-02-09 11:52:09,252 - INFO - university_system.modules.shared.utils.i18n - i18n initialized with language: en
2026-02-09 11:52:09,256 - INFO - university_system.modules.shared.utils.i18n - i18n initialized with language: en
2026-02-09 11:52:09,260 - INFO - university_system.modules.shared.utils.i18n - i18n initialized with language: en
2026-02-09 11:52:09,264 - INFO - university_system.modules.shared.utils.i18n - i18n initialized with language: en
2026-02-09 11:52:09,268 - INFO - university_system.modules.shared.utils.i18n - i18n initialized with language: en
2026-02-09 11:52:09,272 - INFO - university_system.modules.shared.utils.i18n - i18n initialized with language: en
2026-02-09 11:52:09,276 - INFO - university_system.modules.shared.utils.i18n - i18n initialized with language: en
2026-02-09 11:52:09,280 - INFO - university_system.modules.shared.utils.i18n - i18n initialized with language: en
2026-02-09 11:52:09,284 - INFO - university_system.modules.shared.utils.i18n - i18n initialized with language: en
2026-02-09 11:52:09,288 - INFO - university_system.modules.shared.utils.i18n - i18n initialized with language: en
2026-02-09 11:52:09,292 - INFO - university_system.modules.shared.utils.i18n - i18n initialized with language: en
2026-02-09 11:52:09,297 - INFO - university_system.modules.shared.utils.i18n - i18n initialized with language: en
2026-02-09 11:52:09,302 - INFO - university_system.modules.shared.utils.i18n - i18n initialized with language: en
2026-02-09 11:52:09,308 - INFO - university_system.modules.shared.utils.i18n - i18n initialized with language: en
2026-02-09 11:52:09,451 - INFO - university_system.modules.shared.utils.i18n - i18n initialized with language: en
2026-02-09 11:52:39,159 - INFO - university_system.infrastructure.security.rate_limiter - RateLimiter initialized (in-memory): max_attempts=5, window=300s, block_duration=900s
2026-02-09 11:52:39,160 - INFO - university_system.infrastructure.security.rate_limiter - RateLimiter initialized (in-memory): max_attempts=100, window=60s, block_duration=60s
2026-02-09 11:52:39,161 - INFO - university_system.infrastructure.security.rate_limiter - RateLimiter initialized (in-memory): max_attempts=3, window=3600s, block_duration=3600s
2026-02-09 11:52:41,442 - INFO - university_system.modules.shared.utils.i18n - Loaded translations for 10 languages
2026-02-09 11:52:41,443 - INFO - university_system.modules.shared.utils.i18n - i18n initialized with language: en
2026-02-09 11:52:41,464 - WARNING - university_system.infrastructure.security.file_upload_validator - Failed to initialize virus scanner: Could not find clamd unix socket from /etc/clamav/clamd.conf or /etc/clamd.conf
2026-02-09 11:52:54,588 - INFO - university_system.infrastructure.auth.optional_dependencies - Chatbot module loaded successfully
2026-02-09 11:52:54,594 - INFO - university_system.infrastructure.auth.optional_dependencies - Voice interface module loaded successfully
2026-02-09 11:52:54,595 - INFO - university_system.infrastructure.auth.core - Chatbot module is available
2026-02-09 11:52:54,660 - INFO - university_system.infrastructure.auth.integrations.chatbot_integration - Chatbot module is available
2026-02-09 11:52:54,717 - INFO - university_system.modules.shared.utils.i18n - i18n initialized with language: en
2026-02-09 11:52:54,763 - INFO - university_system.modules.shared.utils.i18n - i18n initialized with language: en
2026-02-09 11:52:54,768 - INFO - university_system.modules.shared.utils.i18n - i18n initialized with language: en
2026-02-09 11:52:54,795 - INFO - university_system.modules.shared.utils.i18n - i18n initialized with language: en
2026-02-09 11:52:59,715 - INFO - university_system.modules.shared.utils.i18n - i18n initialized with language: en
2026-02-09 11:53:00,792 - INFO - university_system.modules.shared.utils.i18n - i18n initialized with language: en
2026-02-09 11:53:02,545 - INFO - university_system.modules.shared.utils.i18n - i18n initialized with language: en
2026-02-09 11:53:02,590 - INFO - university_system.modules.shared.utils.i18n - i18n initialized with language: en
2026-02-09 11:53:02,597 - INFO - university_system.modules.shared.utils.i18n - i18n initialized with language: en
2026-02-09 11:53:02,604 - INFO - university_system.modules.shared.utils.i18n - i18n initialized with language: en
2026-02-09 11:53:02,610 - INFO - university_system.modules.shared.utils.i18n - i18n initialized with language: en
2026-02-09 11:53:02,616 - INFO - university_system.modules.shared.utils.i18n - i18n initialized with language: en
2026-02-09 11:53:02,620 - INFO - university_system.modules.shared.utils.i18n - i18n initialized with language: en
2026-02-09 11:53:02,624 - INFO - university_system.modules.shared.utils.i18n - i18n initialized with language: en
2026-02-09 11:53:02,632 - INFO - university_system.modules.shared.utils.i18n - i18n initialized with language: en
2026-02-09 11:53:02,637 - INFO - university_system.modules.shared.utils.i18n - i18n initialized with language: en
2026-02-09 11:53:02,643 - INFO - university_system.modules.shared.utils.i18n - i18n initialized with language: en
2026-02-09 11:53:02,648 - INFO - university_system.modules.shared.utils.i18n - i18n initialized with language: en
2026-02-09 11:53:02,654 - INFO - university_system.modules.shared.utils.i18n - i18n initialized with language: en
2026-02-09 11:53:02,661 - INFO - university_system.modules.shared.utils.i18n - i18n initialized with language: en
2026-02-09 11:53:02,666 - INFO - university_system.modules.shared.utils.i18n - i18n initialized with language: en
2026-02-09 11:53:02,672 - INFO - university_system.modules.shared.utils.i18n - i18n initialized with language: en
2026-02-09 11:53:02,680 - INFO - university_system.modules.shared.utils.i18n - i18n initialized with language: en
2026-02-09 11:53:02,687 - INFO - university_system.modules.shared.utils.i18n - i18n initialized with language: en
2026-02-09 11:53:02,693 - INFO - university_system.modules.shared.utils.i18n - i18n initialized with language: en
2026-02-09 11:53:02,699 - INFO - university_system.modules.shared.utils.i18n - i18n initialized with language: en
2026-02-09 11:53:02,813 - INFO - university_system.modules.shared.utils.i18n - i18n initialized with language: en
2026-02-09 11:53:02,908 - INFO - university_system.modules.shared.utils.i18n - i18n initialized with language: en
2026-02-09 11:53:02,919 - INFO - university_system.modules.shared.utils.i18n - i18n initialized with language: en
2026-02-09 11:53:02,927 - INFO - university_system.modules.shared.utils.i18n - i18n initialized with language: en
2026-02-09 11:53:02,934 - INFO - university_system.modules.shared.utils.i18n - i18n initialized with language: en
2026-02-09 11:53:02,942 - INFO - university_system.modules.shared.utils.i18n - i18n initialized with language: en
2026-02-09 11:53:02,950 - INFO - university_system.modules.shared.utils.i18n - i18n initialized with language: en
2026-02-09 11:53:02,958 - INFO - university_system.modules.shared.utils.i18n - i18n initialized with language: en
2026-02-09 11:53:02,964 - INFO - university_system.modules.shared.utils.i18n - i18n initialized with language: en
2026-02-09 11:53:02,974 - INFO - university_system.modules.shared.utils.i18n - i18n initialized with language: en
2026-02-09 11:53:02,988 - INFO - university_system.modules.shared.utils.i18n - i18n initialized with language: en
2026-02-09 11:53:02,995 - INFO - university_system.modules.shared.utils.i18n - i18n initialized with language: en
2026-02-09 11:53:03,002 - INFO - university_system.modules.shared.utils.i18n - i18n initialized with language: en
2026-02-09 11:53:03,009 - INFO - university_system.modules.shared.utils.i18n - i18n initialized with language: en
2026-02-09 11:53:03,015 - INFO - university_system.modules.shared.utils.i18n - i18n initialized with language: en
2026-02-09 11:53:03,023 - INFO - university_system.modules.shared.utils.i18n - i18n initialized with language: en
2026-02-09 11:53:03,033 - INFO - university_system.modules.shared.utils.i18n - i18n initialized with language: en
2026-02-09 11:53:03,038 - INFO - university_system.modules.shared.utils.i18n - i18n initialized with language: en
2026-02-09 11:53:03,045 - INFO - university_system.modules.shared.utils.i18n - i18n initialized with language: en
2026-02-09 11:53:03,051 - INFO - university_system.modules.shared.utils.i18n - i18n initialized with language: en
2026-02-09 11:53:14,689 - INFO - university_system.infrastructure.security.rate_limiter - RateLimiter initialized (in-memory): max_attempts=5, window=300s, block_duration=900s
2026-02-09 11:53:14,690 - INFO - university_system.infrastructure.security.rate_limiter - RateLimiter initialized (in-memory): max_attempts=100, window=60s, block_duration=60s
2026-02-09 11:53:14,691 - INFO - university_system.infrastructure.security.rate_limiter - RateLimiter initialized (in-memory): max_attempts=3, window=3600s, block_duration=3600s
2026-02-09 11:53:17,392 - INFO - university_system.modules.shared.utils.i18n - Loaded translations for 10 languages
2026-02-09 11:53:17,393 - INFO - university_system.modules.shared.utils.i18n - i18n initialized with language: en
2026-02-09 11:53:17,418 - WARNING - university_system.infrastructure.security.file_upload_validator - Failed to initialize virus scanner: Could not find clamd unix socket from /etc/clamav/clamd.conf or /etc/clamd.conf
2026-02-09 11:53:31,243 - INFO - university_system.infrastructure.auth.optional_dependencies - Chatbot module loaded successfully
2026-02-09 11:53:31,249 - INFO - university_system.infrastructure.auth.optional_dependencies - Voice interface module loaded successfully
2026-02-09 11:53:31,250 - INFO - university_system.infrastructure.auth.core - Chatbot module is available
2026-02-09 11:53:31,322 - INFO - university_system.infrastructure.auth.integrations.chatbot_integration - Chatbot module is available
2026-02-09 11:53:31,375 - INFO - university_system.modules.shared.utils.i18n - i18n initialized with language: en
2026-02-09 11:53:31,441 - INFO - university_system.modules.shared.utils.i18n - i18n initialized with language: en
2026-02-09 11:53:31,447 - INFO - university_system.modules.shared.utils.i18n - i18n initialized with language: en
2026-02-09 11:53:31,482 - INFO - university_system.modules.shared.utils.i18n - i18n initialized with language: en
2026-02-09 11:53:36,575 - INFO - university_system.modules.shared.utils.i18n - i18n initialized with language: en
2026-02-09 11:53:37,844 - INFO - university_system.modules.shared.utils.i18n - i18n initialized with language: en
2026-02-09 11:53:39,473 - INFO - university_system.modules.shared.utils.i18n - i18n initialized with language: en
2026-02-09 11:53:39,511 - INFO - university_system.modules.shared.utils.i18n - i18n initialized with language: en
2026-02-09 11:53:39,517 - INFO - university_system.modules.shared.utils.i18n - i18n initialized with language: en
2026-02-09 11:53:39,523 - INFO - university_system.modules.shared.utils.i18n - i18n initialized with language: en
2026-02-09 11:53:39,527 - INFO - university_system.modules.shared.utils.i18n - i18n initialized with language: en
2026-02-09 11:53:39,532 - INFO - university_system.modules.shared.utils.i18n - i18n initialized with language: en
2026-02-09 11:53:39,535 - INFO - university_system.modules.shared.utils.i18n - i18n initialized with language: en
2026-02-09 11:53:39,539 - INFO - university_system.modules.shared.utils.i18n - i18n initialized with language: en
2026-02-09 11:53:39,544 - INFO - university_system.modules.shared.utils.i18n - i18n initialized with language: en
2026-02-09 11:53:39,551 - INFO - university_system.modules.shared.utils.i18n - i18n initialized with language: en
2026-02-09 11:53:39,557 - INFO - university_system.modules.shared.utils.i18n - i18n initialized with language: en
2026-02-09 11:53:39,562 - INFO - university_system.modules.shared.utils.i18n - i18n initialized with language: en
2026-02-09 11:53:39,567 - INFO - university_system.modules.shared.utils.i18n - i18n initialized with language: en
2026-02-09 11:53:39,574 - INFO - university_system.modules.shared.utils.i18n - i18n initialized with language: en
2026-02-09 11:53:39,581 - INFO - university_system.modules.shared.utils.i18n - i18n initialized with language: en
2026-02-09 11:53:39,587 - INFO - university_system.modules.shared.utils.i18n - i18n initialized with language: en
2026-02-09 11:53:39,592 - INFO - university_system.modules.shared.utils.i18n - i18n initialized with language: en
2026-02-09 11:53:39,599 - INFO - university_system.modules.shared.utils.i18n - i18n initialized with language: en
2026-02-09 11:53:39,606 - INFO - university_system.modules.shared.utils.i18n - i18n initialized with language: en
2026-02-09 11:53:39,611 - INFO - university_system.modules.shared.utils.i18n - i18n initialized with language: en
2026-02-09 11:53:39,732 - INFO - university_system.modules.shared.utils.i18n - i18n initialized with language: en
2026-02-09 11:53:39,742 - INFO - university_system.modules.shared.utils.i18n - i18n initialized with language: en
2026-02-09 11:53:39,752 - INFO - university_system.modules.shared.utils.i18n - i18n initialized with language: en
2026-02-09 11:53:39,760 - INFO - university_system.modules.shared.utils.i18n - i18n initialized with language: en
2026-02-09 11:53:39,772 - INFO - university_system.modules.shared.utils.i18n - i18n initialized with language: en
2026-02-09 11:53:39,782 - INFO - university_system.modules.shared.utils.i18n - i18n initialized with language: en
2026-02-09 11:53:39,789 - INFO - university_system.modules.shared.utils.i18n - i18n initialized with language: en
2026-02-09 11:53:39,794 - INFO - university_system.modules.shared.utils.i18n - i18n initialized with language: en
2026-02-09 11:53:39,799 - INFO - university_system.modules.shared.utils.i18n - i18n initialized with language: en
2026-02-09 11:53:39,806 - INFO - university_system.modules.shared.utils.i18n - i18n initialized with language: en
2026-02-09 11:53:39,816 - INFO - university_system.modules.shared.utils.i18n - i18n initialized with language: en
2026-02-09 11:53:39,821 - INFO - university_system.modules.shared.utils.i18n - i18n initialized with language: en
2026-02-09 11:53:39,826 - INFO - university_system.modules.shared.utils.i18n - i18n initialized with language: en
2026-02-09 11:53:39,832 - INFO - university_system.modules.shared.utils.i18n - i18n initialized with language: en
2026-02-09 11:53:39,836 - INFO - university_system.modules.shared.utils.i18n - i18n initialized with language: en
2026-02-09 11:53:39,843 - INFO - university_system.modules.shared.utils.i18n - i18n initialized with language: en
2026-02-09 11:53:39,849 - INFO - university_system.modules.shared.utils.i18n - i18n initialized with language: en
2026-02-09 11:53:39,854 - INFO - university_system.modules.shared.utils.i18n - i18n initialized with language: en
2026-02-09 11:53:39,860 - INFO - university_system.modules.shared.utils.i18n - i18n initialized with language: en
2026-02-09 11:53:39,865 - INFO - university_system.modules.shared.utils.i18n - i18n initialized with language: en
2026-02-09 11:55:46,930 - INFO - __main__ - Ensuring directory structure
2026-02-09 11:55:46,945 - INFO - __main__ - Initializing i18n system
2026-02-09 11:55:46,946 - INFO - university_system.modules.shared.utils.i18n - i18n initialized with language: en
2026-02-09 11:55:46,946 - INFO - __main__ - Initializing auth system
2026-02-09 11:55:47,281 - WARNING - root - SECURITY WARNING: No DEFAULT_ADMIN_PASSWORD environment variable set. Using default password for development. NEVER use this in production!
2026-02-09 11:55:47,282 - WARNING - university_system.infrastructure.auth.core - Admin account using default dev password (set DEFAULT_ADMIN_PASSWORD in production)
2026-02-09 11:55:47,282 - INFO - root - Using default password for staff account (development only)
2026-02-09 11:55:47,283 - WARNING - university_system.infrastructure.auth.core - Staff account using default dev password (set DEFAULT_STAFF_PASSWORD in production)
2026-02-09 11:55:47,284 - INFO - root - Using default password for student account (development only)
2026-02-09 11:55:47,285 - WARNING - university_system.infrastructure.auth.core - Student account using default dev password (set DEFAULT_STUDENT_PASSWORD in production)
2026-02-09 11:55:47,310 - INFO - university_system.infrastructure.auth.core - UserAuth initialized successfully!
2026-02-09 11:55:47,312 - INFO - university_system.infrastructure.shared_context - Authentication instance set successfully
2026-02-09 11:55:47,313 - INFO - __main__ - Auth system initialized successfully
2026-02-09 11:55:47,314 - INFO - __main__ - Initializing database
2026-02-09 11:55:47,425 - INFO - root - Database already initialized with 974 tables
2026-02-09 11:55:47,427 - INFO - __main__ - Starting Graphical User Interface
2026-02-09 11:55:47,427 - INFO - __main__ - Showing language selector
2026-02-09 11:55:47,428 - INFO - university_system.modules.shared.utils.i18n - i18n initialized with language: en
2026-02-09 11:55:49,013 - INFO - university_system.modules.shared.utils.i18n - Language set to: en
2026-02-09 11:55:49,016 - INFO - university_system.modules.shared.utils.i18n - Saved language preference: en
2026-02-09 11:55:49,029 - INFO - __main__ - Language selected: en
2026-02-09 11:55:49,031 - INFO - university_system.modules.shared.utils.i18n - i18n initialized with language: en
2026-02-09 11:55:49,133 - INFO - university_system.modules.shared.utils.i18n - i18n initialized with language: en
2026-02-09 11:55:49,147 - INFO - university_system.modules.shared.utils.i18n - i18n initialized with language: en
2026-02-09 11:55:49,152 - INFO - university_system.modules.shared.utils.i18n - i18n initialized with language: en
2026-02-09 11:55:49,192 - INFO - university_system.modules.shared.utils.i18n - i18n initialized with language: en
2026-02-09 11:55:52,859 - INFO - university_system.modules.shared.utils.i18n - i18n initialized with language: en
2026-02-09 11:55:52,868 - INFO - university_system.modules.shared.utils.i18n - i18n initialized with language: en
2026-02-09 11:55:52,879 - INFO - university_system.modules.shared.utils.i18n - i18n initialized with language: en
2026-02-09 11:55:52,890 - INFO - university_system.modules.shared.utils.i18n - i18n initialized with language: en
2026-02-09 11:55:52,897 - INFO - university_system.modules.shared.utils.i18n - i18n initialized with language: en
2026-02-09 11:55:52,924 - INFO - university_system.modules.shared.utils.i18n - i18n initialized with language: en
2026-02-09 11:55:53,003 - INFO - university_system.modules.shared.utils.i18n - i18n initialized with language: en
2026-02-09 11:55:53,008 - INFO - university_system.modules.shared.utils.i18n - i18n initialized with language: en
2026-02-09 11:55:53,035 - INFO - university_system.modules.shared.utils.i18n - i18n initialized with language: en
2026-02-09 11:55:53,042 - INFO - university_system.modules.shared.utils.i18n - i18n initialized with language: en
2026-02-09 11:55:53,051 - INFO - university_system.modules.shared.utils.i18n - i18n initialized with language: en
2026-02-09 11:55:53,061 - INFO - university_system.modules.shared.utils.i18n - i18n initialized with language: en
2026-02-09 11:55:53,068 - INFO - university_system.modules.shared.utils.i18n - i18n initialized with language: en
2026-02-09 11:55:53,075 - INFO - university_system.modules.shared.utils.i18n - i18n initialized with language: en
2026-02-09 11:55:53,087 - INFO - university_system.modules.shared.utils.i18n - i18n initialized with language: en
2026-02-09 11:55:53,093 - INFO - university_system.modules.shared.utils.i18n - i18n initialized with language: en
2026-02-09 11:55:53,105 - INFO - university_system.modules.shared.utils.i18n - i18n initialized with language: en
2026-02-09 11:55:53,111 - INFO - university_system.modules.shared.utils.i18n - i18n initialized with language: en
2026-02-09 11:55:53,137 - INFO - university_system.modules.shared.utils.i18n - i18n initialized with language: en
2026-02-09 11:55:53,142 - INFO - university_system.modules.shared.utils.i18n - i18n initialized with language: en
2026-02-09 11:55:53,147 - INFO - university_system.modules.shared.utils.i18n - i18n initialized with language: en
2026-02-09 11:55:53,153 - INFO - university_system.modules.shared.utils.i18n - i18n initialized with language: en
2026-02-09 11:55:53,156 - INFO - university_system.modules.shared.utils.i18n - i18n initialized with language: en
2026-02-09 11:55:53,161 - INFO - university_system.modules.shared.utils.i18n - i18n initialized with language: en
2026-02-09 11:55:53,167 - INFO - university_system.modules.shared.utils.i18n - i18n initialized with language: en
2026-02-09 11:55:53,172 - INFO - university_system.modules.shared.utils.i18n - i18n initialized with language: en
2026-02-09 11:55:53,176 - INFO - university_system.modules.shared.utils.i18n - i18n initialized with language: en
2026-02-09 11:55:53,183 - INFO - university_system.modules.shared.utils.i18n - i18n initialized with language: en
2026-02-09 11:55:53,187 - INFO - university_system.modules.shared.utils.i18n - i18n initialized with language: en
2026-02-09 11:55:53,192 - INFO - university_system.modules.shared.utils.i18n - i18n initialized with language: en
2026-02-09 11:55:53,197 - INFO - university_system.modules.shared.utils.i18n - i18n initialized with language: en
2026-02-09 11:55:53,203 - INFO - university_system.modules.shared.utils.i18n - i18n initialized with language: en
2026-02-09 11:55:53,207 - INFO - university_system.modules.shared.utils.i18n - i18n initialized with language: en
2026-02-09 11:55:53,211 - INFO - university_system.modules.shared.utils.i18n - i18n initialized with language: en
2026-02-09 11:55:53,218 - INFO - university_system.modules.shared.utils.i18n - i18n initialized with language: en
2026-02-09 11:55:53,223 - INFO - university_system.modules.shared.utils.i18n - i18n initialized with language: en
2026-02-09 11:55:53,233 - INFO - university_system.modules.shared.utils.i18n - i18n initialized with language: en
2026-02-09 11:55:54,300 - INFO - university_system.modules.shared.utils.i18n - i18n initialized with language: en
2026-02-09 11:55:54,379 - INFO - university_system.modules.shared.utils.i18n - i18n initialized with language: en
2026-02-09 11:55:54,409 - INFO - university_system.infrastructure.security.flask_security_headers - Flask security headers initialized (production mode)
2026-02-09 11:55:54,422 - INFO - university_system.infrastructure.security.flask_security_headers - Flask security headers initialized (production mode)
2026-02-09 11:55:54,441 - INFO - university_system.infrastructure.security.flask_security_headers - Flask security headers initialized (production mode)
2026-02-09 11:55:54,455 - INFO - university_system.infrastructure.security.flask_security_headers - Flask security headers initialized (production mode)
2026-02-09 11:55:54,520 - INFO - university_system.infrastructure.security.flask_security_headers - Flask security headers initialized (production mode)
2026-02-09 11:55:54,552 - INFO - university_system.infrastructure.security.flask_security_headers - Flask security headers initialized (production mode)
2026-02-09 11:55:54,557 - INFO - university_system.modules.domain.finance.gui.finance.common_imports - Successfully imported collection management functions from revenue_analytics
2026-02-09 11:55:54,558 - INFO - university_system.modules.domain.finance.gui.finance.common_imports - Successfully imported scholarship and financial aid functions
2026-02-09 11:55:54,658 - INFO - university_system.infrastructure.security.flask_security_headers - Flask security headers initialized (production mode)
2026-02-09 11:55:56,071 - INFO - university_system.modules.shared.utils.i18n - i18n initialized with language: en
2026-02-09 11:55:57,700 - INFO - university_system.modules.shared.utils.i18n - i18n initialized with language: en
2026-02-09 11:55:57,956 - INFO - university_system.modules.shared.utils.i18n - i18n initialized with language: en
2026-02-09 11:55:59,521 - INFO - university_system.modules.shared.utils.i18n - i18n initialized with language: en
2026-02-09 11:56:00,619 - WARNING - ai_detector - transformers not available. Advanced AI detection will be disabled.
2026-02-09 11:56:00,621 - WARNING - ai_detector - OCR libraries not available. Image analysis will be disabled.
2026-02-09 11:56:00,624 - WARNING - ai_detector - OpenCV not available. Advanced image analysis will be disabled.
2026-02-09 11:56:00,851 - INFO - university_system.infrastructure.security.flask_security_headers - Flask security headers initialized (production mode)
2026-02-09 11:56:01,520 - INFO - university_system.modules.domain.student_affairs.services.student_support.utils.audit - Action create_kb_article completed successfully in 0.00s
2026-02-09 11:56:01,609 - INFO - university_system.modules.shared.utils.i18n - i18n initialized with language: en
2026-02-09 11:56:01,629 - INFO - university_system.modules.shared.utils.i18n - i18n initialized with language: en
2026-02-09 11:56:03,300 - WARNING - university_system.modules.domain.academics.services.plagiarism.plagiarism_main - textract not available. Only .txt files will be supported.
2026-02-09 11:56:03,306 - WARNING - university_system.modules.domain.academics.services.plagiarism.plagiarism_main - textract not available. Only .txt files will be supported.
2026-02-09 11:56:06,104 - INFO - university_system.modules.shared.utils.i18n - i18n initialized with language: en
2026-02-09 11:56:07,023 - INFO - university_system.modules.shared.utils.i18n - i18n initialized with language: en
2026-02-09 11:56:07,246 - INFO - university_system.modules.shared.utils.i18n - i18n initialized with language: en
2026-02-09 11:56:07,271 - INFO - university_system.modules.shared.utils.i18n - i18n initialized with language: en
2026-02-09 11:56:07,285 - INFO - university_system.modules.shared.utils.i18n - i18n initialized with language: en
2026-02-09 11:56:07,309 - INFO - university_system.modules.shared.utils.i18n - i18n initialized with language: en
2026-02-09 11:56:07,317 - INFO - university_system.modules.shared.utils.i18n - i18n initialized with language: en
2026-02-09 11:56:07,367 - INFO - university_system.modules.shared.utils.i18n - i18n initialized with language: en
2026-02-09 11:56:07,373 - INFO - university_system.modules.shared.utils.i18n - i18n initialized with language: en
2026-02-09 11:56:07,401 - INFO - university_system.modules.shared.utils.i18n - i18n initialized with language: en
2026-02-09 11:56:07,408 - INFO - university_system.modules.shared.utils.i18n - i18n initialized with language: en
2026-02-09 11:56:07,441 - INFO - university_system.modules.shared.utils.i18n - i18n initialized with language: en
2026-02-09 11:56:07,480 - INFO - university_system.modules.shared.utils.i18n - i18n initialized with language: en
2026-02-09 11:56:07,513 - INFO - university_system.modules.shared.utils.i18n - i18n initialized with language: en
2026-02-09 11:56:07,521 - INFO - university_system.modules.shared.utils.i18n - i18n initialized with language: en
2026-02-09 11:56:07,537 - INFO - university_system.modules.shared.utils.i18n - i18n initialized with language: en
2026-02-09 11:56:07,547 - INFO - university_system.modules.shared.utils.i18n - i18n initialized with language: en
2026-02-09 11:56:07,553 - INFO - university_system.modules.shared.utils.i18n - i18n initialized with language: en
2026-02-09 11:56:07,573 - INFO - university_system.modules.shared.utils.i18n - i18n initialized with language: en
2026-02-09 11:56:07,583 - INFO - university_system.modules.shared.utils.i18n - i18n initialized with language: en
2026-02-09 11:56:07,592 - INFO - university_system.modules.shared.utils.i18n - i18n initialized with language: en
2026-02-09 11:56:07,603 - INFO - university_system.modules.shared.utils.i18n - i18n initialized with language: en
2026-02-09 11:56:07,613 - INFO - university_system.modules.shared.utils.i18n - i18n initialized with language: en
2026-02-09 11:56:07,622 - INFO - university_system.modules.shared.utils.i18n - i18n initialized with language: en
2026-02-09 11:56:07,631 - INFO - university_system.modules.shared.utils.i18n - i18n initialized with language: en
2026-02-09 11:56:07,648 - INFO - university_system.modules.shared.utils.i18n - i18n initialized with language: en
2026-02-09 11:56:07,659 - INFO - university_system.modules.shared.utils.i18n - i18n initialized with language: en
2026-02-09 11:56:07,667 - INFO - university_system.modules.shared.utils.i18n - i18n initialized with language: en
2026-02-09 11:56:07,676 - INFO - university_system.modules.shared.utils.i18n - i18n initialized with language: en
2026-02-09 11:56:07,686 - INFO - university_system.modules.shared.utils.i18n - i18n initialized with language: en
2026-02-09 11:56:07,693 - INFO - university_system.modules.shared.utils.i18n - i18n initialized with language: en
2026-02-09 11:56:07,705 - INFO - university_system.modules.shared.utils.i18n - i18n initialized with language: en
2026-02-09 11:56:07,720 - INFO - university_system.modules.shared.utils.i18n - i18n initialized with language: en
2026-02-09 11:56:07,731 - INFO - university_system.modules.shared.utils.i18n - i18n initialized with language: en
2026-02-09 11:56:07,745 - INFO - university_system.modules.shared.utils.i18n - i18n initialized with language: en
2026-02-09 11:56:08,226 - INFO - university_system.infrastructure.security.flask_security_headers - Flask security headers initialized (production mode)
2026-02-09 11:56:08,438 - INFO - university_system.modules.shared.utils.i18n - i18n initialized with language: en
2026-02-09 11:56:08,444 - INFO - university_system.modules.shared.utils.i18n - i18n initialized with language: en
2026-02-09 11:56:08,455 - INFO - university_system.modules.shared.utils.i18n - i18n initialized with language: en
2026-02-09 11:56:08,462 - INFO - university_system.modules.shared.utils.i18n - i18n initialized with language: en
2026-02-09 11:56:08,472 - INFO - university_system.modules.shared.utils.i18n - i18n initialized with language: en
2026-02-09 11:56:08,478 - INFO - university_system.modules.shared.utils.i18n - i18n initialized with language: en
2026-02-09 11:56:08,488 - INFO - university_system.modules.shared.utils.i18n - i18n initialized with language: en
2026-02-09 11:56:08,495 - INFO - university_system.modules.shared.utils.i18n - i18n initialized with language: en
2026-02-09 11:56:08,502 - INFO - university_system.modules.shared.utils.i18n - i18n initialized with language: en
2026-02-09 11:56:08,510 - INFO - university_system.modules.shared.utils.i18n - i18n initialized with language: en
2026-02-09 11:56:08,519 - INFO - university_system.modules.shared.utils.i18n - i18n initialized with language: en
2026-02-09 11:56:08,531 - INFO - university_system.modules.shared.utils.i18n - i18n initialized with language: en
2026-02-09 11:56:08,539 - INFO - university_system.modules.shared.utils.i18n - i18n initialized with language: en
2026-02-09 11:56:08,546 - INFO - university_system.modules.shared.utils.i18n - i18n initialized with language: en
2026-02-09 11:56:08,556 - INFO - university_system.modules.shared.utils.i18n - i18n initialized with language: en
2026-02-09 11:56:08,566 - INFO - university_system.modules.shared.utils.i18n - i18n initialized with language: en
2026-02-09 11:56:08,573 - INFO - university_system.modules.shared.utils.i18n - i18n initialized with language: en
2026-02-09 11:56:08,585 - INFO - university_system.modules.shared.utils.i18n - i18n initialized with language: en
2026-02-09 11:56:08,593 - INFO - university_system.modules.shared.utils.i18n - i18n initialized with language: en
2026-02-09 11:56:08,601 - INFO - university_system.modules.shared.utils.i18n - i18n initialized with language: en
2026-02-09 11:56:08,610 - INFO - university_system.modules.shared.utils.i18n - i18n initialized with language: en
2026-02-09 11:56:11,074 - INFO - university_system.modules.shared.utils.i18n - i18n initialized with language: en
2026-02-09 11:56:11,116 - INFO - university_system.modules.shared.utils.i18n - i18n initialized with language: en
2026-02-09 11:56:11,126 - INFO - university_system.modules.shared.utils.i18n - i18n initialized with language: en
2026-02-09 11:56:11,143 - INFO - university_system.modules.shared.utils.i18n - i18n initialized with language: en
2026-02-09 11:56:11,151 - INFO - university_system.modules.shared.utils.i18n - i18n initialized with language: en
2026-02-09 11:56:11,158 - INFO - university_system.modules.shared.utils.i18n - i18n initialized with language: en
2026-02-09 11:56:11,166 - INFO - university_system.modules.shared.utils.i18n - i18n initialized with language: en
2026-02-09 11:56:11,183 - INFO - university_system.modules.shared.utils.i18n - i18n initialized with language: en
2026-02-09 11:56:11,200 - INFO - university_system.modules.shared.utils.i18n - i18n initialized with language: en
2026-02-09 11:56:11,210 - INFO - university_system.modules.shared.utils.i18n - i18n initialized with language: en
2026-02-09 11:56:11,218 - INFO - university_system.modules.shared.utils.i18n - i18n initialized with language: en
2026-02-09 11:56:11,227 - INFO - university_system.modules.shared.utils.i18n - i18n initialized with language: en
2026-02-09 11:56:11,239 - INFO - university_system.modules.shared.utils.i18n - i18n initialized with language: en
2026-02-09 11:56:11,248 - INFO - university_system.modules.shared.utils.i18n - i18n initialized with language: en
2026-02-09 11:56:11,258 - INFO - university_system.modules.shared.utils.i18n - i18n initialized with language: en
2026-02-09 11:56:11,263 - INFO - university_system.modules.shared.utils.i18n - i18n initialized with language: en
2026-02-09 11:56:20,798 - INFO - university_system.modules.shared.utils.activity_logger - admin - Logged in successfully - 2026-02-09 11:56:20
2026-02-09 11:56:20,799 - WARNING - university_system.infrastructure.security.immutable_audit_log - AUDIT_LOG_SECRET not configured. Generating random key. Set AUDIT_LOG_SECRET environment variable for production!
2026-02-09 11:56:25,846 - INFO - root - [2026-02-09 11:56:25] GUI: User admin logged in successfully
2026-02-09 11:56:58,922 - INFO - university_system.modules.shared.utils.i18n - i18n initialized with language: en
2026-02-09 11:56:59,080 - INFO - university_system.modules.domain.student_affairs.services.student_support.database - Enhanced database initialized successfully
2026-02-09 11:56:59,147 - INFO - university_system.modules.domain.student_affairs.services.student_support.automation.background_tasks - Loaded staff assignments for 0 categories
2026-02-09 11:56:59,152 - INFO - university_system.modules.domain.student_affairs.services.student_support.automation.background_tasks - Background tasks not started - no authentication available
2026-02-09 11:57:14,499 - INFO - university_system.modules.shared.utils.i18n - i18n initialized with language: en
2026-02-09 11:57:14,590 - INFO - university_system.modules.shared.utils.i18n - i18n initialized with language: en
2026-02-09 11:57:14,643 - INFO - university_system.modules.shared.utils.i18n - i18n initialized with language: en
2026-02-09 11:57:14,647 - INFO - university_system.modules.shared.utils.i18n - i18n initialized with language: en
2026-02-09 11:57:16,532 - INFO - university_system.modules.shared.utils.i18n - i18n initialized with language: en
2026-02-09 11:59:09,067 - INFO - university_system.infrastructure.security.rate_limiter - RateLimiter initialized (in-memory): max_attempts=5, window=300s, block_duration=900s
2026-02-09 11:59:09,071 - INFO - university_system.infrastructure.security.rate_limiter - RateLimiter initialized (in-memory): max_attempts=100, window=60s, block_duration=60s
2026-02-09 11:59:09,072 - INFO - university_system.infrastructure.security.rate_limiter - RateLimiter initialized (in-memory): max_attempts=3, window=3600s, block_duration=3600s
2026-02-09 11:59:11,620 - INFO - university_system.modules.shared.utils.i18n - Loaded translations for 10 languages
2026-02-09 11:59:11,621 - INFO - university_system.modules.shared.utils.i18n - i18n initialized with language: en
2026-02-09 11:59:11,642 - WARNING - university_system.infrastructure.security.file_upload_validator - Failed to initialize virus scanner: Could not find clamd unix socket from /etc/clamav/clamd.conf or /etc/clamd.conf
2026-02-09 11:59:29,427 - INFO - university_system.infrastructure.auth.optional_dependencies - Chatbot module loaded successfully
2026-02-09 11:59:29,444 - INFO - university_system.infrastructure.auth.optional_dependencies - Voice interface module loaded successfully
2026-02-09 11:59:29,444 - INFO - university_system.infrastructure.auth.core - Chatbot module is available
2026-02-09 11:59:29,545 - INFO - university_system.infrastructure.auth.integrations.chatbot_integration - Chatbot module is available
2026-02-09 11:59:29,633 - INFO - university_system.modules.shared.utils.i18n - i18n initialized with language: en
2026-02-09 11:59:29,697 - INFO - university_system.modules.shared.utils.i18n - i18n initialized with language: en
2026-02-09 11:59:29,703 - INFO - university_system.modules.shared.utils.i18n - i18n initialized with language: en
2026-02-09 11:59:29,980 - INFO - university_system.modules.domain.student_affairs.services.student_support.utils.audit - Action create_kb_article completed successfully in 0.00s
2026-02-09 11:59:33,461 - INFO - university_system.modules.domain.student_affairs.services.student_support.auth - Auth instance set for student support module
2026-02-09 11:59:40,521 - INFO - university_system.infrastructure.security.rate_limiter - RateLimiter initialized (in-memory): max_attempts=5, window=300s, block_duration=900s
2026-02-09 11:59:40,522 - INFO - university_system.infrastructure.security.rate_limiter - RateLimiter initialized (in-memory): max_attempts=100, window=60s, block_duration=60s
2026-02-09 11:59:40,522 - INFO - university_system.infrastructure.security.rate_limiter - RateLimiter initialized (in-memory): max_attempts=3, window=3600s, block_duration=3600s
2026-02-09 11:59:42,822 - INFO - university_system.modules.shared.utils.i18n - Loaded translations for 10 languages
2026-02-09 11:59:42,823 - INFO - university_system.modules.shared.utils.i18n - i18n initialized with language: en
2026-02-09 11:59:42,846 - WARNING - university_system.infrastructure.security.file_upload_validator - Failed to initialize virus scanner: Could not find clamd unix socket from /etc/clamav/clamd.conf or /etc/clamd.conf
2026-02-09 11:59:52,107 - INFO - university_system.infrastructure.auth.optional_dependencies - Chatbot module loaded successfully
2026-02-09 11:59:52,110 - INFO - university_system.infrastructure.auth.optional_dependencies - Voice interface module loaded successfully
2026-02-09 11:59:52,111 - INFO - university_system.infrastructure.auth.core - Chatbot module is available
2026-02-09 11:59:52,140 - INFO - university_system.infrastructure.auth.integrations.chatbot_integration - Chatbot module is available
2026-02-09 11:59:52,168 - INFO - university_system.modules.shared.utils.i18n - i18n initialized with language: en
2026-02-09 11:59:52,201 - INFO - university_system.modules.shared.utils.i18n - i18n initialized with language: en
2026-02-09 11:59:52,204 - INFO - university_system.modules.shared.utils.i18n - i18n initialized with language: en
2026-02-09 11:59:52,339 - INFO - university_system.modules.domain.student_affairs.services.student_support.utils.audit - Action create_kb_article completed successfully in 0.00s
2026-02-09 12:00:46,447 - INFO - __main__ - Ensuring directory structure
2026-02-09 12:00:46,470 - INFO - __main__ - Initializing i18n system
2026-02-09 12:00:46,471 - INFO - university_system.modules.shared.utils.i18n - i18n initialized with language: en
2026-02-09 12:00:46,471 - INFO - __main__ - Initializing auth system
2026-02-09 12:00:46,580 - WARNING - root - SECURITY WARNING: No DEFAULT_ADMIN_PASSWORD environment variable set. Using default password for development. NEVER use this in production!
2026-02-09 12:00:46,581 - WARNING - university_system.infrastructure.auth.core - Admin account using default dev password (set DEFAULT_ADMIN_PASSWORD in production)
2026-02-09 12:00:46,581 - INFO - root - Using default password for staff account (development only)
2026-02-09 12:00:46,582 - WARNING - university_system.infrastructure.auth.core - Staff account using default dev password (set DEFAULT_STAFF_PASSWORD in production)
2026-02-09 12:00:46,582 - INFO - root - Using default password for student account (development only)
2026-02-09 12:00:46,582 - WARNING - university_system.infrastructure.auth.core - Student account using default dev password (set DEFAULT_STUDENT_PASSWORD in production)
2026-02-09 12:00:46,594 - INFO - university_system.infrastructure.auth.core - UserAuth initialized successfully!
2026-02-09 12:00:46,600 - INFO - university_system.infrastructure.shared_context - Authentication instance set successfully
2026-02-09 12:00:46,601 - INFO - __main__ - Auth system initialized successfully
2026-02-09 12:00:46,601 - INFO - __main__ - Initializing database
2026-02-09 12:00:46,662 - INFO - root - Database already initialized with 974 tables
2026-02-09 12:00:46,664 - INFO - __main__ - Starting Graphical User Interface
2026-02-09 12:00:46,664 - INFO - __main__ - Showing language selector
2026-02-09 12:00:46,665 - INFO - university_system.modules.shared.utils.i18n - i18n initialized with language: en
2026-02-09 12:00:48,132 - INFO - university_system.modules.shared.utils.i18n - Language set to: en
2026-02-09 12:00:48,135 - INFO - university_system.modules.shared.utils.i18n - Saved language preference: en
2026-02-09 12:00:48,150 - INFO - __main__ - Language selected: en
2026-02-09 12:00:48,152 - INFO - university_system.modules.shared.utils.i18n - i18n initialized with language: en
2026-02-09 12:00:48,354 - INFO - university_system.modules.shared.utils.i18n - i18n initialized with language: en
2026-02-09 12:00:48,370 - INFO - university_system.modules.shared.utils.i18n - i18n initialized with language: en
2026-02-09 12:00:48,377 - INFO - university_system.modules.shared.utils.i18n - i18n initialized with language: en
2026-02-09 12:00:48,432 - INFO - university_system.modules.shared.utils.i18n - i18n initialized with language: en
2026-02-09 12:00:52,324 - INFO - university_system.modules.shared.utils.i18n - i18n initialized with language: en
2026-02-09 12:00:52,333 - INFO - university_system.modules.shared.utils.i18n - i18n initialized with language: en
2026-02-09 12:00:52,341 - INFO - university_system.modules.shared.utils.i18n - i18n initialized with language: en
2026-02-09 12:00:52,359 - INFO - university_system.modules.shared.utils.i18n - i18n initialized with language: en
2026-02-09 12:00:52,366 - INFO - university_system.modules.shared.utils.i18n - i18n initialized with language: en
2026-02-09 12:00:52,390 - INFO - university_system.modules.shared.utils.i18n - i18n initialized with language: en
2026-02-09 12:00:52,452 - INFO - university_system.modules.shared.utils.i18n - i18n initialized with language: en
2026-02-09 12:00:52,458 - INFO - university_system.modules.shared.utils.i18n - i18n initialized with language: en
2026-02-09 12:00:52,484 - INFO - university_system.modules.shared.utils.i18n - i18n initialized with language: en
2026-02-09 12:00:52,493 - INFO - university_system.modules.shared.utils.i18n - i18n initialized with language: en
2026-02-09 12:00:52,502 - INFO - university_system.modules.shared.utils.i18n - i18n initialized with language: en
2026-02-09 12:00:52,513 - INFO - university_system.modules.shared.utils.i18n - i18n initialized with language: en
2026-02-09 12:00:52,521 - INFO - university_system.modules.shared.utils.i18n - i18n initialized with language: en
2026-02-09 12:00:52,529 - INFO - university_system.modules.shared.utils.i18n - i18n initialized with language: en
2026-02-09 12:00:52,537 - INFO - university_system.modules.shared.utils.i18n - i18n initialized with language: en
2026-02-09 12:00:52,546 - INFO - university_system.modules.shared.utils.i18n - i18n initialized with language: en
2026-02-09 12:00:52,554 - INFO - university_system.modules.shared.utils.i18n - i18n initialized with language: en
2026-02-09 12:00:52,560 - INFO - university_system.modules.shared.utils.i18n - i18n initialized with language: en
2026-02-09 12:00:52,599 - INFO - university_system.modules.shared.utils.i18n - i18n initialized with language: en
2026-02-09 12:00:52,606 - INFO - university_system.modules.shared.utils.i18n - i18n initialized with language: en
2026-02-09 12:00:52,611 - INFO - university_system.modules.shared.utils.i18n - i18n initialized with language: en
2026-02-09 12:00:52,616 - INFO - university_system.modules.shared.utils.i18n - i18n initialized with language: en
2026-02-09 12:00:52,621 - INFO - university_system.modules.shared.utils.i18n - i18n initialized with language: en
2026-02-09 12:00:52,628 - INFO - university_system.modules.shared.utils.i18n - i18n initialized with language: en
2026-02-09 12:00:52,632 - INFO - university_system.modules.shared.utils.i18n - i18n initialized with language: en
2026-02-09 12:00:52,636 - INFO - university_system.modules.shared.utils.i18n - i18n initialized with language: en
2026-02-09 12:00:52,640 - INFO - university_system.modules.shared.utils.i18n - i18n initialized with language: en
2026-02-09 12:00:52,648 - INFO - university_system.modules.shared.utils.i18n - i18n initialized with language: en
2026-02-09 12:00:52,653 - INFO - university_system.modules.shared.utils.i18n - i18n initialized with language: en
2026-02-09 12:00:52,658 - INFO - university_system.modules.shared.utils.i18n - i18n initialized with language: en
2026-02-09 12:00:52,662 - INFO - university_system.modules.shared.utils.i18n - i18n initialized with language: en
2026-02-09 12:00:52,667 - INFO - university_system.modules.shared.utils.i18n - i18n initialized with language: en
2026-02-09 12:00:52,672 - INFO - university_system.modules.shared.utils.i18n - i18n initialized with language: en
2026-02-09 12:00:52,677 - INFO - university_system.modules.shared.utils.i18n - i18n initialized with language: en
2026-02-09 12:00:52,681 - INFO - university_system.modules.shared.utils.i18n - i18n initialized with language: en
2026-02-09 12:00:52,688 - INFO - university_system.modules.shared.utils.i18n - i18n initialized with language: en
2026-02-09 12:00:52,694 - INFO - university_system.modules.shared.utils.i18n - i18n initialized with language: en
2026-02-09 12:00:53,796 - INFO - university_system.modules.shared.utils.i18n - i18n initialized with language: en
2026-02-09 12:00:53,882 - INFO - university_system.modules.shared.utils.i18n - i18n initialized with language: en
2026-02-09 12:00:53,916 - INFO - university_system.infrastructure.security.flask_security_headers - Flask security headers initialized (production mode)
2026-02-09 12:00:53,931 - INFO - university_system.infrastructure.security.flask_security_headers - Flask security headers initialized (production mode)
2026-02-09 12:00:53,948 - INFO - university_system.infrastructure.security.flask_security_headers - Flask security headers initialized (production mode)
2026-02-09 12:00:53,958 - INFO - university_system.infrastructure.security.flask_security_headers - Flask security headers initialized (production mode)
2026-02-09 12:00:53,978 - INFO - university_system.infrastructure.security.flask_security_headers - Flask security headers initialized (production mode)
2026-02-09 12:00:53,991 - INFO - university_system.infrastructure.security.flask_security_headers - Flask security headers initialized (production mode)
2026-02-09 12:00:53,993 - INFO - university_system.modules.domain.finance.gui.finance.common_imports - Successfully imported collection management functions from revenue_analytics
2026-02-09 12:00:53,994 - INFO - university_system.modules.domain.finance.gui.finance.common_imports - Successfully imported scholarship and financial aid functions
2026-02-09 12:00:54,097 - INFO - university_system.infrastructure.security.flask_security_headers - Flask security headers initialized (production mode)
2026-02-09 12:00:56,054 - INFO - university_system.modules.shared.utils.i18n - i18n initialized with language: en
2026-02-09 12:00:57,313 - INFO - university_system.modules.shared.utils.i18n - i18n initialized with language: en
2026-02-09 12:00:57,529 - INFO - university_system.modules.shared.utils.i18n - i18n initialized with language: en
2026-02-09 12:00:59,059 - INFO - university_system.modules.shared.utils.i18n - i18n initialized with language: en
2026-02-09 12:01:00,100 - WARNING - ai_detector - transformers not available. Advanced AI detection will be disabled.
2026-02-09 12:01:00,102 - WARNING - ai_detector - OCR libraries not available. Image analysis will be disabled.
2026-02-09 12:01:00,103 - WARNING - ai_detector - OpenCV not available. Advanced image analysis will be disabled.
2026-02-09 12:01:00,268 - INFO - university_system.infrastructure.security.flask_security_headers - Flask security headers initialized (production mode)
2026-02-09 12:01:00,923 - INFO - university_system.modules.domain.student_affairs.services.student_support.utils.audit - Action create_kb_article completed successfully in 0.00s
2026-02-09 12:01:01,069 - INFO - university_system.modules.shared.utils.i18n - i18n initialized with language: en
2026-02-09 12:01:01,092 - INFO - university_system.modules.shared.utils.i18n - i18n initialized with language: en
2026-02-09 12:01:03,117 - WARNING - university_system.modules.domain.academics.services.plagiarism.plagiarism_main - textract not available. Only .txt files will be supported.
2026-02-09 12:01:03,123 - WARNING - university_system.modules.domain.academics.services.plagiarism.plagiarism_main - textract not available. Only .txt files will be supported.
2026-02-09 12:01:05,614 - INFO - university_system.modules.shared.utils.i18n - i18n initialized with language: en
2026-02-09 12:01:05,925 - INFO - university_system.modules.shared.utils.i18n - i18n initialized with language: en
2026-02-09 12:01:06,170 - INFO - university_system.modules.shared.utils.i18n - i18n initialized with language: en
2026-02-09 12:01:06,177 - INFO - university_system.modules.shared.utils.i18n - i18n initialized with language: en
2026-02-09 12:01:06,193 - INFO - university_system.modules.shared.utils.i18n - i18n initialized with language: en
2026-02-09 12:01:06,204 - INFO - university_system.modules.shared.utils.i18n - i18n initialized with language: en
2026-02-09 12:01:06,211 - INFO - university_system.modules.shared.utils.i18n - i18n initialized with language: en
2026-02-09 12:01:06,220 - INFO - university_system.modules.shared.utils.i18n - i18n initialized with language: en
2026-02-09 12:01:06,231 - INFO - university_system.modules.shared.utils.i18n - i18n initialized with language: en
2026-02-09 12:01:06,239 - INFO - university_system.modules.shared.utils.i18n - i18n initialized with language: en
2026-02-09 12:01:06,246 - INFO - university_system.modules.shared.utils.i18n - i18n initialized with language: en
2026-02-09 12:01:06,255 - INFO - university_system.modules.shared.utils.i18n - i18n initialized with language: en
2026-02-09 12:01:06,263 - INFO - university_system.modules.shared.utils.i18n - i18n initialized with language: en
2026-02-09 12:01:06,271 - INFO - university_system.modules.shared.utils.i18n - i18n initialized with language: en
2026-02-09 12:01:06,280 - INFO - university_system.modules.shared.utils.i18n - i18n initialized with language: en
2026-02-09 12:01:06,289 - INFO - university_system.modules.shared.utils.i18n - i18n initialized with language: en
2026-02-09 12:01:06,300 - INFO - university_system.modules.shared.utils.i18n - i18n initialized with language: en
2026-02-09 12:01:06,309 - INFO - university_system.modules.shared.utils.i18n - i18n initialized with language: en
2026-02-09 12:01:06,333 - INFO - university_system.modules.shared.utils.i18n - i18n initialized with language: en
2026-02-09 12:01:06,350 - INFO - university_system.modules.shared.utils.i18n - i18n initialized with language: en
2026-02-09 12:01:06,357 - INFO - university_system.modules.shared.utils.i18n - i18n initialized with language: en
2026-02-09 12:01:06,367 - INFO - university_system.modules.shared.utils.i18n - i18n initialized with language: en
2026-02-09 12:01:06,375 - INFO - university_system.modules.shared.utils.i18n - i18n initialized with language: en
2026-02-09 12:01:06,386 - INFO - university_system.modules.shared.utils.i18n - i18n initialized with language: en
2026-02-09 12:01:06,394 - INFO - university_system.modules.shared.utils.i18n - i18n initialized with language: en
2026-02-09 12:01:06,409 - INFO - university_system.modules.shared.utils.i18n - i18n initialized with language: en
2026-02-09 12:01:06,420 - INFO - university_system.modules.shared.utils.i18n - i18n initialized with language: en
2026-02-09 12:01:06,427 - INFO - university_system.modules.shared.utils.i18n - i18n initialized with language: en
2026-02-09 12:01:06,436 - INFO - university_system.modules.shared.utils.i18n - i18n initialized with language: en
2026-02-09 12:01:06,443 - INFO - university_system.modules.shared.utils.i18n - i18n initialized with language: en
2026-02-09 12:01:06,450 - INFO - university_system.modules.shared.utils.i18n - i18n initialized with language: en
2026-02-09 12:01:06,458 - INFO - university_system.modules.shared.utils.i18n - i18n initialized with language: en
2026-02-09 12:01:06,467 - INFO - university_system.modules.shared.utils.i18n - i18n initialized with language: en
2026-02-09 12:01:06,474 - INFO - university_system.modules.shared.utils.i18n - i18n initialized with language: en
2026-02-09 12:01:06,484 - INFO - university_system.modules.shared.utils.i18n - i18n initialized with language: en
2026-02-09 12:01:07,002 - INFO - university_system.infrastructure.security.flask_security_headers - Flask security headers initialized (production mode)
2026-02-09 12:01:07,205 - INFO - university_system.modules.shared.utils.i18n - i18n initialized with language: en
2026-02-09 12:01:07,212 - INFO - university_system.modules.shared.utils.i18n - i18n initialized with language: en
2026-02-09 12:01:07,227 - INFO - university_system.modules.shared.utils.i18n - i18n initialized with language: en
2026-02-09 12:01:07,235 - INFO - university_system.modules.shared.utils.i18n - i18n initialized with language: en
2026-02-09 12:01:07,244 - INFO - university_system.modules.shared.utils.i18n - i18n initialized with language: en
2026-02-09 12:01:07,257 - INFO - university_system.modules.shared.utils.i18n - i18n initialized with language: en
2026-02-09 12:01:07,267 - INFO - university_system.modules.shared.utils.i18n - i18n initialized with language: en
2026-02-09 12:01:07,280 - INFO - university_system.modules.shared.utils.i18n - i18n initialized with language: en
2026-02-09 12:01:07,288 - INFO - university_system.modules.shared.utils.i18n - i18n initialized with language: en
2026-02-09 12:01:07,296 - INFO - university_system.modules.shared.utils.i18n - i18n initialized with language: en
2026-02-09 12:01:07,307 - INFO - university_system.modules.shared.utils.i18n - i18n initialized with language: en
2026-02-09 12:01:07,320 - INFO - university_system.modules.shared.utils.i18n - i18n initialized with language: en
2026-02-09 12:01:07,329 - INFO - university_system.modules.shared.utils.i18n - i18n initialized with language: en
2026-02-09 12:01:07,336 - INFO - university_system.modules.shared.utils.i18n - i18n initialized with language: en
2026-02-09 12:01:07,346 - INFO - university_system.modules.shared.utils.i18n - i18n initialized with language: en
2026-02-09 12:01:07,355 - INFO - university_system.modules.shared.utils.i18n - i18n initialized with language: en
2026-02-09 12:01:07,362 - INFO - university_system.modules.shared.utils.i18n - i18n initialized with language: en
2026-02-09 12:01:07,368 - INFO - university_system.modules.shared.utils.i18n - i18n initialized with language: en
2026-02-09 12:01:07,377 - INFO - university_system.modules.shared.utils.i18n - i18n initialized with language: en
2026-02-09 12:01:07,384 - INFO - university_system.modules.shared.utils.i18n - i18n initialized with language: en
2026-02-09 12:01:07,392 - INFO - university_system.modules.shared.utils.i18n - i18n initialized with language: en
2026-02-09 12:01:09,785 - INFO - university_system.modules.shared.utils.i18n - i18n initialized with language: en
2026-02-09 12:01:09,829 - INFO - university_system.modules.shared.utils.i18n - i18n initialized with language: en
2026-02-09 12:01:09,835 - INFO - university_system.modules.shared.utils.i18n - i18n initialized with language: en
2026-02-09 12:01:09,845 - INFO - university_system.modules.shared.utils.i18n - i18n initialized with language: en
2026-02-09 12:01:09,856 - INFO - university_system.modules.shared.utils.i18n - i18n initialized with language: en
2026-02-09 12:01:09,867 - INFO - university_system.modules.shared.utils.i18n - i18n initialized with language: en
2026-02-09 12:01:09,874 - INFO - university_system.modules.shared.utils.i18n - i18n initialized with language: en
2026-02-09 12:01:09,883 - INFO - university_system.modules.shared.utils.i18n - i18n initialized with language: en
2026-02-09 12:01:09,899 - INFO - university_system.modules.shared.utils.i18n - i18n initialized with language: en
2026-02-09 12:01:09,908 - INFO - university_system.modules.shared.utils.i18n - i18n initialized with language: en
2026-02-09 12:01:09,919 - INFO - university_system.modules.shared.utils.i18n - i18n initialized with language: en
2026-02-09 12:01:09,927 - INFO - university_system.modules.shared.utils.i18n - i18n initialized with language: en
2026-02-09 12:01:09,936 - INFO - university_system.modules.shared.utils.i18n - i18n initialized with language: en
2026-02-09 12:01:09,952 - INFO - university_system.modules.shared.utils.i18n - i18n initialized with language: en
2026-02-09 12:01:09,964 - INFO - university_system.modules.shared.utils.i18n - i18n initialized with language: en
2026-02-09 12:01:09,969 - INFO - university_system.modules.shared.utils.i18n - i18n initialized with language: en
2026-02-09 12:01:20,553 - INFO - university_system.modules.shared.utils.activity_logger - admin - Logged in successfully - 2026-02-09 12:01:20
2026-02-09 12:01:20,555 - WARNING - university_system.infrastructure.security.immutable_audit_log - AUDIT_LOG_SECRET not configured. Generating random key. Set AUDIT_LOG_SECRET environment variable for production!
2026-02-09 12:01:25,373 - INFO - root - [2026-02-09 12:01:25] GUI: User admin logged in successfully
2026-02-09 12:01:32,908 - INFO - university_system.modules.shared.utils.i18n - i18n initialized with language: en
2026-02-09 12:01:33,063 - INFO - university_system.modules.domain.student_affairs.services.student_support.database - Enhanced database initialized successfully
2026-02-09 12:01:33,156 - INFO - university_system.modules.domain.student_affairs.services.student_support.automation.background_tasks - Loaded staff assignments for 0 categories
2026-02-09 12:01:33,173 - INFO - university_system.modules.domain.student_affairs.services.student_support.automation.background_tasks - Background tasks not started - no authentication available
2026-02-09 12:01:33,174 - INFO - university_system.modules.domain.student_affairs.services.student_support - Enhanced StudentSupport initialized successfully
2026-02-09 12:01:33,177 - INFO - university_system.modules.domain.student_affairs.services.student_support.auth - Auth instance set for student support module
2026-02-09 12:10:53,994 - INFO - university_system.infrastructure.security.rate_limiter - RateLimiter initialized (in-memory): max_attempts=5, window=300s, block_duration=900s
2026-02-09 12:10:54,000 - INFO - university_system.infrastructure.security.rate_limiter - RateLimiter initialized (in-memory): max_attempts=100, window=60s, block_duration=60s
2026-02-09 12:10:54,001 - INFO - university_system.infrastructure.security.rate_limiter - RateLimiter initialized (in-memory): max_attempts=3, window=3600s, block_duration=3600s
2026-02-09 12:10:56,714 - INFO - university_system.modules.shared.utils.i18n - Loaded translations for 10 languages
2026-02-09 12:10:56,716 - INFO - university_system.modules.shared.utils.i18n - i18n initialized with language: en
2026-02-09 12:10:56,745 - WARNING - university_system.infrastructure.security.file_upload_validator - Failed to initialize virus scanner: Could not find clamd unix socket from /etc/clamav/clamd.conf or /etc/clamd.conf
2026-02-09 12:11:14,584 - INFO - university_system.infrastructure.auth.optional_dependencies - Chatbot module loaded successfully
2026-02-09 12:11:14,590 - INFO - university_system.infrastructure.auth.optional_dependencies - Voice interface module loaded successfully
2026-02-09 12:11:14,590 - INFO - university_system.infrastructure.auth.core - Chatbot module is available
2026-02-09 12:11:14,666 - INFO - university_system.infrastructure.auth.integrations.chatbot_integration - Chatbot module is available
2026-02-09 12:11:14,776 - INFO - university_system.modules.shared.utils.i18n - i18n initialized with language: en
2026-02-09 12:11:14,831 - INFO - university_system.modules.shared.utils.i18n - i18n initialized with language: en
2026-02-09 12:11:14,837 - INFO - university_system.modules.shared.utils.i18n - i18n initialized with language: en
2026-02-09 12:12:34,653 - INFO - university_system.infrastructure.security.rate_limiter - RateLimiter initialized (in-memory): max_attempts=5, window=300s, block_duration=900s
2026-02-09 12:12:34,656 - INFO - university_system.infrastructure.security.rate_limiter - RateLimiter initialized (in-memory): max_attempts=100, window=60s, block_duration=60s
2026-02-09 12:12:34,657 - INFO - university_system.infrastructure.security.rate_limiter - RateLimiter initialized (in-memory): max_attempts=3, window=3600s, block_duration=3600s
2026-02-09 12:12:36,871 - INFO - university_system.modules.shared.utils.i18n - Loaded translations for 10 languages
2026-02-09 12:12:36,872 - INFO - university_system.modules.shared.utils.i18n - i18n initialized with language: en
2026-02-09 12:12:36,893 - WARNING - university_system.infrastructure.security.file_upload_validator - Failed to initialize virus scanner: Could not find clamd unix socket from /etc/clamav/clamd.conf or /etc/clamd.conf
2026-02-09 12:12:50,555 - INFO - university_system.infrastructure.auth.optional_dependencies - Chatbot module loaded successfully
2026-02-09 12:12:50,560 - INFO - university_system.infrastructure.auth.optional_dependencies - Voice interface module loaded successfully
2026-02-09 12:12:50,561 - INFO - university_system.infrastructure.auth.core - Chatbot module is available
2026-02-09 12:12:50,622 - INFO - university_system.infrastructure.auth.integrations.chatbot_integration - Chatbot module is available
2026-02-09 12:12:50,672 - INFO - university_system.modules.shared.utils.i18n - i18n initialized with language: en
2026-02-09 12:12:50,727 - INFO - university_system.modules.shared.utils.i18n - i18n initialized with language: en
2026-02-09 12:12:50,732 - INFO - university_system.modules.shared.utils.i18n - i18n initialized with language: en
2026-02-09 12:12:51,181 - INFO - university_system.modules.domain.student_affairs.services.student_support.utils.audit - Action create_kb_article completed successfully in 0.00s
2026-02-09 12:13:01,331 - INFO - university_system.infrastructure.security.rate_limiter - RateLimiter initialized (in-memory): max_attempts=5, window=300s, block_duration=900s
2026-02-09 12:13:01,332 - INFO - university_system.infrastructure.security.rate_limiter - RateLimiter initialized (in-memory): max_attempts=100, window=60s, block_duration=60s
2026-02-09 12:13:01,332 - INFO - university_system.infrastructure.security.rate_limiter - RateLimiter initialized (in-memory): max_attempts=3, window=3600s, block_duration=3600s
2026-02-09 12:13:02,496 - INFO - university_system.modules.shared.utils.i18n - Loaded translations for 10 languages
2026-02-09 12:13:02,498 - INFO - university_system.modules.shared.utils.i18n - i18n initialized with language: en
2026-02-09 12:13:02,514 - WARNING - university_system.infrastructure.security.file_upload_validator - Failed to initialize virus scanner: Could not find clamd unix socket from /etc/clamav/clamd.conf or /etc/clamd.conf
2026-02-09 12:13:09,310 - INFO - university_system.infrastructure.auth.optional_dependencies - Chatbot module loaded successfully
2026-02-09 12:13:09,312 - INFO - university_system.infrastructure.auth.optional_dependencies - Voice interface module loaded successfully
2026-02-09 12:13:09,313 - INFO - university_system.infrastructure.auth.core - Chatbot module is available
2026-02-09 12:13:09,343 - INFO - university_system.infrastructure.auth.integrations.chatbot_integration - Chatbot module is available
2026-02-09 12:13:09,375 - INFO - university_system.modules.shared.utils.i18n - i18n initialized with language: en
2026-02-09 12:13:09,409 - INFO - university_system.modules.shared.utils.i18n - i18n initialized with language: en
2026-02-09 12:13:09,412 - INFO - university_system.modules.shared.utils.i18n - i18n initialized with language: en
2026-02-09 12:13:09,529 - INFO - university_system.modules.domain.student_affairs.services.student_support.utils.audit - Action create_kb_article completed successfully in 0.00s
2026-02-09 12:13:09,558 - INFO - university_system.modules.domain.student_affairs.services.student_support.auth - Auth instance set for student support module
2026-02-09 12:13:19,075 - INFO - university_system.infrastructure.security.rate_limiter - RateLimiter initialized (in-memory): max_attempts=5, window=300s, block_duration=900s
2026-02-09 12:13:19,076 - INFO - university_system.infrastructure.security.rate_limiter - RateLimiter initialized (in-memory): max_attempts=100, window=60s, block_duration=60s
2026-02-09 12:13:19,076 - INFO - university_system.infrastructure.security.rate_limiter - RateLimiter initialized (in-memory): max_attempts=3, window=3600s, block_duration=3600s
2026-02-09 12:13:20,579 - INFO - university_system.modules.shared.utils.i18n - Loaded translations for 10 languages
2026-02-09 12:13:20,582 - INFO - university_system.modules.shared.utils.i18n - i18n initialized with language: en
2026-02-09 12:13:20,600 - WARNING - university_system.infrastructure.security.file_upload_validator - Failed to initialize virus scanner: Could not find clamd unix socket from /etc/clamav/clamd.conf or /etc/clamd.conf
2026-02-09 12:13:28,603 - INFO - university_system.infrastructure.auth.optional_dependencies - Chatbot module loaded successfully
2026-02-09 12:13:28,605 - INFO - university_system.infrastructure.auth.optional_dependencies - Voice interface module loaded successfully
2026-02-09 12:13:28,605 - INFO - university_system.infrastructure.auth.core - Chatbot module is available
2026-02-09 12:13:28,626 - INFO - university_system.infrastructure.auth.integrations.chatbot_integration - Chatbot module is available
2026-02-09 12:13:28,653 - INFO - university_system.modules.shared.utils.i18n - i18n initialized with language: en
2026-02-09 12:13:28,690 - INFO - university_system.modules.shared.utils.i18n - i18n initialized with language: en
2026-02-09 12:13:28,692 - INFO - university_system.modules.shared.utils.i18n - i18n initialized with language: en
2026-02-09 12:13:28,841 - INFO - university_system.modules.domain.student_affairs.services.student_support.utils.audit - Action create_kb_article completed successfully in 0.00s
2026-02-09 12:14:06,272 - INFO - university_system.infrastructure.security.rate_limiter - RateLimiter initialized (in-memory): max_attempts=5, window=300s, block_duration=900s
2026-02-09 12:14:06,273 - INFO - university_system.infrastructure.security.rate_limiter - RateLimiter initialized (in-memory): max_attempts=100, window=60s, block_duration=60s
2026-02-09 12:14:06,273 - INFO - university_system.infrastructure.security.rate_limiter - RateLimiter initialized (in-memory): max_attempts=3, window=3600s, block_duration=3600s
2026-02-09 12:14:07,335 - INFO - university_system.modules.shared.utils.i18n - Loaded translations for 10 languages
2026-02-09 12:14:07,336 - INFO - university_system.modules.shared.utils.i18n - i18n initialized with language: en
2026-02-09 12:14:07,346 - WARNING - university_system.infrastructure.security.file_upload_validator - Failed to initialize virus scanner: Could not find clamd unix socket from /etc/clamav/clamd.conf or /etc/clamd.conf
2026-02-09 12:14:16,529 - INFO - university_system.infrastructure.auth.optional_dependencies - Chatbot module loaded successfully
2026-02-09 12:14:16,535 - INFO - university_system.infrastructure.auth.optional_dependencies - Voice interface module loaded successfully
2026-02-09 12:14:16,536 - INFO - university_system.infrastructure.auth.core - Chatbot module is available
2026-02-09 12:14:16,609 - INFO - university_system.infrastructure.auth.integrations.chatbot_integration - Chatbot module is available
2026-02-09 12:14:16,660 - INFO - university_system.modules.shared.utils.i18n - i18n initialized with language: en
2026-02-09 12:14:16,709 - INFO - university_system.modules.shared.utils.i18n - i18n initialized with language: en
2026-02-09 12:14:16,714 - INFO - university_system.modules.shared.utils.i18n - i18n initialized with language: en
2026-02-09 12:14:17,044 - INFO - university_system.modules.domain.student_affairs.services.student_support.utils.audit - Action create_kb_article completed successfully in 0.00s
2026-02-09 12:15:16,467 - INFO - __main__ - Ensuring directory structure
2026-02-09 12:15:16,485 - INFO - __main__ - Initializing i18n system
2026-02-09 12:15:16,486 - INFO - university_system.modules.shared.utils.i18n - i18n initialized with language: en
2026-02-09 12:15:16,486 - INFO - __main__ - Initializing auth system
2026-02-09 12:15:16,577 - WARNING - root - SECURITY WARNING: No DEFAULT_ADMIN_PASSWORD environment variable set. Using default password for development. NEVER use this in production!
2026-02-09 12:15:16,578 - WARNING - university_system.infrastructure.auth.core - Admin account using default dev password (set DEFAULT_ADMIN_PASSWORD in production)
2026-02-09 12:15:16,578 - INFO - root - Using default password for staff account (development only)
2026-02-09 12:15:16,579 - WARNING - university_system.infrastructure.auth.core - Staff account using default dev password (set DEFAULT_STAFF_PASSWORD in production)
2026-02-09 12:15:16,579 - INFO - root - Using default password for student account (development only)
2026-02-09 12:15:16,579 - WARNING - university_system.infrastructure.auth.core - Student account using default dev password (set DEFAULT_STUDENT_PASSWORD in production)
2026-02-09 12:15:16,587 - INFO - university_system.infrastructure.auth.core - UserAuth initialized successfully!
2026-02-09 12:15:16,592 - INFO - university_system.infrastructure.shared_context - Authentication instance set successfully
2026-02-09 12:15:16,593 - INFO - __main__ - Auth system initialized successfully
2026-02-09 12:15:16,593 - INFO - __main__ - Initializing database
2026-02-09 12:15:16,648 - INFO - root - Database already initialized with 974 tables
2026-02-09 12:15:16,654 - INFO - __main__ - Starting Graphical User Interface
2026-02-09 12:15:16,654 - INFO - __main__ - Showing language selector
2026-02-09 12:15:16,656 - INFO - university_system.modules.shared.utils.i18n - i18n initialized with language: en
2026-02-09 12:15:17,789 - INFO - university_system.modules.shared.utils.i18n - Language set to: en
2026-02-09 12:15:17,792 - INFO - university_system.modules.shared.utils.i18n - Saved language preference: en
2026-02-09 12:15:17,817 - INFO - __main__ - Language selected: en
2026-02-09 12:15:17,819 - INFO - university_system.modules.shared.utils.i18n - i18n initialized with language: en
2026-02-09 12:15:17,925 - INFO - university_system.modules.shared.utils.i18n - i18n initialized with language: en
2026-02-09 12:15:17,945 - INFO - university_system.modules.shared.utils.i18n - i18n initialized with language: en
2026-02-09 12:15:17,950 - INFO - university_system.modules.shared.utils.i18n - i18n initialized with language: en
2026-02-09 12:15:17,992 - INFO - university_system.modules.shared.utils.i18n - i18n initialized with language: en
2026-02-09 12:15:21,794 - INFO - university_system.modules.shared.utils.i18n - i18n initialized with language: en
2026-02-09 12:15:21,801 - INFO - university_system.modules.shared.utils.i18n - i18n initialized with language: en
2026-02-09 12:15:21,806 - INFO - university_system.modules.shared.utils.i18n - i18n initialized with language: en
2026-02-09 12:15:21,817 - INFO - university_system.modules.shared.utils.i18n - i18n initialized with language: en
2026-02-09 12:15:21,825 - INFO - university_system.modules.shared.utils.i18n - i18n initialized with language: en
2026-02-09 12:15:21,842 - INFO - university_system.modules.shared.utils.i18n - i18n initialized with language: en
2026-02-09 12:15:21,894 - INFO - university_system.modules.shared.utils.i18n - i18n initialized with language: en
2026-02-09 12:15:21,901 - INFO - university_system.modules.shared.utils.i18n - i18n initialized with language: en
2026-02-09 12:15:21,931 - INFO - university_system.modules.shared.utils.i18n - i18n initialized with language: en
2026-02-09 12:15:21,939 - INFO - university_system.modules.shared.utils.i18n - i18n initialized with language: en
2026-02-09 12:15:21,956 - INFO - university_system.modules.shared.utils.i18n - i18n initialized with language: en
2026-02-09 12:15:21,966 - INFO - university_system.modules.shared.utils.i18n - i18n initialized with language: en
2026-02-09 12:15:21,974 - INFO - university_system.modules.shared.utils.i18n - i18n initialized with language: en
2026-02-09 12:15:21,983 - INFO - university_system.modules.shared.utils.i18n - i18n initialized with language: en
2026-02-09 12:15:21,992 - INFO - university_system.modules.shared.utils.i18n - i18n initialized with language: en
2026-02-09 12:15:21,998 - INFO - university_system.modules.shared.utils.i18n - i18n initialized with language: en
2026-02-09 12:15:22,007 - INFO - university_system.modules.shared.utils.i18n - i18n initialized with language: en
2026-02-09 12:15:22,012 - INFO - university_system.modules.shared.utils.i18n - i18n initialized with language: en
2026-02-09 12:15:22,040 - INFO - university_system.modules.shared.utils.i18n - i18n initialized with language: en
2026-02-09 12:15:22,046 - INFO - university_system.modules.shared.utils.i18n - i18n initialized with language: en
2026-02-09 12:15:22,051 - INFO - university_system.modules.shared.utils.i18n - i18n initialized with language: en
2026-02-09 12:15:22,057 - INFO - university_system.modules.shared.utils.i18n - i18n initialized with language: en
2026-02-09 12:15:22,062 - INFO - university_system.modules.shared.utils.i18n - i18n initialized with language: en
2026-02-09 12:15:22,066 - INFO - university_system.modules.shared.utils.i18n - i18n initialized with language: en
2026-02-09 12:15:22,070 - INFO - university_system.modules.shared.utils.i18n - i18n initialized with language: en
2026-02-09 12:15:22,076 - INFO - university_system.modules.shared.utils.i18n - i18n initialized with language: en
2026-02-09 12:15:22,079 - INFO - university_system.modules.shared.utils.i18n - i18n initialized with language: en
2026-02-09 12:15:22,086 - INFO - university_system.modules.shared.utils.i18n - i18n initialized with language: en
2026-02-09 12:15:22,089 - INFO - university_system.modules.shared.utils.i18n - i18n initialized with language: en
2026-02-09 12:15:22,095 - INFO - university_system.modules.shared.utils.i18n - i18n initialized with language: en
2026-02-09 12:15:22,100 - INFO - university_system.modules.shared.utils.i18n - i18n initialized with language: en
2026-02-09 12:15:22,105 - INFO - university_system.modules.shared.utils.i18n - i18n initialized with language: en
2026-02-09 12:15:22,110 - INFO - university_system.modules.shared.utils.i18n - i18n initialized with language: en
2026-02-09 12:15:22,115 - INFO - university_system.modules.shared.utils.i18n - i18n initialized with language: en
2026-02-09 12:15:22,120 - INFO - university_system.modules.shared.utils.i18n - i18n initialized with language: en
2026-02-09 12:15:22,126 - INFO - university_system.modules.shared.utils.i18n - i18n initialized with language: en
2026-02-09 12:15:22,132 - INFO - university_system.modules.shared.utils.i18n - i18n initialized with language: en
2026-02-09 12:15:23,217 - INFO - university_system.modules.shared.utils.i18n - i18n initialized with language: en
2026-02-09 12:15:23,264 - INFO - university_system.modules.shared.utils.i18n - i18n initialized with language: en
2026-02-09 12:15:23,286 - INFO - university_system.infrastructure.security.flask_security_headers - Flask security headers initialized (production mode)
2026-02-09 12:15:23,296 - INFO - university_system.infrastructure.security.flask_security_headers - Flask security headers initialized (production mode)
2026-02-09 12:15:23,310 - INFO - university_system.infrastructure.security.flask_security_headers - Flask security headers initialized (production mode)
2026-02-09 12:15:23,320 - INFO - university_system.infrastructure.security.flask_security_headers - Flask security headers initialized (production mode)
2026-02-09 12:15:23,352 - INFO - university_system.infrastructure.security.flask_security_headers - Flask security headers initialized (production mode)
2026-02-09 12:15:23,365 - INFO - university_system.infrastructure.security.flask_security_headers - Flask security headers initialized (production mode)
2026-02-09 12:15:23,368 - INFO - university_system.modules.domain.finance.gui.finance.common_imports - Successfully imported collection management functions from revenue_analytics
2026-02-09 12:15:23,369 - INFO - university_system.modules.domain.finance.gui.finance.common_imports - Successfully imported scholarship and financial aid functions
2026-02-09 12:15:23,449 - INFO - university_system.infrastructure.security.flask_security_headers - Flask security headers initialized (production mode)
2026-02-09 12:15:24,887 - INFO - university_system.modules.shared.utils.i18n - i18n initialized with language: en
2026-02-09 12:15:26,167 - INFO - university_system.modules.shared.utils.i18n - i18n initialized with language: en
2026-02-09 12:15:26,501 - INFO - university_system.modules.shared.utils.i18n - i18n initialized with language: en
2026-02-09 12:15:28,129 - INFO - university_system.modules.shared.utils.i18n - i18n initialized with language: en
2026-02-09 12:15:29,127 - WARNING - ai_detector - transformers not available. Advanced AI detection will be disabled.
2026-02-09 12:15:29,128 - WARNING - ai_detector - OCR libraries not available. Image analysis will be disabled.
2026-02-09 12:15:29,130 - WARNING - ai_detector - OpenCV not available. Advanced image analysis will be disabled.
2026-02-09 12:15:29,366 - INFO - university_system.infrastructure.security.flask_security_headers - Flask security headers initialized (production mode)
2026-02-09 12:15:29,932 - INFO - university_system.modules.domain.student_affairs.services.student_support.utils.audit - Action create_kb_article completed successfully in 0.00s
2026-02-09 12:15:30,018 - INFO - university_system.modules.shared.utils.i18n - i18n initialized with language: en
2026-02-09 12:15:30,032 - INFO - university_system.modules.shared.utils.i18n - i18n initialized with language: en
2026-02-09 12:15:32,077 - WARNING - university_system.modules.domain.academics.services.plagiarism.plagiarism_main - textract not available. Only .txt files will be supported.
2026-02-09 12:15:32,086 - WARNING - university_system.modules.domain.academics.services.plagiarism.plagiarism_main - textract not available. Only .txt files will be supported.
2026-02-09 12:15:34,510 - INFO - university_system.modules.shared.utils.i18n - i18n initialized with language: en
2026-02-09 12:15:34,662 - INFO - university_system.modules.shared.utils.i18n - i18n initialized with language: en
2026-02-09 12:15:34,932 - INFO - university_system.modules.shared.utils.i18n - i18n initialized with language: en
2026-02-09 12:15:34,940 - INFO - university_system.modules.shared.utils.i18n - i18n initialized with language: en
2026-02-09 12:15:34,953 - INFO - university_system.modules.shared.utils.i18n - i18n initialized with language: en
2026-02-09 12:15:34,965 - INFO - university_system.modules.shared.utils.i18n - i18n initialized with language: en
2026-02-09 12:15:34,972 - INFO - university_system.modules.shared.utils.i18n - i18n initialized with language: en
2026-02-09 12:15:34,984 - INFO - university_system.modules.shared.utils.i18n - i18n initialized with language: en
2026-02-09 12:15:34,996 - INFO - university_system.modules.shared.utils.i18n - i18n initialized with language: en
2026-02-09 12:15:35,009 - INFO - university_system.modules.shared.utils.i18n - i18n initialized with language: en
2026-02-09 12:15:35,025 - INFO - university_system.modules.shared.utils.i18n - i18n initialized with language: en
2026-02-09 12:15:35,038 - INFO - university_system.modules.shared.utils.i18n - i18n initialized with language: en
2026-02-09 12:15:35,047 - INFO - university_system.modules.shared.utils.i18n - i18n initialized with language: en
2026-02-09 12:15:35,056 - INFO - university_system.modules.shared.utils.i18n - i18n initialized with language: en
2026-02-09 12:15:35,065 - INFO - university_system.modules.shared.utils.i18n - i18n initialized with language: en
2026-02-09 12:15:35,072 - INFO - university_system.modules.shared.utils.i18n - i18n initialized with language: en
2026-02-09 12:15:35,078 - INFO - university_system.modules.shared.utils.i18n - i18n initialized with language: en
2026-02-09 12:15:35,086 - INFO - university_system.modules.shared.utils.i18n - i18n initialized with language: en
2026-02-09 12:15:35,114 - INFO - university_system.modules.shared.utils.i18n - i18n initialized with language: en
2026-02-09 12:15:35,125 - INFO - university_system.modules.shared.utils.i18n - i18n initialized with language: en
2026-02-09 12:15:35,133 - INFO - university_system.modules.shared.utils.i18n - i18n initialized with language: en
2026-02-09 12:15:35,147 - INFO - university_system.modules.shared.utils.i18n - i18n initialized with language: en
2026-02-09 12:15:35,157 - INFO - university_system.modules.shared.utils.i18n - i18n initialized with language: en
2026-02-09 12:15:35,170 - INFO - university_system.modules.shared.utils.i18n - i18n initialized with language: en
2026-02-09 12:15:35,181 - INFO - university_system.modules.shared.utils.i18n - i18n initialized with language: en
2026-02-09 12:15:35,202 - INFO - university_system.modules.shared.utils.i18n - i18n initialized with language: en
2026-02-09 12:15:35,216 - INFO - university_system.modules.shared.utils.i18n - i18n initialized with language: en
2026-02-09 12:15:35,224 - INFO - university_system.modules.shared.utils.i18n - i18n initialized with language: en
2026-02-09 12:15:35,233 - INFO - university_system.modules.shared.utils.i18n - i18n initialized with language: en
2026-02-09 12:15:35,243 - INFO - university_system.modules.shared.utils.i18n - i18n initialized with language: en
2026-02-09 12:15:35,250 - INFO - university_system.modules.shared.utils.i18n - i18n initialized with language: en
2026-02-09 12:15:35,266 - INFO - university_system.modules.shared.utils.i18n - i18n initialized with language: en
2026-02-09 12:15:35,285 - INFO - university_system.modules.shared.utils.i18n - i18n initialized with language: en
2026-02-09 12:15:35,295 - INFO - university_system.modules.shared.utils.i18n - i18n initialized with language: en
2026-02-09 12:15:35,307 - INFO - university_system.modules.shared.utils.i18n - i18n initialized with language: en
2026-02-09 12:15:35,613 - INFO - university_system.infrastructure.security.flask_security_headers - Flask security headers initialized (production mode)
2026-02-09 12:15:35,884 - INFO - university_system.modules.shared.utils.i18n - i18n initialized with language: en
2026-02-09 12:15:35,891 - INFO - university_system.modules.shared.utils.i18n - i18n initialized with language: en
2026-02-09 12:15:35,907 - INFO - university_system.modules.shared.utils.i18n - i18n initialized with language: en
2026-02-09 12:15:35,916 - INFO - university_system.modules.shared.utils.i18n - i18n initialized with language: en
2026-02-09 12:15:35,925 - INFO - university_system.modules.shared.utils.i18n - i18n initialized with language: en
2026-02-09 12:15:35,949 - INFO - university_system.modules.shared.utils.i18n - i18n initialized with language: en
2026-02-09 12:15:35,964 - INFO - university_system.modules.shared.utils.i18n - i18n initialized with language: en
2026-02-09 12:15:35,973 - INFO - university_system.modules.shared.utils.i18n - i18n initialized with language: en
2026-02-09 12:15:35,993 - INFO - university_system.modules.shared.utils.i18n - i18n initialized with language: en
2026-02-09 12:15:36,004 - INFO - university_system.modules.shared.utils.i18n - i18n initialized with language: en
2026-02-09 12:15:36,016 - INFO - university_system.modules.shared.utils.i18n - i18n initialized with language: en
2026-02-09 12:15:36,032 - INFO - university_system.modules.shared.utils.i18n - i18n initialized with language: en
2026-02-09 12:15:36,041 - INFO - university_system.modules.shared.utils.i18n - i18n initialized with language: en
2026-02-09 12:15:36,055 - INFO - university_system.modules.shared.utils.i18n - i18n initialized with language: en
2026-02-09 12:15:36,071 - INFO - university_system.modules.shared.utils.i18n - i18n initialized with language: en
2026-02-09 12:15:36,084 - INFO - university_system.modules.shared.utils.i18n - i18n initialized with language: en
2026-02-09 12:15:36,093 - INFO - university_system.modules.shared.utils.i18n - i18n initialized with language: en
2026-02-09 12:15:36,103 - INFO - university_system.modules.shared.utils.i18n - i18n initialized with language: en
2026-02-09 12:15:36,127 - INFO - university_system.modules.shared.utils.i18n - i18n initialized with language: en
2026-02-09 12:15:36,138 - INFO - university_system.modules.shared.utils.i18n - i18n initialized with language: en
2026-02-09 12:15:36,146 - INFO - university_system.modules.shared.utils.i18n - i18n initialized with language: en
2026-02-09 12:15:38,631 - INFO - university_system.modules.shared.utils.i18n - i18n initialized with language: en
2026-02-09 12:15:38,679 - INFO - university_system.modules.shared.utils.i18n - i18n initialized with language: en
2026-02-09 12:15:38,685 - INFO - university_system.modules.shared.utils.i18n - i18n initialized with language: en
2026-02-09 12:15:38,693 - INFO - university_system.modules.shared.utils.i18n - i18n initialized with language: en
2026-02-09 12:15:38,701 - INFO - university_system.modules.shared.utils.i18n - i18n initialized with language: en
2026-02-09 12:15:38,708 - INFO - university_system.modules.shared.utils.i18n - i18n initialized with language: en
2026-02-09 12:15:38,715 - INFO - university_system.modules.shared.utils.i18n - i18n initialized with language: en
2026-02-09 12:15:38,724 - INFO - university_system.modules.shared.utils.i18n - i18n initialized with language: en
2026-02-09 12:15:38,739 - INFO - university_system.modules.shared.utils.i18n - i18n initialized with language: en
2026-02-09 12:15:38,748 - INFO - university_system.modules.shared.utils.i18n - i18n initialized with language: en
2026-02-09 12:15:38,755 - INFO - university_system.modules.shared.utils.i18n - i18n initialized with language: en
2026-02-09 12:15:38,764 - INFO - university_system.modules.shared.utils.i18n - i18n initialized with language: en
2026-02-09 12:15:38,772 - INFO - university_system.modules.shared.utils.i18n - i18n initialized with language: en
2026-02-09 12:15:38,779 - INFO - university_system.modules.shared.utils.i18n - i18n initialized with language: en
2026-02-09 12:15:38,791 - INFO - university_system.modules.shared.utils.i18n - i18n initialized with language: en
2026-02-09 12:15:38,795 - INFO - university_system.modules.shared.utils.i18n - i18n initialized with language: en
2026-02-09 12:15:52,714 - INFO - university_system.modules.shared.utils.activity_logger - admin - Logged in successfully - 2026-02-09 12:15:52
2026-02-09 12:15:52,716 - WARNING - university_system.infrastructure.security.immutable_audit_log - AUDIT_LOG_SECRET not configured. Generating random key. Set AUDIT_LOG_SECRET environment variable for production!
2026-02-09 12:15:58,105 - INFO - root - [2026-02-09 12:15:58] GUI: User admin logged in successfully
2026-02-09 12:16:03,877 - INFO - university_system.modules.shared.utils.i18n - i18n initialized with language: en
2026-02-09 12:16:41,141 - INFO - university_system.modules.shared.utils.i18n - i18n initialized with language: en
2026-02-09 12:16:41,249 - INFO - university_system.modules.services.gui.integration_marketplace_gui - Integration Marketplace database tables initialized successfully
2026-02-09 12:16:41,265 - INFO - university_system.modules.services.gui.integration_marketplace_gui - Integration Marketplace GUI: Using authenticated user admin
2026-02-09 12:16:41,432 - INFO - university_system.modules.services.gui.integration_marketplace_gui - Loaded 0 integrations from catalog
2026-02-09 12:16:41,479 - INFO - university_system.modules.services.gui.integration_marketplace_gui - Loaded 0 installed integrations
2026-02-09 12:16:41,547 - INFO - university_system.modules.services.gui.integration_marketplace_gui - Loaded 0 credentials
2026-02-09 12:16:41,603 - INFO - university_system.modules.services.gui.integration_marketplace_gui - Loaded 0 sync logs
2026-02-09 12:16:41,653 - INFO - university_system.modules.services.gui.integration_marketplace_gui - Loaded 0 data mappings
2026-02-09 12:16:41,693 - INFO - university_system.modules.services.gui.integration_marketplace_gui - Loaded 0 webhooks
2026-02-09 12:16:41,750 - INFO - university_system.modules.services.gui.integration_marketplace_gui - Loaded 0 analytics records
2026-02-09 12:16:45,203 - INFO - university_system.modules.shared.utils.activity_logger - admin - Closed Integration Marketplace - 2026-02-09 12:16:45
2026-02-09 12:16:45,217 - INFO - university_system.modules.services.gui.integration_marketplace_gui - Integration Marketplace closed
2026-02-09 12:16:49,641 - INFO - university_system.modules.shared.utils.activity_logger - admin - Accessed Admissions & Recruitment CRM - 2026-02-09 12:16:49
2026-02-09 12:18:09,678 - INFO - university_system.infrastructure.security.rate_limiter - RateLimiter initialized (in-memory): max_attempts=5, window=300s, block_duration=900s
2026-02-09 12:18:09,682 - INFO - university_system.infrastructure.security.rate_limiter - RateLimiter initialized (in-memory): max_attempts=100, window=60s, block_duration=60s
2026-02-09 12:18:09,683 - INFO - university_system.infrastructure.security.rate_limiter - RateLimiter initialized (in-memory): max_attempts=3, window=3600s, block_duration=3600s
2026-02-09 12:18:11,495 - INFO - university_system.modules.shared.utils.i18n - Loaded translations for 10 languages
2026-02-09 12:18:11,497 - INFO - university_system.modules.shared.utils.i18n - i18n initialized with language: en
2026-02-09 12:18:11,517 - WARNING - university_system.infrastructure.security.file_upload_validator - Failed to initialize virus scanner: Could not find clamd unix socket from /etc/clamav/clamd.conf or /etc/clamd.conf
2026-02-09 12:18:27,307 - INFO - university_system.infrastructure.auth.optional_dependencies - Chatbot module loaded successfully
2026-02-09 12:18:27,318 - INFO - university_system.infrastructure.auth.optional_dependencies - Voice interface module loaded successfully
2026-02-09 12:18:27,319 - INFO - university_system.infrastructure.auth.core - Chatbot module is available
2026-02-09 12:18:27,410 - INFO - university_system.infrastructure.auth.integrations.chatbot_integration - Chatbot module is available
2026-02-09 12:18:27,537 - INFO - university_system.modules.shared.utils.i18n - i18n initialized with language: en
2026-02-09 12:18:27,545 - INFO - university_system.modules.shared.utils.i18n - i18n initialized with language: en
2026-02-09 12:18:27,548 - INFO - university_system.modules.shared.utils.i18n - i18n initialized with language: en
2026-02-09 12:18:27,549 - ERROR - university_system.infrastructure.shared_context - SECURITY: Authentication system accessed before initialization! Call initialize_auth() or set_auth() before using get_auth()
2026-02-09 12:18:27,578 - INFO - university_system.modules.shared.utils.i18n - i18n initialized with language: en
2026-02-09 12:18:31,844 - INFO - university_system.modules.shared.utils.i18n - i18n initialized with language: en
2026-02-09 12:18:31,852 - INFO - university_system.modules.shared.utils.i18n - i18n initialized with language: en
2026-02-09 12:18:31,861 - INFO - university_system.modules.shared.utils.i18n - i18n initialized with language: en
2026-02-09 12:18:31,871 - INFO - university_system.modules.shared.utils.i18n - i18n initialized with language: en
2026-02-09 12:18:31,880 - INFO - university_system.modules.shared.utils.i18n - i18n initialized with language: en
2026-02-09 12:18:31,898 - INFO - university_system.modules.shared.utils.i18n - i18n initialized with language: en
2026-02-09 12:18:31,969 - INFO - university_system.modules.shared.utils.i18n - i18n initialized with language: en
2026-02-09 12:18:31,977 - INFO - university_system.modules.shared.utils.i18n - i18n initialized with language: en
2026-02-09 12:18:32,005 - INFO - university_system.modules.shared.utils.i18n - i18n initialized with language: en
2026-02-09 12:18:32,014 - INFO - university_system.modules.shared.utils.i18n - i18n initialized with language: en
2026-02-09 12:18:32,022 - INFO - university_system.modules.shared.utils.i18n - i18n initialized with language: en
2026-02-09 12:18:32,029 - INFO - university_system.modules.shared.utils.i18n - i18n initialized with language: en
2026-02-09 12:18:32,035 - INFO - university_system.modules.shared.utils.i18n - i18n initialized with language: en
2026-02-09 12:18:32,042 - INFO - university_system.modules.shared.utils.i18n - i18n initialized with language: en
2026-02-09 12:18:32,050 - INFO - university_system.modules.shared.utils.i18n - i18n initialized with language: en
2026-02-09 12:18:32,056 - INFO - university_system.modules.shared.utils.i18n - i18n initialized with language: en
2026-02-09 12:18:32,063 - INFO - university_system.modules.shared.utils.i18n - i18n initialized with language: en
2026-02-09 12:18:32,067 - INFO - university_system.modules.shared.utils.i18n - i18n initialized with language: en
2026-02-09 12:18:32,394 - WARNING - root - SECURITY WARNING: No DEFAULT_ADMIN_PASSWORD environment variable set. Using default password for development. NEVER use this in production!
2026-02-09 12:18:32,394 - WARNING - university_system.infrastructure.auth.core - Admin account using default dev password (set DEFAULT_ADMIN_PASSWORD in production)
2026-02-09 12:18:32,395 - INFO - root - Using default password for staff account (development only)
2026-02-09 12:18:32,395 - WARNING - university_system.infrastructure.auth.core - Staff account using default dev password (set DEFAULT_STAFF_PASSWORD in production)
2026-02-09 12:18:32,395 - INFO - root - Using default password for student account (development only)
2026-02-09 12:18:32,396 - WARNING - university_system.infrastructure.auth.core - Student account using default dev password (set DEFAULT_STUDENT_PASSWORD in production)
2026-02-09 12:18:32,405 - INFO - university_system.infrastructure.auth.core - UserAuth initialized successfully!
2026-02-09 12:18:32,465 - INFO - university_system.modules.shared.utils.i18n - i18n initialized with language: en
2026-02-09 12:18:32,471 - INFO - university_system.modules.shared.utils.i18n - i18n initialized with language: en
2026-02-09 12:18:32,476 - INFO - university_system.modules.shared.utils.i18n - i18n initialized with language: en
2026-02-09 12:18:32,483 - INFO - university_system.modules.shared.utils.i18n - i18n initialized with language: en
2026-02-09 12:18:32,487 - INFO - university_system.modules.shared.utils.i18n - i18n initialized with language: en
2026-02-09 12:18:32,491 - INFO - university_system.modules.shared.utils.i18n - i18n initialized with language: en
2026-02-09 12:18:32,495 - INFO - university_system.modules.shared.utils.i18n - i18n initialized with language: en
2026-02-09 12:18:32,499 - INFO - university_system.modules.shared.utils.i18n - i18n initialized with language: en
2026-02-09 12:18:32,503 - INFO - university_system.modules.shared.utils.i18n - i18n initialized with language: en
2026-02-09 12:18:32,522 - INFO - university_system.modules.shared.utils.i18n - i18n initialized with language: en
2026-02-09 12:18:32,536 - INFO - university_system.modules.shared.utils.i18n - i18n initialized with language: en
2026-02-09 12:18:32,542 - INFO - university_system.modules.shared.utils.i18n - i18n initialized with language: en
2026-02-09 12:18:32,600 - INFO - university_system.modules.shared.utils.i18n - i18n initialized with language: en
2026-02-09 12:18:32,648 - INFO - university_system.modules.shared.utils.i18n - i18n initialized with language: en
2026-02-09 12:18:32,660 - INFO - university_system.modules.shared.utils.i18n - i18n initialized with language: en
2026-02-09 12:18:32,702 - INFO - university_system.modules.shared.utils.i18n - i18n initialized with language: en
2026-02-09 12:18:32,721 - INFO - university_system.modules.shared.utils.i18n - i18n initialized with language: en
2026-02-09 12:18:32,729 - INFO - university_system.modules.shared.utils.i18n - i18n initialized with language: en
2026-02-09 12:18:32,734 - INFO - university_system.modules.shared.utils.i18n - i18n initialized with language: en
2026-02-09 12:18:33,782 - INFO - university_system.modules.shared.utils.i18n - i18n initialized with language: en
2026-02-09 12:18:33,838 - INFO - university_system.modules.shared.utils.i18n - i18n initialized with language: en
2026-02-09 12:18:33,859 - INFO - university_system.infrastructure.security.flask_security_headers - Flask security headers initialized (production mode)
2026-02-09 12:18:33,869 - INFO - university_system.infrastructure.security.flask_security_headers - Flask security headers initialized (production mode)
2026-02-09 12:18:33,884 - INFO - university_system.infrastructure.security.flask_security_headers - Flask security headers initialized (production mode)
2026-02-09 12:18:33,895 - INFO - university_system.infrastructure.security.flask_security_headers - Flask security headers initialized (production mode)
2026-02-09 12:18:33,920 - INFO - university_system.infrastructure.security.flask_security_headers - Flask security headers initialized (production mode)
2026-02-09 12:18:33,931 - INFO - university_system.infrastructure.security.flask_security_headers - Flask security headers initialized (production mode)
2026-02-09 12:18:33,933 - INFO - university_system.modules.domain.finance.gui.finance.common_imports - Successfully imported collection management functions from revenue_analytics
2026-02-09 12:18:33,933 - INFO - university_system.modules.domain.finance.gui.finance.common_imports - Successfully imported scholarship and financial aid functions
2026-02-09 12:18:34,051 - INFO - university_system.infrastructure.security.flask_security_headers - Flask security headers initialized (production mode)
2026-02-09 12:18:35,668 - INFO - university_system.modules.shared.utils.i18n - i18n initialized with language: en
2026-02-09 12:18:37,156 - INFO - university_system.modules.shared.utils.i18n - i18n initialized with language: en
2026-02-09 12:18:37,403 - INFO - university_system.modules.shared.utils.i18n - i18n initialized with language: en
2026-02-09 12:18:39,145 - INFO - university_system.modules.shared.utils.i18n - i18n initialized with language: en
2026-02-09 12:18:40,287 - WARNING - ai_detector - transformers not available. Advanced AI detection will be disabled.
2026-02-09 12:18:40,288 - WARNING - ai_detector - OCR libraries not available. Image analysis will be disabled.
2026-02-09 12:18:40,290 - WARNING - ai_detector - OpenCV not available. Advanced image analysis will be disabled.
2026-02-09 12:18:40,522 - INFO - university_system.infrastructure.security.flask_security_headers - Flask security headers initialized (production mode)
2026-02-09 12:18:41,106 - INFO - university_system.modules.domain.student_affairs.services.student_support.utils.audit - Action create_kb_article completed successfully in 0.00s
2026-02-09 12:18:41,216 - INFO - university_system.modules.shared.utils.i18n - i18n initialized with language: en
2026-02-09 12:18:41,228 - INFO - university_system.modules.shared.utils.i18n - i18n initialized with language: en
2026-02-09 12:18:43,238 - WARNING - university_system.modules.domain.academics.services.plagiarism.plagiarism_main - textract not available. Only .txt files will be supported.
2026-02-09 12:18:43,243 - WARNING - university_system.modules.domain.academics.services.plagiarism.plagiarism_main - textract not available. Only .txt files will be supported.
2026-02-09 12:18:45,903 - INFO - university_system.modules.shared.utils.i18n - i18n initialized with language: en
2026-02-09 12:18:46,093 - INFO - university_system.modules.shared.utils.i18n - i18n initialized with language: en
2026-02-09 12:18:46,326 - INFO - university_system.modules.shared.utils.i18n - i18n initialized with language: en
2026-02-09 12:18:46,333 - INFO - university_system.modules.shared.utils.i18n - i18n initialized with language: en
2026-02-09 12:18:46,340 - INFO - university_system.modules.shared.utils.i18n - i18n initialized with language: en
2026-02-09 12:18:46,353 - INFO - university_system.modules.shared.utils.i18n - i18n initialized with language: en
2026-02-09 12:18:46,360 - INFO - university_system.modules.shared.utils.i18n - i18n initialized with language: en
2026-02-09 12:18:46,369 - INFO - university_system.modules.shared.utils.i18n - i18n initialized with language: en
2026-02-09 12:18:46,378 - INFO - university_system.modules.shared.utils.i18n - i18n initialized with language: en
2026-02-09 12:18:46,383 - INFO - university_system.modules.shared.utils.i18n - i18n initialized with language: en
2026-02-09 12:18:46,388 - INFO - university_system.modules.shared.utils.i18n - i18n initialized with language: en
2026-02-09 12:18:46,395 - INFO - university_system.modules.shared.utils.i18n - i18n initialized with language: en
2026-02-09 12:18:46,404 - INFO - university_system.modules.shared.utils.i18n - i18n initialized with language: en
2026-02-09 12:18:46,411 - INFO - university_system.modules.shared.utils.i18n - i18n initialized with language: en
2026-02-09 12:18:46,416 - INFO - university_system.modules.shared.utils.i18n - i18n initialized with language: en
2026-02-09 12:18:46,421 - INFO - university_system.modules.shared.utils.i18n - i18n initialized with language: en
2026-02-09 12:18:46,427 - INFO - university_system.modules.shared.utils.i18n - i18n initialized with language: en
2026-02-09 12:18:46,431 - INFO - university_system.modules.shared.utils.i18n - i18n initialized with language: en
2026-02-09 12:18:46,454 - INFO - university_system.modules.shared.utils.i18n - i18n initialized with language: en
2026-02-09 12:18:46,462 - INFO - university_system.modules.shared.utils.i18n - i18n initialized with language: en
2026-02-09 12:18:46,471 - INFO - university_system.modules.shared.utils.i18n - i18n initialized with language: en
2026-02-09 12:18:46,481 - INFO - university_system.modules.shared.utils.i18n - i18n initialized with language: en
2026-02-09 12:18:46,489 - INFO - university_system.modules.shared.utils.i18n - i18n initialized with language: en
2026-02-09 12:18:46,498 - INFO - university_system.modules.shared.utils.i18n - i18n initialized with language: en
2026-02-09 12:18:46,506 - INFO - university_system.modules.shared.utils.i18n - i18n initialized with language: en
2026-02-09 12:18:46,520 - INFO - university_system.modules.shared.utils.i18n - i18n initialized with language: en
2026-02-09 12:18:46,528 - INFO - university_system.modules.shared.utils.i18n - i18n initialized with language: en
2026-02-09 12:18:46,535 - INFO - university_system.modules.shared.utils.i18n - i18n initialized with language: en
2026-02-09 12:18:46,542 - INFO - university_system.modules.shared.utils.i18n - i18n initialized with language: en
2026-02-09 12:18:46,550 - INFO - university_system.modules.shared.utils.i18n - i18n initialized with language: en
2026-02-09 12:18:46,556 - INFO - university_system.modules.shared.utils.i18n - i18n initialized with language: en
2026-02-09 12:18:46,564 - INFO - university_system.modules.shared.utils.i18n - i18n initialized with language: en
2026-02-09 12:18:46,577 - INFO - university_system.modules.shared.utils.i18n - i18n initialized with language: en
2026-02-09 12:18:46,585 - INFO - university_system.modules.shared.utils.i18n - i18n initialized with language: en
2026-02-09 12:18:46,597 - INFO - university_system.modules.shared.utils.i18n - i18n initialized with language: en
2026-02-09 12:18:46,847 - INFO - university_system.infrastructure.security.flask_security_headers - Flask security headers initialized (production mode)
2026-02-09 12:18:47,029 - INFO - university_system.modules.shared.utils.i18n - i18n initialized with language: en
2026-02-09 12:18:47,035 - INFO - university_system.modules.shared.utils.i18n - i18n initialized with language: en
2026-02-09 12:18:47,042 - INFO - university_system.modules.shared.utils.i18n - i18n initialized with language: en
2026-02-09 12:18:47,047 - INFO - university_system.modules.shared.utils.i18n - i18n initialized with language: en
2026-02-09 12:18:47,054 - INFO - university_system.modules.shared.utils.i18n - i18n initialized with language: en
2026-02-09 12:18:47,059 - INFO - university_system.modules.shared.utils.i18n - i18n initialized with language: en
2026-02-09 12:18:47,065 - INFO - university_system.modules.shared.utils.i18n - i18n initialized with language: en
2026-02-09 12:18:47,070 - INFO - university_system.modules.shared.utils.i18n - i18n initialized with language: en
2026-02-09 12:18:47,076 - INFO - university_system.modules.shared.utils.i18n - i18n initialized with language: en
2026-02-09 12:18:47,082 - INFO - university_system.modules.shared.utils.i18n - i18n initialized with language: en
2026-02-09 12:18:47,089 - INFO - university_system.modules.shared.utils.i18n - i18n initialized with language: en
2026-02-09 12:18:47,100 - INFO - university_system.modules.shared.utils.i18n - i18n initialized with language: en
2026-02-09 12:18:47,105 - INFO - university_system.modules.shared.utils.i18n - i18n initialized with language: en
2026-02-09 12:18:47,110 - INFO - university_system.modules.shared.utils.i18n - i18n initialized with language: en
2026-02-09 12:18:47,115 - INFO - university_system.modules.shared.utils.i18n - i18n initialized with language: en
2026-02-09 12:18:47,120 - INFO - university_system.modules.shared.utils.i18n - i18n initialized with language: en
2026-02-09 12:18:47,126 - INFO - university_system.modules.shared.utils.i18n - i18n initialized with language: en
2026-02-09 12:18:47,132 - INFO - university_system.modules.shared.utils.i18n - i18n initialized with language: en
2026-02-09 12:18:47,138 - INFO - university_system.modules.shared.utils.i18n - i18n initialized with language: en
2026-02-09 12:18:47,146 - INFO - university_system.modules.shared.utils.i18n - i18n initialized with language: en
2026-02-09 12:18:47,152 - INFO - university_system.modules.shared.utils.i18n - i18n initialized with language: en
2026-02-09 12:18:49,545 - INFO - university_system.modules.shared.utils.i18n - i18n initialized with language: en
2026-02-09 12:18:49,582 - INFO - university_system.modules.shared.utils.i18n - i18n initialized with language: en
2026-02-09 12:18:49,588 - INFO - university_system.modules.shared.utils.i18n - i18n initialized with language: en
2026-02-09 12:18:49,596 - INFO - university_system.modules.shared.utils.i18n - i18n initialized with language: en
2026-02-09 12:18:49,604 - INFO - university_system.modules.shared.utils.i18n - i18n initialized with language: en
2026-02-09 12:18:49,611 - INFO - university_system.modules.shared.utils.i18n - i18n initialized with language: en
2026-02-09 12:18:49,616 - INFO - university_system.modules.shared.utils.i18n - i18n initialized with language: en
2026-02-09 12:18:49,624 - INFO - university_system.modules.shared.utils.i18n - i18n initialized with language: en
2026-02-09 12:18:49,635 - INFO - university_system.modules.shared.utils.i18n - i18n initialized with language: en
2026-02-09 12:18:49,641 - INFO - university_system.modules.shared.utils.i18n - i18n initialized with language: en
2026-02-09 12:18:49,647 - INFO - university_system.modules.shared.utils.i18n - i18n initialized with language: en
2026-02-09 12:18:49,655 - INFO - university_system.modules.shared.utils.i18n - i18n initialized with language: en
2026-02-09 12:18:49,663 - INFO - university_system.modules.shared.utils.i18n - i18n initialized with language: en
2026-02-09 12:18:49,669 - INFO - university_system.modules.shared.utils.i18n - i18n initialized with language: en
2026-02-09 12:18:49,679 - INFO - university_system.modules.shared.utils.i18n - i18n initialized with language: en
2026-02-09 12:18:49,682 - INFO - university_system.modules.shared.utils.i18n - i18n initialized with language: en
2026-02-09 12:42:31,015 - INFO - __main__ - Ensuring directory structure
2026-02-09 12:42:31,023 - INFO - __main__ - Initializing i18n system
2026-02-09 12:42:31,026 - INFO - university_system.modules.shared.utils.i18n - i18n initialized with language: en
2026-02-09 12:42:31,027 - INFO - __main__ - Initializing auth system
2026-02-09 12:42:31,391 - WARNING - root - SECURITY WARNING: No DEFAULT_ADMIN_PASSWORD environment variable set. Using default password for development. NEVER use this in production!
2026-02-09 12:42:31,392 - WARNING - university_system.infrastructure.auth.core - Admin account using default dev password (set DEFAULT_ADMIN_PASSWORD in production)
2026-02-09 12:42:31,392 - INFO - root - Using default password for staff account (development only)
2026-02-09 12:42:31,393 - WARNING - university_system.infrastructure.auth.core - Staff account using default dev password (set DEFAULT_STAFF_PASSWORD in production)
2026-02-09 12:42:31,393 - INFO - root - Using default password for student account (development only)
2026-02-09 12:42:31,394 - WARNING - university_system.infrastructure.auth.core - Student account using default dev password (set DEFAULT_STUDENT_PASSWORD in production)
2026-02-09 12:42:31,440 - INFO - university_system.infrastructure.auth.core - UserAuth initialized successfully!
2026-02-09 12:42:31,448 - INFO - university_system.infrastructure.shared_context - Authentication instance set successfully
2026-02-09 12:42:31,449 - INFO - __main__ - Auth system initialized successfully
2026-02-09 12:42:31,449 - INFO - __main__ - Initializing database
2026-02-09 12:42:31,526 - INFO - root - Database already initialized with 974 tables
2026-02-09 12:42:31,531 - INFO - __main__ - Starting Graphical User Interface
2026-02-09 12:42:31,532 - INFO - __main__ - Showing language selector
2026-02-09 12:42:31,532 - INFO - university_system.modules.shared.utils.i18n - i18n initialized with language: en
2026-02-09 12:42:33,589 - INFO - university_system.modules.shared.utils.i18n - Language set to: en
2026-02-09 12:42:33,593 - INFO - university_system.modules.shared.utils.i18n - Saved language preference: en
2026-02-09 12:42:33,608 - INFO - __main__ - Language selected: en
2026-02-09 12:42:33,610 - INFO - university_system.modules.shared.utils.i18n - i18n initialized with language: en
2026-02-09 12:42:33,896 - INFO - university_system.modules.shared.utils.i18n - i18n initialized with language: en
2026-02-09 12:42:33,906 - INFO - university_system.modules.shared.utils.i18n - i18n initialized with language: en
2026-02-09 12:42:33,911 - INFO - university_system.modules.shared.utils.i18n - i18n initialized with language: en
2026-02-09 12:42:33,950 - INFO - university_system.modules.shared.utils.i18n - i18n initialized with language: en
2026-02-09 12:42:38,377 - INFO - university_system.modules.shared.utils.i18n - i18n initialized with language: en
2026-02-09 12:42:38,389 - INFO - university_system.modules.shared.utils.i18n - i18n initialized with language: en
2026-02-09 12:42:38,403 - INFO - university_system.modules.shared.utils.i18n - i18n initialized with language: en
2026-02-09 12:42:38,420 - INFO - university_system.modules.shared.utils.i18n - i18n initialized with language: en
2026-02-09 12:42:38,430 - INFO - university_system.modules.shared.utils.i18n - i18n initialized with language: en
2026-02-09 12:42:38,460 - INFO - university_system.modules.shared.utils.i18n - i18n initialized with language: en
2026-02-09 12:42:38,538 - INFO - university_system.modules.shared.utils.i18n - i18n initialized with language: en
2026-02-09 12:42:38,545 - INFO - university_system.modules.shared.utils.i18n - i18n initialized with language: en
2026-02-09 12:42:38,579 - INFO - university_system.modules.shared.utils.i18n - i18n initialized with language: en
2026-02-09 12:42:38,590 - INFO - university_system.modules.shared.utils.i18n - i18n initialized with language: en
2026-02-09 12:42:38,600 - INFO - university_system.modules.shared.utils.i18n - i18n initialized with language: en
2026-02-09 12:42:38,613 - INFO - university_system.modules.shared.utils.i18n - i18n initialized with language: en
2026-02-09 12:42:38,621 - INFO - university_system.modules.shared.utils.i18n - i18n initialized with language: en
2026-02-09 12:42:38,635 - INFO - university_system.modules.shared.utils.i18n - i18n initialized with language: en
2026-02-09 12:42:38,646 - INFO - university_system.modules.shared.utils.i18n - i18n initialized with language: en
2026-02-09 12:42:38,657 - INFO - university_system.modules.shared.utils.i18n - i18n initialized with language: en
2026-02-09 12:42:38,669 - INFO - university_system.modules.shared.utils.i18n - i18n initialized with language: en
2026-02-09 12:42:38,676 - INFO - university_system.modules.shared.utils.i18n - i18n initialized with language: en
2026-02-09 12:42:38,709 - INFO - university_system.modules.shared.utils.i18n - i18n initialized with language: en
2026-02-09 12:42:38,715 - INFO - university_system.modules.shared.utils.i18n - i18n initialized with language: en
2026-02-09 12:42:38,722 - INFO - university_system.modules.shared.utils.i18n - i18n initialized with language: en
2026-02-09 12:42:38,730 - INFO - university_system.modules.shared.utils.i18n - i18n initialized with language: en
2026-02-09 12:42:38,736 - INFO - university_system.modules.shared.utils.i18n - i18n initialized with language: en
2026-02-09 12:42:38,742 - INFO - university_system.modules.shared.utils.i18n - i18n initialized with language: en
2026-02-09 12:42:38,747 - INFO - university_system.modules.shared.utils.i18n - i18n initialized with language: en
2026-02-09 12:42:38,754 - INFO - university_system.modules.shared.utils.i18n - i18n initialized with language: en
2026-02-09 12:42:38,759 - INFO - university_system.modules.shared.utils.i18n - i18n initialized with language: en
2026-02-09 12:42:38,765 - INFO - university_system.modules.shared.utils.i18n - i18n initialized with language: en
2026-02-09 12:42:38,771 - INFO - university_system.modules.shared.utils.i18n - i18n initialized with language: en
2026-02-09 12:42:38,776 - INFO - university_system.modules.shared.utils.i18n - i18n initialized with language: en
2026-02-09 12:42:38,782 - INFO - university_system.modules.shared.utils.i18n - i18n initialized with language: en
2026-02-09 12:42:38,790 - INFO - university_system.modules.shared.utils.i18n - i18n initialized with language: en
2026-02-09 12:42:38,796 - INFO - university_system.modules.shared.utils.i18n - i18n initialized with language: en
2026-02-09 12:42:38,800 - INFO - university_system.modules.shared.utils.i18n - i18n initialized with language: en
2026-02-09 12:42:38,808 - INFO - university_system.modules.shared.utils.i18n - i18n initialized with language: en
2026-02-09 12:42:38,815 - INFO - university_system.modules.shared.utils.i18n - i18n initialized with language: en
2026-02-09 12:42:38,823 - INFO - university_system.modules.shared.utils.i18n - i18n initialized with language: en
2026-02-09 12:42:39,852 - INFO - university_system.modules.shared.utils.i18n - i18n initialized with language: en
2026-02-09 12:42:39,910 - INFO - university_system.modules.shared.utils.i18n - i18n initialized with language: en
2026-02-09 12:42:39,939 - INFO - university_system.infrastructure.security.flask_security_headers - Flask security headers initialized (production mode)
2026-02-09 12:42:39,951 - INFO - university_system.infrastructure.security.flask_security_headers - Flask security headers initialized (production mode)
2026-02-09 12:42:39,968 - INFO - university_system.infrastructure.security.flask_security_headers - Flask security headers initialized (production mode)
2026-02-09 12:42:39,979 - INFO - university_system.infrastructure.security.flask_security_headers - Flask security headers initialized (production mode)
2026-02-09 12:42:39,998 - INFO - university_system.infrastructure.security.flask_security_headers - Flask security headers initialized (production mode)
2026-02-09 12:42:40,011 - INFO - university_system.infrastructure.security.flask_security_headers - Flask security headers initialized (production mode)
2026-02-09 12:42:40,012 - INFO - university_system.modules.domain.finance.gui.finance.common_imports - Successfully imported collection management functions from revenue_analytics
2026-02-09 12:42:40,013 - INFO - university_system.modules.domain.finance.gui.finance.common_imports - Successfully imported scholarship and financial aid functions
2026-02-09 12:42:40,114 - INFO - university_system.infrastructure.security.flask_security_headers - Flask security headers initialized (production mode)
2026-02-09 12:42:41,657 - INFO - university_system.modules.shared.utils.i18n - i18n initialized with language: en
2026-02-09 12:42:42,974 - INFO - university_system.modules.shared.utils.i18n - i18n initialized with language: en
2026-02-09 12:42:43,219 - INFO - university_system.modules.shared.utils.i18n - i18n initialized with language: en
2026-02-09 12:42:45,523 - INFO - university_system.modules.shared.utils.i18n - i18n initialized with language: en
2026-02-09 12:42:46,711 - WARNING - ai_detector - transformers not available. Advanced AI detection will be disabled.
2026-02-09 12:42:46,713 - WARNING - ai_detector - OCR libraries not available. Image analysis will be disabled.
2026-02-09 12:42:46,714 - WARNING - ai_detector - OpenCV not available. Advanced image analysis will be disabled.
2026-02-09 12:42:46,987 - INFO - university_system.infrastructure.security.flask_security_headers - Flask security headers initialized (production mode)
2026-02-09 12:42:47,869 - INFO - university_system.modules.domain.student_affairs.services.student_support.utils.audit - Action create_kb_article completed successfully in 0.00s
2026-02-09 12:42:47,981 - INFO - university_system.modules.shared.utils.i18n - i18n initialized with language: en
2026-02-09 12:42:48,002 - INFO - university_system.modules.shared.utils.i18n - i18n initialized with language: en
2026-02-09 12:42:49,960 - WARNING - university_system.modules.domain.academics.services.plagiarism.plagiarism_main - textract not available. Only .txt files will be supported.
2026-02-09 12:42:49,964 - WARNING - university_system.modules.domain.academics.services.plagiarism.plagiarism_main - textract not available. Only .txt files will be supported.
2026-02-09 12:42:52,204 - INFO - university_system.modules.shared.utils.i18n - i18n initialized with language: en
2026-02-09 12:42:52,386 - INFO - university_system.modules.shared.utils.i18n - i18n initialized with language: en
2026-02-09 12:42:52,656 - INFO - university_system.modules.shared.utils.i18n - i18n initialized with language: en
2026-02-09 12:42:52,663 - INFO - university_system.modules.shared.utils.i18n - i18n initialized with language: en
2026-02-09 12:42:52,673 - INFO - university_system.modules.shared.utils.i18n - i18n initialized with language: en
2026-02-09 12:42:52,682 - INFO - university_system.modules.shared.utils.i18n - i18n initialized with language: en
2026-02-09 12:42:52,691 - INFO - university_system.modules.shared.utils.i18n - i18n initialized with language: en
2026-02-09 12:42:52,699 - INFO - university_system.modules.shared.utils.i18n - i18n initialized with language: en
2026-02-09 12:42:52,710 - INFO - university_system.modules.shared.utils.i18n - i18n initialized with language: en
2026-02-09 12:42:52,716 - INFO - university_system.modules.shared.utils.i18n - i18n initialized with language: en
2026-02-09 12:42:52,723 - INFO - university_system.modules.shared.utils.i18n - i18n initialized with language: en
2026-02-09 12:42:52,731 - INFO - university_system.modules.shared.utils.i18n - i18n initialized with language: en
2026-02-09 12:42:52,739 - INFO - university_system.modules.shared.utils.i18n - i18n initialized with language: en
2026-02-09 12:42:52,746 - INFO - university_system.modules.shared.utils.i18n - i18n initialized with language: en
2026-02-09 12:42:52,753 - INFO - university_system.modules.shared.utils.i18n - i18n initialized with language: en
2026-02-09 12:42:52,762 - INFO - university_system.modules.shared.utils.i18n - i18n initialized with language: en
2026-02-09 12:42:52,771 - INFO - university_system.modules.shared.utils.i18n - i18n initialized with language: en
2026-02-09 12:42:52,777 - INFO - university_system.modules.shared.utils.i18n - i18n initialized with language: en
2026-02-09 12:42:52,796 - INFO - university_system.modules.shared.utils.i18n - i18n initialized with language: en
2026-02-09 12:42:52,806 - INFO - university_system.modules.shared.utils.i18n - i18n initialized with language: en
2026-02-09 12:42:52,812 - INFO - university_system.modules.shared.utils.i18n - i18n initialized with language: en
2026-02-09 12:42:52,823 - INFO - university_system.modules.shared.utils.i18n - i18n initialized with language: en
2026-02-09 12:42:52,831 - INFO - university_system.modules.shared.utils.i18n - i18n initialized with language: en
2026-02-09 12:42:52,843 - INFO - university_system.modules.shared.utils.i18n - i18n initialized with language: en
2026-02-09 12:42:52,850 - INFO - university_system.modules.shared.utils.i18n - i18n initialized with language: en
2026-02-09 12:42:52,865 - INFO - university_system.modules.shared.utils.i18n - i18n initialized with language: en
2026-02-09 12:42:52,876 - INFO - university_system.modules.shared.utils.i18n - i18n initialized with language: en
2026-02-09 12:42:52,883 - INFO - university_system.modules.shared.utils.i18n - i18n initialized with language: en
2026-02-09 12:42:52,893 - INFO - university_system.modules.shared.utils.i18n - i18n initialized with language: en
2026-02-09 12:42:52,900 - INFO - university_system.modules.shared.utils.i18n - i18n initialized with language: en
2026-02-09 12:42:52,908 - INFO - university_system.modules.shared.utils.i18n - i18n initialized with language: en
2026-02-09 12:42:52,915 - INFO - university_system.modules.shared.utils.i18n - i18n initialized with language: en
2026-02-09 12:42:52,926 - INFO - university_system.modules.shared.utils.i18n - i18n initialized with language: en
2026-02-09 12:42:52,933 - INFO - university_system.modules.shared.utils.i18n - i18n initialized with language: en
2026-02-09 12:42:52,945 - INFO - university_system.modules.shared.utils.i18n - i18n initialized with language: en
2026-02-09 12:42:53,421 - INFO - university_system.infrastructure.security.flask_security_headers - Flask security headers initialized (production mode)
2026-02-09 12:42:53,808 - INFO - university_system.modules.shared.utils.i18n - i18n initialized with language: en
2026-02-09 12:42:53,817 - INFO - university_system.modules.shared.utils.i18n - i18n initialized with language: en
2026-02-09 12:42:53,831 - INFO - university_system.modules.shared.utils.i18n - i18n initialized with language: en
2026-02-09 12:42:53,841 - INFO - university_system.modules.shared.utils.i18n - i18n initialized with language: en
2026-02-09 12:42:53,853 - INFO - university_system.modules.shared.utils.i18n - i18n initialized with language: en
2026-02-09 12:42:53,861 - INFO - university_system.modules.shared.utils.i18n - i18n initialized with language: en
2026-02-09 12:42:53,878 - INFO - university_system.modules.shared.utils.i18n - i18n initialized with language: en
2026-02-09 12:42:53,888 - INFO - university_system.modules.shared.utils.i18n - i18n initialized with language: en
2026-02-09 12:42:53,896 - INFO - university_system.modules.shared.utils.i18n - i18n initialized with language: en
2026-02-09 12:42:53,905 - INFO - university_system.modules.shared.utils.i18n - i18n initialized with language: en
2026-02-09 12:42:53,913 - INFO - university_system.modules.shared.utils.i18n - i18n initialized with language: en
2026-02-09 12:42:53,927 - INFO - university_system.modules.shared.utils.i18n - i18n initialized with language: en
2026-02-09 12:42:53,939 - INFO - university_system.modules.shared.utils.i18n - i18n initialized with language: en
2026-02-09 12:42:53,947 - INFO - university_system.modules.shared.utils.i18n - i18n initialized with language: en
2026-02-09 12:42:53,958 - INFO - university_system.modules.shared.utils.i18n - i18n initialized with language: en
2026-02-09 12:42:53,964 - INFO - university_system.modules.shared.utils.i18n - i18n initialized with language: en
2026-02-09 12:42:53,972 - INFO - university_system.modules.shared.utils.i18n - i18n initialized with language: en
2026-02-09 12:42:53,979 - INFO - university_system.modules.shared.utils.i18n - i18n initialized with language: en
2026-02-09 12:42:53,987 - INFO - university_system.modules.shared.utils.i18n - i18n initialized with language: en
2026-02-09 12:42:53,996 - INFO - university_system.modules.shared.utils.i18n - i18n initialized with language: en
2026-02-09 12:42:54,003 - INFO - university_system.modules.shared.utils.i18n - i18n initialized with language: en
2026-02-09 12:42:56,098 - INFO - university_system.modules.shared.utils.i18n - i18n initialized with language: en
2026-02-09 12:42:56,130 - INFO - university_system.modules.shared.utils.i18n - i18n initialized with language: en
2026-02-09 12:42:56,136 - INFO - university_system.modules.shared.utils.i18n - i18n initialized with language: en
2026-02-09 12:42:56,142 - INFO - university_system.modules.shared.utils.i18n - i18n initialized with language: en
2026-02-09 12:42:56,148 - INFO - university_system.modules.shared.utils.i18n - i18n initialized with language: en
2026-02-09 12:42:56,156 - INFO - university_system.modules.shared.utils.i18n - i18n initialized with language: en
2026-02-09 12:42:56,161 - INFO - university_system.modules.shared.utils.i18n - i18n initialized with language: en
2026-02-09 12:42:56,167 - INFO - university_system.modules.shared.utils.i18n - i18n initialized with language: en
2026-02-09 12:42:56,177 - INFO - university_system.modules.shared.utils.i18n - i18n initialized with language: en
2026-02-09 12:42:56,183 - INFO - university_system.modules.shared.utils.i18n - i18n initialized with language: en
2026-02-09 12:42:56,189 - INFO - university_system.modules.shared.utils.i18n - i18n initialized with language: en
2026-02-09 12:42:56,197 - INFO - university_system.modules.shared.utils.i18n - i18n initialized with language: en
2026-02-09 12:42:56,205 - INFO - university_system.modules.shared.utils.i18n - i18n initialized with language: en
2026-02-09 12:42:56,211 - INFO - university_system.modules.shared.utils.i18n - i18n initialized with language: en
2026-02-09 12:42:56,220 - INFO - university_system.modules.shared.utils.i18n - i18n initialized with language: en
2026-02-09 12:42:56,224 - INFO - university_system.modules.shared.utils.i18n - i18n initialized with language: en
2026-02-09 12:43:09,991 - INFO - university_system.modules.shared.utils.activity_logger - admin - Logged in successfully - 2026-02-09 12:43:09
2026-02-09 12:43:09,992 - WARNING - university_system.infrastructure.security.immutable_audit_log - AUDIT_LOG_SECRET not configured. Generating random key. Set AUDIT_LOG_SECRET environment variable for production!
2026-02-09 12:43:14,810 - INFO - root - [2026-02-09 12:43:14] GUI: User admin logged in successfully
2026-02-09 12:48:01,525 - INFO - root - [2026-02-09 12:48:01] GUI: database_admin_gui.activity.integrity_check
2026-02-09 12:48:07,798 - INFO - root - [2026-02-09 12:48:07] GUI: database_admin_gui.activity.duplicate_fix
2026-02-09 12:48:10,489 - INFO - root - [2026-02-09 12:48:10] GUI: database_admin_gui.activity.optimization
2026-02-09 12:49:18,034 - INFO - university_system.modules.shared.utils.activity_logger - admin - View staff_hr_gui - 2026-02-09 12:49:18
2026-02-09 12:49:31,329 - INFO - university_system.modules.shared.utils.activity_logger - admin - Opened AI Features GUI - 2026-02-09 12:49:31
2026-02-09 12:49:36,151 - INFO - university_system.infrastructure.security.flask_security_headers - Flask security headers initialized (production mode)
2026-02-09 12:49:36,221 - INFO - university_system.modules.shared.utils.activity_logger - admin - Open chatbot_gui - 2026-02-09 12:49:36
2026-02-09 12:49:36,226 - INFO - university_system.modules.shared.utils.activity_logger - admin - Launched University Chatbot GUI - 2026-02-09 12:49:36
2026-02-09 12:49:47,641 - INFO - university_system.modules.shared.utils.i18n - i18n initialized with language: en
2026-02-09 12:49:47,743 - INFO - university_system.modules.shared.utils.activity_logger - admin - Launched Plagiarism Detection GUI - 2026-02-09 12:49:47
2026-02-09 12:49:48,134 - INFO - university_system.modules.domain.academics.services.plagiarism.plagiarism_main - Plagiarism checker database initialized successfully!
2026-02-09 12:49:53,169 - INFO - university_system.modules.shared.utils.activity_logger - admin - Launched AI Content Detector GUI - 2026-02-09 12:49:53
2026-02-09 12:50:11,093 - INFO - university_system.modules.shared.utils.activity_logger - admin - Chat chatbot_message - 2026-02-09 12:50:11
2026-02-09 13:00:04,894 - INFO - university_system.infrastructure.security.rate_limiter - RateLimiter initialized (in-memory): max_attempts=5, window=300s, block_duration=900s
2026-02-09 13:00:04,899 - INFO - university_system.infrastructure.security.rate_limiter - RateLimiter initialized (in-memory): max_attempts=100, window=60s, block_duration=60s
2026-02-09 13:00:04,900 - INFO - university_system.infrastructure.security.rate_limiter - RateLimiter initialized (in-memory): max_attempts=3, window=3600s, block_duration=3600s
2026-02-09 13:00:07,518 - INFO - university_system.modules.shared.utils.i18n - Loaded translations for 10 languages
2026-02-09 13:00:07,520 - INFO - university_system.modules.shared.utils.i18n - i18n initialized with language: en
2026-02-09 13:00:07,543 - WARNING - university_system.infrastructure.security.file_upload_validator - Failed to initialize virus scanner: Could not find clamd unix socket from /etc/clamav/clamd.conf or /etc/clamd.conf
2026-02-09 13:00:07,588 - INFO - university_system.infrastructure.auth.optional_dependencies - Chatbot module loaded successfully
2026-02-09 13:00:07,592 - INFO - university_system.infrastructure.auth.optional_dependencies - Voice interface module loaded successfully
2026-02-09 13:00:07,592 - INFO - university_system.infrastructure.auth.core - Chatbot module is available
2026-02-09 13:00:07,659 - INFO - university_system.infrastructure.auth.integrations.chatbot_integration - Chatbot module is available
2026-02-09 13:00:56,402 - INFO - university_system.infrastructure.security.rate_limiter - RateLimiter initialized (in-memory): max_attempts=5, window=300s, block_duration=900s
2026-02-09 13:00:56,403 - INFO - university_system.infrastructure.security.rate_limiter - RateLimiter initialized (in-memory): max_attempts=100, window=60s, block_duration=60s
2026-02-09 13:00:56,403 - INFO - university_system.infrastructure.security.rate_limiter - RateLimiter initialized (in-memory): max_attempts=3, window=3600s, block_duration=3600s
2026-02-09 13:00:58,951 - INFO - university_system.modules.shared.utils.i18n - Loaded translations for 10 languages
2026-02-09 13:00:58,953 - INFO - university_system.modules.shared.utils.i18n - i18n initialized with language: en
2026-02-09 13:00:58,976 - WARNING - university_system.infrastructure.security.file_upload_validator - Failed to initialize virus scanner: Could not find clamd unix socket from /etc/clamav/clamd.conf or /etc/clamd.conf
2026-02-09 13:01:13,271 - INFO - university_system.infrastructure.auth.optional_dependencies - Chatbot module loaded successfully
2026-02-09 13:01:13,277 - INFO - university_system.infrastructure.auth.optional_dependencies - Voice interface module loaded successfully
2026-02-09 13:01:13,278 - INFO - university_system.infrastructure.auth.core - Chatbot module is available
2026-02-09 13:01:13,345 - INFO - university_system.infrastructure.auth.integrations.chatbot_integration - Chatbot module is available
2026-02-09 13:01:13,437 - CRITICAL - university_system.infrastructure.auth.core - Database error in UserAuth initialization: table permissions has no column named permission_name
2026-02-09 13:01:13,445 - ERROR - university_system.infrastructure.auth.core - Database initialization also failed: table permissions has no column named permission_name
2026-02-09 13:01:13,446 - INFO - university_system.infrastructure.shared_context - Authentication system initialized successfully
2026-02-09 13:01:13,795 - INFO - university_system.modules.shared.utils.i18n - i18n initialized with language: en
2026-02-09 13:01:13,844 - INFO - university_system.modules.shared.utils.i18n - i18n initialized with language: en
2026-02-09 13:01:13,849 - INFO - university_system.modules.shared.utils.i18n - i18n initialized with language: en
2026-02-09 13:01:15,162 - INFO - university_system.modules.shared.utils.i18n - i18n initialized with language: en
2026-02-09 13:01:19,401 - WARNING - university_system.modules.domain.academics.services.plagiarism.plagiarism_main - textract not available. Only .txt files will be supported.
2026-02-09 13:01:24,687 - INFO - university_system.modules.shared.utils.i18n - i18n initialized with language: en
2026-02-09 13:01:25,111 - INFO - university_system.modules.shared.utils.i18n - i18n initialized with language: en
2026-02-09 13:01:25,219 - INFO - university_system.modules.shared.utils.i18n - i18n initialized with language: en
2026-02-09 13:01:25,596 - INFO - university_system.modules.shared.utils.i18n - i18n initialized with language: en
2026-02-09 13:01:26,023 - INFO - university_system.modules.shared.utils.i18n - i18n initialized with language: en
2026-02-09 13:01:26,030 - INFO - university_system.modules.shared.utils.i18n - i18n initialized with language: en
2026-02-09 13:01:26,036 - INFO - university_system.modules.shared.utils.i18n - i18n initialized with language: en
2026-02-09 13:01:26,042 - INFO - university_system.modules.shared.utils.i18n - i18n initialized with language: en
2026-02-09 13:01:26,046 - INFO - university_system.modules.shared.utils.i18n - i18n initialized with language: en
2026-02-09 13:01:26,050 - INFO - university_system.modules.shared.utils.i18n - i18n initialized with language: en
2026-02-09 13:01:26,054 - INFO - university_system.modules.shared.utils.i18n - i18n initialized with language: en
2026-02-09 13:01:26,058 - INFO - university_system.modules.shared.utils.i18n - i18n initialized with language: en
2026-02-09 13:01:26,062 - INFO - university_system.modules.shared.utils.i18n - i18n initialized with language: en
2026-02-09 13:01:26,068 - INFO - university_system.modules.shared.utils.i18n - i18n initialized with language: en
2026-02-09 13:01:26,072 - INFO - university_system.modules.shared.utils.i18n - i18n initialized with language: en
2026-02-09 13:01:26,076 - INFO - university_system.modules.shared.utils.i18n - i18n initialized with language: en
2026-02-09 13:01:26,080 - INFO - university_system.modules.shared.utils.i18n - i18n initialized with language: en
2026-02-09 13:01:26,085 - INFO - university_system.modules.shared.utils.i18n - i18n initialized with language: en
2026-02-09 13:01:26,089 - INFO - university_system.modules.shared.utils.i18n - i18n initialized with language: en
2026-02-09 13:01:26,093 - INFO - university_system.modules.shared.utils.i18n - i18n initialized with language: en
2026-02-09 13:01:26,098 - INFO - university_system.modules.shared.utils.i18n - i18n initialized with language: en
2026-02-09 13:01:26,104 - INFO - university_system.modules.shared.utils.i18n - i18n initialized with language: en
2026-02-09 13:01:26,110 - INFO - university_system.modules.shared.utils.i18n - i18n initialized with language: en
2026-02-09 13:01:29,964 - INFO - university_system.modules.shared.utils.i18n - i18n initialized with language: en
2026-02-09 13:01:39,655 - INFO - university_system.modules.shared.utils.i18n - i18n initialized with language: en
2026-02-09 13:01:39,681 - INFO - university_system.modules.shared.utils.i18n - i18n initialized with language: en
2026-02-09 13:01:39,688 - INFO - university_system.modules.shared.utils.i18n - i18n initialized with language: en
2026-02-09 13:01:39,696 - INFO - university_system.modules.shared.utils.i18n - i18n initialized with language: en
2026-02-09 13:01:39,705 - INFO - university_system.modules.shared.utils.i18n - i18n initialized with language: en
2026-02-09 13:01:39,711 - INFO - university_system.modules.shared.utils.i18n - i18n initialized with language: en
2026-02-09 13:01:39,720 - INFO - university_system.modules.shared.utils.i18n - i18n initialized with language: en
2026-02-09 13:01:39,726 - INFO - university_system.modules.shared.utils.i18n - i18n initialized with language: en
2026-02-09 13:01:39,733 - INFO - university_system.modules.shared.utils.i18n - i18n initialized with language: en
2026-02-09 13:01:39,740 - INFO - university_system.modules.shared.utils.i18n - i18n initialized with language: en
2026-02-09 13:01:39,747 - INFO - university_system.modules.shared.utils.i18n - i18n initialized with language: en
2026-02-09 13:01:39,755 - INFO - university_system.modules.shared.utils.i18n - i18n initialized with language: en
2026-02-09 13:01:39,762 - INFO - university_system.modules.shared.utils.i18n - i18n initialized with language: en
2026-02-09 13:01:39,770 - INFO - university_system.modules.shared.utils.i18n - i18n initialized with language: en
2026-02-09 13:01:39,779 - INFO - university_system.modules.shared.utils.i18n - i18n initialized with language: en
2026-02-09 13:01:39,785 - INFO - university_system.modules.shared.utils.i18n - i18n initialized with language: en
2026-02-09 13:01:39,879 - WARNING - root - SECURITY WARNING: No DEFAULT_ADMIN_PASSWORD environment variable set. Using default password for development. NEVER use this in production!
2026-02-09 13:01:39,880 - WARNING - university_system.infrastructure.auth.core - Admin account using default dev password (set DEFAULT_ADMIN_PASSWORD in production)
2026-02-09 13:01:39,880 - INFO - root - Using default password for staff account (development only)
2026-02-09 13:01:39,881 - WARNING - university_system.infrastructure.auth.core - Staff account using default dev password (set DEFAULT_STAFF_PASSWORD in production)
2026-02-09 13:01:39,882 - INFO - root - Using default password for student account (development only)
2026-02-09 13:01:39,882 - WARNING - university_system.infrastructure.auth.core - Student account using default dev password (set DEFAULT_STUDENT_PASSWORD in production)
2026-02-09 13:01:39,904 - INFO - university_system.infrastructure.auth.core - UserAuth initialized successfully!
2026-02-09 13:01:39,950 - INFO - university_system.modules.shared.utils.i18n - i18n initialized with language: en
2026-02-09 13:01:40,046 - INFO - university_system.modules.shared.utils.i18n - i18n initialized with language: en
2026-02-09 13:01:40,078 - INFO - university_system.infrastructure.security.flask_security_headers - Flask security headers initialized (production mode)
2026-02-09 13:01:40,090 - INFO - university_system.infrastructure.security.flask_security_headers - Flask security headers initialized (production mode)
2026-02-09 13:01:40,105 - INFO - university_system.infrastructure.security.flask_security_headers - Flask security headers initialized (production mode)
2026-02-09 13:01:40,117 - INFO - university_system.infrastructure.security.flask_security_headers - Flask security headers initialized (production mode)
2026-02-09 13:01:40,136 - INFO - university_system.infrastructure.security.flask_security_headers - Flask security headers initialized (production mode)
2026-02-09 13:01:40,154 - INFO - university_system.infrastructure.security.flask_security_headers - Flask security headers initialized (production mode)
2026-02-09 13:01:40,156 - INFO - university_system.modules.domain.finance.gui.finance.common_imports - Successfully imported collection management functions from revenue_analytics
2026-02-09 13:01:40,157 - INFO - university_system.modules.domain.finance.gui.finance.common_imports - Successfully imported scholarship and financial aid functions
2026-02-09 13:01:40,236 - INFO - university_system.infrastructure.security.flask_security_headers - Flask security headers initialized (production mode)
2026-02-09 13:01:41,996 - WARNING - ai_detector - transformers not available. Advanced AI detection will be disabled.
2026-02-09 13:01:41,999 - WARNING - ai_detector - OCR libraries not available. Image analysis will be disabled.
2026-02-09 13:01:42,002 - WARNING - ai_detector - OpenCV not available. Advanced image analysis will be disabled.
2026-02-09 13:01:42,240 - INFO - university_system.infrastructure.security.flask_security_headers - Flask security headers initialized (production mode)
2026-02-09 13:01:42,721 - INFO - university_system.modules.domain.student_affairs.services.student_support.utils.audit - Action create_kb_article completed successfully in 0.00s
2026-02-09 13:01:43,228 - WARNING - university_system.modules.domain.academics.services.plagiarism.plagiarism_main - textract not available. Only .txt files will be supported.
2026-02-09 13:01:43,981 - INFO - university_system.infrastructure.security.flask_security_headers - Flask security headers initialized (production mode)
2026-02-09 13:02:09,280 - INFO - university_system.infrastructure.security.flask_security_headers - Flask security headers initialized (production mode)
2026-02-09 13:02:25,470 - INFO - university_system.modules.shared.utils.i18n - i18n initialized with language: en
2026-02-09 13:02:30,502 - INFO - university_system.modules.shared.utils.i18n - i18n initialized with language: en
2026-02-09 13:02:55,171 - INFO - university_system.infrastructure.security.rate_limiter - RateLimiter initialized (in-memory): max_attempts=5, window=300s, block_duration=900s
2026-02-09 13:02:55,172 - INFO - university_system.infrastructure.security.rate_limiter - RateLimiter initialized (in-memory): max_attempts=100, window=60s, block_duration=60s
2026-02-09 13:02:55,172 - INFO - university_system.infrastructure.security.rate_limiter - RateLimiter initialized (in-memory): max_attempts=3, window=3600s, block_duration=3600s
2026-02-09 13:02:57,437 - INFO - university_system.modules.shared.utils.i18n - Loaded translations for 10 languages
2026-02-09 13:02:57,438 - INFO - university_system.modules.shared.utils.i18n - i18n initialized with language: en
2026-02-09 13:02:57,456 - WARNING - university_system.infrastructure.security.file_upload_validator - Failed to initialize virus scanner: Could not find clamd unix socket from /etc/clamav/clamd.conf or /etc/clamd.conf
2026-02-09 13:03:08,577 - INFO - university_system.infrastructure.auth.optional_dependencies - Chatbot module loaded successfully
2026-02-09 13:03:08,590 - INFO - university_system.infrastructure.auth.optional_dependencies - Voice interface module loaded successfully
2026-02-09 13:03:08,591 - INFO - university_system.infrastructure.auth.core - Chatbot module is available
2026-02-09 13:03:08,651 - INFO - university_system.infrastructure.auth.integrations.chatbot_integration - Chatbot module is available
2026-02-09 13:03:08,751 - CRITICAL - university_system.infrastructure.auth.core - Database error in UserAuth initialization: table permissions has no column named permission_name
2026-02-09 13:03:08,757 - ERROR - university_system.infrastructure.auth.core - Database initialization also failed: table permissions has no column named permission_name
2026-02-09 13:03:08,758 - INFO - university_system.infrastructure.shared_context - Authentication system initialized successfully
2026-02-09 13:03:09,096 - INFO - university_system.modules.shared.utils.i18n - i18n initialized with language: en
2026-02-09 13:03:09,151 - INFO - university_system.modules.shared.utils.i18n - i18n initialized with language: en
2026-02-09 13:03:09,157 - INFO - university_system.modules.shared.utils.i18n - i18n initialized with language: en
2026-02-09 13:03:10,380 - INFO - university_system.modules.shared.utils.i18n - i18n initialized with language: en
2026-02-09 13:03:15,739 - WARNING - university_system.modules.domain.academics.services.plagiarism.plagiarism_main - textract not available. Only .txt files will be supported.
2026-02-09 13:03:20,771 - INFO - university_system.modules.shared.utils.i18n - i18n initialized with language: en
2026-02-09 13:03:21,215 - INFO - university_system.modules.shared.utils.i18n - i18n initialized with language: en
2026-02-09 13:03:21,295 - INFO - university_system.modules.shared.utils.i18n - i18n initialized with language: en
2026-02-09 13:03:21,711 - INFO - university_system.modules.shared.utils.i18n - i18n initialized with language: en
2026-02-09 13:03:22,193 - INFO - university_system.modules.shared.utils.i18n - i18n initialized with language: en
2026-02-09 13:03:22,199 - INFO - university_system.modules.shared.utils.i18n - i18n initialized with language: en
2026-02-09 13:03:22,205 - INFO - university_system.modules.shared.utils.i18n - i18n initialized with language: en
2026-02-09 13:03:22,211 - INFO - university_system.modules.shared.utils.i18n - i18n initialized with language: en
2026-02-09 13:03:22,216 - INFO - university_system.modules.shared.utils.i18n - i18n initialized with language: en
2026-02-09 13:03:22,222 - INFO - university_system.modules.shared.utils.i18n - i18n initialized with language: en
2026-02-09 13:03:22,227 - INFO - university_system.modules.shared.utils.i18n - i18n initialized with language: en
2026-02-09 13:03:22,232 - INFO - university_system.modules.shared.utils.i18n - i18n initialized with language: en
2026-02-09 13:03:22,237 - INFO - university_system.modules.shared.utils.i18n - i18n initialized with language: en
2026-02-09 13:03:22,243 - INFO - university_system.modules.shared.utils.i18n - i18n initialized with language: en
2026-02-09 13:03:22,247 - INFO - university_system.modules.shared.utils.i18n - i18n initialized with language: en
2026-02-09 13:03:22,251 - INFO - university_system.modules.shared.utils.i18n - i18n initialized with language: en
2026-02-09 13:03:22,256 - INFO - university_system.modules.shared.utils.i18n - i18n initialized with language: en
2026-02-09 13:03:22,260 - INFO - university_system.modules.shared.utils.i18n - i18n initialized with language: en
2026-02-09 13:03:22,264 - INFO - university_system.modules.shared.utils.i18n - i18n initialized with language: en
2026-02-09 13:03:22,268 - INFO - university_system.modules.shared.utils.i18n - i18n initialized with language: en
2026-02-09 13:03:22,273 - INFO - university_system.modules.shared.utils.i18n - i18n initialized with language: en
2026-02-09 13:03:22,279 - INFO - university_system.modules.shared.utils.i18n - i18n initialized with language: en
2026-02-09 13:03:22,284 - INFO - university_system.modules.shared.utils.i18n - i18n initialized with language: en
2026-02-09 13:03:26,067 - INFO - university_system.modules.shared.utils.i18n - i18n initialized with language: en
2026-02-09 13:03:35,052 - INFO - university_system.modules.shared.utils.i18n - i18n initialized with language: en
2026-02-09 13:03:35,074 - INFO - university_system.modules.shared.utils.i18n - i18n initialized with language: en
2026-02-09 13:03:35,082 - INFO - university_system.modules.shared.utils.i18n - i18n initialized with language: en
2026-02-09 13:03:35,088 - INFO - university_system.modules.shared.utils.i18n - i18n initialized with language: en
2026-02-09 13:03:35,097 - INFO - university_system.modules.shared.utils.i18n - i18n initialized with language: en
2026-02-09 13:03:35,103 - INFO - university_system.modules.shared.utils.i18n - i18n initialized with language: en
2026-02-09 13:03:35,110 - INFO - university_system.modules.shared.utils.i18n - i18n initialized with language: en
2026-02-09 13:03:35,115 - INFO - university_system.modules.shared.utils.i18n - i18n initialized with language: en
2026-02-09 13:03:35,123 - INFO - university_system.modules.shared.utils.i18n - i18n initialized with language: en
2026-02-09 13:03:35,130 - INFO - university_system.modules.shared.utils.i18n - i18n initialized with language: en
2026-02-09 13:03:35,137 - INFO - university_system.modules.shared.utils.i18n - i18n initialized with language: en
2026-02-09 13:03:35,144 - INFO - university_system.modules.shared.utils.i18n - i18n initialized with language: en
2026-02-09 13:03:35,150 - INFO - university_system.modules.shared.utils.i18n - i18n initialized with language: en
2026-02-09 13:03:35,157 - INFO - university_system.modules.shared.utils.i18n - i18n initialized with language: en
2026-02-09 13:03:35,165 - INFO - university_system.modules.shared.utils.i18n - i18n initialized with language: en
2026-02-09 13:03:35,170 - INFO - university_system.modules.shared.utils.i18n - i18n initialized with language: en
2026-02-09 13:03:35,263 - WARNING - root - SECURITY WARNING: No DEFAULT_ADMIN_PASSWORD environment variable set. Using default password for development. NEVER use this in production!
2026-02-09 13:03:35,264 - WARNING - university_system.infrastructure.auth.core - Admin account using default dev password (set DEFAULT_ADMIN_PASSWORD in production)
2026-02-09 13:03:35,265 - INFO - root - Using default password for staff account (development only)
2026-02-09 13:03:35,265 - WARNING - university_system.infrastructure.auth.core - Staff account using default dev password (set DEFAULT_STAFF_PASSWORD in production)
2026-02-09 13:03:35,265 - INFO - root - Using default password for student account (development only)
2026-02-09 13:03:35,265 - WARNING - university_system.infrastructure.auth.core - Student account using default dev password (set DEFAULT_STUDENT_PASSWORD in production)
2026-02-09 13:03:35,277 - INFO - university_system.infrastructure.auth.core - UserAuth initialized successfully!
2026-02-09 13:03:35,329 - INFO - university_system.modules.shared.utils.i18n - i18n initialized with language: en
2026-02-09 13:03:35,420 - INFO - university_system.modules.shared.utils.i18n - i18n initialized with language: en
2026-02-09 13:03:35,448 - INFO - university_system.infrastructure.security.flask_security_headers - Flask security headers initialized (production mode)
2026-02-09 13:03:35,458 - INFO - university_system.infrastructure.security.flask_security_headers - Flask security headers initialized (production mode)
2026-02-09 13:03:35,470 - INFO - university_system.infrastructure.security.flask_security_headers - Flask security headers initialized (production mode)
2026-02-09 13:03:35,480 - INFO - university_system.infrastructure.security.flask_security_headers - Flask security headers initialized (production mode)
2026-02-09 13:03:35,496 - INFO - university_system.infrastructure.security.flask_security_headers - Flask security headers initialized (production mode)
2026-02-09 13:03:35,507 - INFO - university_system.infrastructure.security.flask_security_headers - Flask security headers initialized (production mode)
2026-02-09 13:03:35,509 - INFO - university_system.modules.domain.finance.gui.finance.common_imports - Successfully imported collection management functions from revenue_analytics
2026-02-09 13:03:35,509 - INFO - university_system.modules.domain.finance.gui.finance.common_imports - Successfully imported scholarship and financial aid functions
2026-02-09 13:03:35,582 - INFO - university_system.infrastructure.security.flask_security_headers - Flask security headers initialized (production mode)
2026-02-09 13:03:37,385 - WARNING - ai_detector - transformers not available. Advanced AI detection will be disabled.
2026-02-09 13:03:37,388 - WARNING - ai_detector - OCR libraries not available. Image analysis will be disabled.
2026-02-09 13:03:37,391 - WARNING - ai_detector - OpenCV not available. Advanced image analysis will be disabled.
2026-02-09 13:03:37,599 - INFO - university_system.infrastructure.security.flask_security_headers - Flask security headers initialized (production mode)
2026-02-09 13:03:38,018 - INFO - university_system.modules.domain.student_affairs.services.student_support.utils.audit - Action create_kb_article completed successfully in 0.00s
2026-02-09 13:03:38,511 - WARNING - university_system.modules.domain.academics.services.plagiarism.plagiarism_main - textract not available. Only .txt files will be supported.
2026-02-09 13:03:39,113 - INFO - university_system.infrastructure.security.flask_security_headers - Flask security headers initialized (production mode)
2026-02-09 13:04:02,130 - INFO - university_system.infrastructure.security.flask_security_headers - Flask security headers initialized (production mode)
2026-02-09 13:04:18,262 - INFO - university_system.modules.shared.utils.i18n - i18n initialized with language: en
2026-02-09 13:04:24,306 - INFO - university_system.modules.shared.utils.i18n - i18n initialized with language: en
2026-02-09 13:04:56,690 - INFO - university_system.infrastructure.security.rate_limiter - RateLimiter initialized (in-memory): max_attempts=5, window=300s, block_duration=900s
2026-02-09 13:04:56,691 - INFO - university_system.infrastructure.security.rate_limiter - RateLimiter initialized (in-memory): max_attempts=100, window=60s, block_duration=60s
2026-02-09 13:04:56,692 - INFO - university_system.infrastructure.security.rate_limiter - RateLimiter initialized (in-memory): max_attempts=3, window=3600s, block_duration=3600s
2026-02-09 13:04:59,017 - INFO - university_system.modules.shared.utils.i18n - Loaded translations for 10 languages
2026-02-09 13:04:59,019 - INFO - university_system.modules.shared.utils.i18n - i18n initialized with language: en
2026-02-09 13:04:59,041 - WARNING - university_system.infrastructure.security.file_upload_validator - Failed to initialize virus scanner: Could not find clamd unix socket from /etc/clamav/clamd.conf or /etc/clamd.conf
2026-02-09 13:04:59,083 - INFO - university_system.infrastructure.auth.optional_dependencies - Chatbot module loaded successfully
2026-02-09 13:04:59,086 - INFO - university_system.infrastructure.auth.optional_dependencies - Voice interface module loaded successfully
2026-02-09 13:04:59,087 - INFO - university_system.infrastructure.auth.core - Chatbot module is available
2026-02-09 13:04:59,128 - INFO - university_system.infrastructure.auth.integrations.chatbot_integration - Chatbot module is available
2026-02-09 13:15:21,158 - INFO - __main__ - Ensuring directory structure
2026-02-09 13:15:21,164 - INFO - __main__ - Initializing i18n system
2026-02-09 13:15:21,166 - INFO - university_system.modules.shared.utils.i18n - i18n initialized with language: en
2026-02-09 13:15:21,167 - INFO - __main__ - Initializing auth system
2026-02-09 13:15:21,560 - WARNING - root - SECURITY WARNING: No DEFAULT_ADMIN_PASSWORD environment variable set. Using default password for development. NEVER use this in production!
2026-02-09 13:15:21,561 - WARNING - university_system.infrastructure.auth.core - Admin account using default dev password (set DEFAULT_ADMIN_PASSWORD in production)
2026-02-09 13:15:21,561 - INFO - root - Using default password for staff account (development only)
2026-02-09 13:15:21,562 - WARNING - university_system.infrastructure.auth.core - Staff account using default dev password (set DEFAULT_STAFF_PASSWORD in production)
2026-02-09 13:15:21,562 - INFO - root - Using default password for student account (development only)
2026-02-09 13:15:21,562 - WARNING - university_system.infrastructure.auth.core - Student account using default dev password (set DEFAULT_STUDENT_PASSWORD in production)
2026-02-09 13:15:21,575 - INFO - university_system.infrastructure.auth.core - UserAuth initialized successfully!
2026-02-09 13:15:21,583 - INFO - university_system.infrastructure.shared_context - Authentication instance set successfully
2026-02-09 13:15:21,583 - INFO - __main__ - Auth system initialized successfully
2026-02-09 13:15:21,584 - INFO - __main__ - Initializing database
2026-02-09 13:15:21,684 - INFO - root - Database already initialized with 974 tables
2026-02-09 13:15:21,686 - INFO - __main__ - Starting Graphical User Interface
2026-02-09 13:15:21,686 - INFO - __main__ - Showing language selector
2026-02-09 13:15:21,687 - INFO - university_system.modules.shared.utils.i18n - i18n initialized with language: en
2026-02-09 13:15:23,429 - INFO - university_system.modules.shared.utils.i18n - Language set to: en
2026-02-09 13:15:23,433 - INFO - university_system.modules.shared.utils.i18n - Saved language preference: en
2026-02-09 13:15:23,465 - INFO - __main__ - Language selected: en
2026-02-09 13:15:23,467 - INFO - university_system.modules.shared.utils.i18n - i18n initialized with language: en
2026-02-09 13:15:23,558 - INFO - university_system.modules.shared.utils.i18n - i18n initialized with language: en
2026-02-09 13:15:23,567 - INFO - university_system.modules.shared.utils.i18n - i18n initialized with language: en
2026-02-09 13:15:23,573 - INFO - university_system.modules.shared.utils.i18n - i18n initialized with language: en
2026-02-09 13:15:23,609 - INFO - university_system.modules.shared.utils.i18n - i18n initialized with language: en
2026-02-09 13:15:26,979 - INFO - university_system.modules.shared.utils.i18n - i18n initialized with language: en
2026-02-09 13:15:26,991 - INFO - university_system.modules.shared.utils.i18n - i18n initialized with language: en
2026-02-09 13:15:27,023 - INFO - university_system.modules.shared.utils.i18n - i18n initialized with language: en
2026-02-09 13:15:27,044 - INFO - university_system.modules.shared.utils.i18n - i18n initialized with language: en
2026-02-09 13:15:27,055 - INFO - university_system.modules.shared.utils.i18n - i18n initialized with language: en
2026-02-09 13:15:27,083 - INFO - university_system.modules.shared.utils.i18n - i18n initialized with language: en
2026-02-09 13:15:27,166 - INFO - university_system.modules.shared.utils.i18n - i18n initialized with language: en
2026-02-09 13:15:27,174 - INFO - university_system.modules.shared.utils.i18n - i18n initialized with language: en
2026-02-09 13:15:27,204 - INFO - university_system.modules.shared.utils.i18n - i18n initialized with language: en
2026-02-09 13:15:27,211 - INFO - university_system.modules.shared.utils.i18n - i18n initialized with language: en
2026-02-09 13:15:27,218 - INFO - university_system.modules.shared.utils.i18n - i18n initialized with language: en
2026-02-09 13:15:27,226 - INFO - university_system.modules.shared.utils.i18n - i18n initialized with language: en
2026-02-09 13:15:27,232 - INFO - university_system.modules.shared.utils.i18n - i18n initialized with language: en
2026-02-09 13:15:27,240 - INFO - university_system.modules.shared.utils.i18n - i18n initialized with language: en
2026-02-09 13:15:27,249 - INFO - university_system.modules.shared.utils.i18n - i18n initialized with language: en
2026-02-09 13:15:27,256 - INFO - university_system.modules.shared.utils.i18n - i18n initialized with language: en
2026-02-09 13:15:27,263 - INFO - university_system.modules.shared.utils.i18n - i18n initialized with language: en
2026-02-09 13:15:27,268 - INFO - university_system.modules.shared.utils.i18n - i18n initialized with language: en
2026-02-09 13:15:27,292 - INFO - university_system.modules.shared.utils.i18n - i18n initialized with language: en
2026-02-09 13:15:27,302 - INFO - university_system.modules.shared.utils.i18n - i18n initialized with language: en
2026-02-09 13:15:27,307 - INFO - university_system.modules.shared.utils.i18n - i18n initialized with language: en
2026-02-09 13:15:27,312 - INFO - university_system.modules.shared.utils.i18n - i18n initialized with language: en
2026-02-09 13:15:27,317 - INFO - university_system.modules.shared.utils.i18n - i18n initialized with language: en
2026-02-09 13:15:27,324 - INFO - university_system.modules.shared.utils.i18n - i18n initialized with language: en
2026-02-09 13:15:27,335 - INFO - university_system.modules.shared.utils.i18n - i18n initialized with language: en
2026-02-09 13:15:27,342 - INFO - university_system.modules.shared.utils.i18n - i18n initialized with language: en
2026-02-09 13:15:27,347 - INFO - university_system.modules.shared.utils.i18n - i18n initialized with language: en
2026-02-09 13:15:27,352 - INFO - university_system.modules.shared.utils.i18n - i18n initialized with language: en
2026-02-09 13:15:27,358 - INFO - university_system.modules.shared.utils.i18n - i18n initialized with language: en
2026-02-09 13:15:27,364 - INFO - university_system.modules.shared.utils.i18n - i18n initialized with language: en
2026-02-09 13:15:27,369 - INFO - university_system.modules.shared.utils.i18n - i18n initialized with language: en
2026-02-09 13:15:27,374 - INFO - university_system.modules.shared.utils.i18n - i18n initialized with language: en
2026-02-09 13:15:27,379 - INFO - university_system.modules.shared.utils.i18n - i18n initialized with language: en
2026-02-09 13:15:27,383 - INFO - university_system.modules.shared.utils.i18n - i18n initialized with language: en
2026-02-09 13:15:27,389 - INFO - university_system.modules.shared.utils.i18n - i18n initialized with language: en
2026-02-09 13:15:27,396 - INFO - university_system.modules.shared.utils.i18n - i18n initialized with language: en
2026-02-09 13:15:27,403 - INFO - university_system.modules.shared.utils.i18n - i18n initialized with language: en
2026-02-09 13:15:28,431 - INFO - university_system.modules.shared.utils.i18n - i18n initialized with language: en
2026-02-09 13:15:28,492 - INFO - university_system.modules.shared.utils.i18n - i18n initialized with language: en
2026-02-09 13:15:28,523 - INFO - university_system.infrastructure.security.flask_security_headers - Flask security headers initialized (production mode)
2026-02-09 13:15:28,536 - INFO - university_system.infrastructure.security.flask_security_headers - Flask security headers initialized (production mode)
2026-02-09 13:15:28,555 - INFO - university_system.infrastructure.security.flask_security_headers - Flask security headers initialized (production mode)
2026-02-09 13:15:28,567 - INFO - university_system.infrastructure.security.flask_security_headers - Flask security headers initialized (production mode)
2026-02-09 13:15:28,590 - INFO - university_system.infrastructure.security.flask_security_headers - Flask security headers initialized (production mode)
2026-02-09 13:15:28,604 - INFO - university_system.infrastructure.security.flask_security_headers - Flask security headers initialized (production mode)
2026-02-09 13:15:28,606 - INFO - university_system.modules.domain.finance.gui.finance.common_imports - Successfully imported collection management functions from revenue_analytics
2026-02-09 13:15:28,607 - INFO - university_system.modules.domain.finance.gui.finance.common_imports - Successfully imported scholarship and financial aid functions
2026-02-09 13:15:28,719 - INFO - university_system.infrastructure.security.flask_security_headers - Flask security headers initialized (production mode)
2026-02-09 13:15:30,710 - INFO - university_system.modules.shared.utils.i18n - i18n initialized with language: en
2026-02-09 13:15:32,256 - INFO - university_system.modules.shared.utils.i18n - i18n initialized with language: en
2026-02-09 13:15:32,532 - INFO - university_system.modules.shared.utils.i18n - i18n initialized with language: en
2026-02-09 13:15:34,055 - INFO - university_system.modules.shared.utils.i18n - i18n initialized with language: en
2026-02-09 13:15:35,265 - WARNING - ai_detector - transformers not available. Advanced AI detection will be disabled.
2026-02-09 13:15:35,267 - WARNING - ai_detector - OCR libraries not available. Image analysis will be disabled.
2026-02-09 13:15:35,268 - WARNING - ai_detector - OpenCV not available. Advanced image analysis will be disabled.
2026-02-09 13:15:35,487 - INFO - university_system.infrastructure.security.flask_security_headers - Flask security headers initialized (production mode)
2026-02-09 13:15:36,278 - INFO - university_system.modules.domain.student_affairs.services.student_support.utils.audit - Action create_kb_article completed successfully in 0.00s
2026-02-09 13:15:36,374 - INFO - university_system.modules.shared.utils.i18n - i18n initialized with language: en
2026-02-09 13:15:36,407 - INFO - university_system.modules.shared.utils.i18n - i18n initialized with language: en
2026-02-09 13:15:38,571 - WARNING - university_system.modules.domain.academics.services.plagiarism.plagiarism_main - textract not available. Only .txt files will be supported.
2026-02-09 13:15:38,577 - WARNING - university_system.modules.domain.academics.services.plagiarism.plagiarism_main - textract not available. Only .txt files will be supported.
2026-02-09 13:15:40,515 - INFO - university_system.modules.shared.utils.i18n - i18n initialized with language: en
2026-02-09 13:15:40,728 - INFO - university_system.modules.shared.utils.i18n - i18n initialized with language: en
2026-02-09 13:15:41,003 - INFO - university_system.modules.shared.utils.i18n - i18n initialized with language: en
2026-02-09 13:15:41,012 - INFO - university_system.modules.shared.utils.i18n - i18n initialized with language: en
2026-02-09 13:15:41,020 - INFO - university_system.modules.shared.utils.i18n - i18n initialized with language: en
2026-02-09 13:15:41,031 - INFO - university_system.modules.shared.utils.i18n - i18n initialized with language: en
2026-02-09 13:15:41,037 - INFO - university_system.modules.shared.utils.i18n - i18n initialized with language: en
2026-02-09 13:15:41,045 - INFO - university_system.modules.shared.utils.i18n - i18n initialized with language: en
2026-02-09 13:15:41,056 - INFO - university_system.modules.shared.utils.i18n - i18n initialized with language: en
2026-02-09 13:15:41,064 - INFO - university_system.modules.shared.utils.i18n - i18n initialized with language: en
2026-02-09 13:15:41,071 - INFO - university_system.modules.shared.utils.i18n - i18n initialized with language: en
2026-02-09 13:15:41,080 - INFO - university_system.modules.shared.utils.i18n - i18n initialized with language: en
2026-02-09 13:15:41,091 - INFO - university_system.modules.shared.utils.i18n - i18n initialized with language: en
2026-02-09 13:15:41,101 - INFO - university_system.modules.shared.utils.i18n - i18n initialized with language: en
2026-02-09 13:15:41,110 - INFO - university_system.modules.shared.utils.i18n - i18n initialized with language: en
2026-02-09 13:15:41,118 - INFO - university_system.modules.shared.utils.i18n - i18n initialized with language: en
2026-02-09 13:15:41,124 - INFO - university_system.modules.shared.utils.i18n - i18n initialized with language: en
2026-02-09 13:15:41,131 - INFO - university_system.modules.shared.utils.i18n - i18n initialized with language: en
2026-02-09 13:15:41,158 - INFO - university_system.modules.shared.utils.i18n - i18n initialized with language: en
2026-02-09 13:15:41,170 - INFO - university_system.modules.shared.utils.i18n - i18n initialized with language: en
2026-02-09 13:15:41,179 - INFO - university_system.modules.shared.utils.i18n - i18n initialized with language: en
2026-02-09 13:15:41,193 - INFO - university_system.modules.shared.utils.i18n - i18n initialized with language: en
2026-02-09 13:15:41,204 - INFO - university_system.modules.shared.utils.i18n - i18n initialized with language: en
2026-02-09 13:15:41,216 - INFO - university_system.modules.shared.utils.i18n - i18n initialized with language: en
2026-02-09 13:15:41,226 - INFO - university_system.modules.shared.utils.i18n - i18n initialized with language: en
2026-02-09 13:15:41,244 - INFO - university_system.modules.shared.utils.i18n - i18n initialized with language: en
2026-02-09 13:15:41,254 - INFO - university_system.modules.shared.utils.i18n - i18n initialized with language: en
2026-02-09 13:15:41,262 - INFO - university_system.modules.shared.utils.i18n - i18n initialized with language: en
2026-02-09 13:15:41,275 - INFO - university_system.modules.shared.utils.i18n - i18n initialized with language: en
2026-02-09 13:15:41,283 - INFO - university_system.modules.shared.utils.i18n - i18n initialized with language: en
2026-02-09 13:15:41,292 - INFO - university_system.modules.shared.utils.i18n - i18n initialized with language: en
2026-02-09 13:15:41,304 - INFO - university_system.modules.shared.utils.i18n - i18n initialized with language: en
2026-02-09 13:15:41,315 - INFO - university_system.modules.shared.utils.i18n - i18n initialized with language: en
2026-02-09 13:15:41,325 - INFO - university_system.modules.shared.utils.i18n - i18n initialized with language: en
2026-02-09 13:15:41,337 - INFO - university_system.modules.shared.utils.i18n - i18n initialized with language: en
2026-02-09 13:15:41,664 - INFO - university_system.infrastructure.security.flask_security_headers - Flask security headers initialized (production mode)
2026-02-09 13:15:41,873 - INFO - university_system.modules.shared.utils.i18n - i18n initialized with language: en
2026-02-09 13:15:41,889 - INFO - university_system.modules.shared.utils.i18n - i18n initialized with language: en
2026-02-09 13:15:41,902 - INFO - university_system.modules.shared.utils.i18n - i18n initialized with language: en
2026-02-09 13:15:41,911 - INFO - university_system.modules.shared.utils.i18n - i18n initialized with language: en
2026-02-09 13:15:41,919 - INFO - university_system.modules.shared.utils.i18n - i18n initialized with language: en
2026-02-09 13:15:41,927 - INFO - university_system.modules.shared.utils.i18n - i18n initialized with language: en
2026-02-09 13:15:41,944 - INFO - university_system.modules.shared.utils.i18n - i18n initialized with language: en
2026-02-09 13:15:41,954 - INFO - university_system.modules.shared.utils.i18n - i18n initialized with language: en
2026-02-09 13:15:41,962 - INFO - university_system.modules.shared.utils.i18n - i18n initialized with language: en
2026-02-09 13:15:41,971 - INFO - university_system.modules.shared.utils.i18n - i18n initialized with language: en
2026-02-09 13:15:41,979 - INFO - university_system.modules.shared.utils.i18n - i18n initialized with language: en
2026-02-09 13:15:41,994 - INFO - university_system.modules.shared.utils.i18n - i18n initialized with language: en
2026-02-09 13:15:42,006 - INFO - university_system.modules.shared.utils.i18n - i18n initialized with language: en
2026-02-09 13:15:42,022 - INFO - university_system.modules.shared.utils.i18n - i18n initialized with language: en
2026-02-09 13:15:42,029 - INFO - university_system.modules.shared.utils.i18n - i18n initialized with language: en
2026-02-09 13:15:42,039 - INFO - university_system.modules.shared.utils.i18n - i18n initialized with language: en
2026-02-09 13:15:42,046 - INFO - university_system.modules.shared.utils.i18n - i18n initialized with language: en
2026-02-09 13:15:42,054 - INFO - university_system.modules.shared.utils.i18n - i18n initialized with language: en
2026-02-09 13:15:42,061 - INFO - university_system.modules.shared.utils.i18n - i18n initialized with language: en
2026-02-09 13:15:42,071 - INFO - university_system.modules.shared.utils.i18n - i18n initialized with language: en
2026-02-09 13:15:42,079 - INFO - university_system.modules.shared.utils.i18n - i18n initialized with language: en
2026-02-09 13:15:44,335 - INFO - university_system.modules.shared.utils.i18n - i18n initialized with language: en
2026-02-09 13:15:44,373 - INFO - university_system.modules.shared.utils.i18n - i18n initialized with language: en
2026-02-09 13:15:44,380 - INFO - university_system.modules.shared.utils.i18n - i18n initialized with language: en
2026-02-09 13:15:44,386 - INFO - university_system.modules.shared.utils.i18n - i18n initialized with language: en
2026-02-09 13:15:44,393 - INFO - university_system.modules.shared.utils.i18n - i18n initialized with language: en
2026-02-09 13:15:44,403 - INFO - university_system.modules.shared.utils.i18n - i18n initialized with language: en
2026-02-09 13:15:44,408 - INFO - university_system.modules.shared.utils.i18n - i18n initialized with language: en
2026-02-09 13:15:44,418 - INFO - university_system.modules.shared.utils.i18n - i18n initialized with language: en
2026-02-09 13:15:44,428 - INFO - university_system.modules.shared.utils.i18n - i18n initialized with language: en
2026-02-09 13:15:44,436 - INFO - university_system.modules.shared.utils.i18n - i18n initialized with language: en
2026-02-09 13:15:44,445 - INFO - university_system.modules.shared.utils.i18n - i18n initialized with language: en
2026-02-09 13:15:44,453 - INFO - university_system.modules.shared.utils.i18n - i18n initialized with language: en
2026-02-09 13:15:44,461 - INFO - university_system.modules.shared.utils.i18n - i18n initialized with language: en
2026-02-09 13:15:44,468 - INFO - university_system.modules.shared.utils.i18n - i18n initialized with language: en
2026-02-09 13:15:44,477 - INFO - university_system.modules.shared.utils.i18n - i18n initialized with language: en
2026-02-09 13:15:44,481 - INFO - university_system.modules.shared.utils.i18n - i18n initialized with language: en
2026-02-09 13:15:54,627 - INFO - university_system.modules.shared.utils.activity_logger - admin - Logged in successfully - 2026-02-09 13:15:54
2026-02-09 13:15:54,628 - WARNING - university_system.infrastructure.security.immutable_audit_log - AUDIT_LOG_SECRET not configured. Generating random key. Set AUDIT_LOG_SECRET environment variable for production!
2026-02-09 13:16:00,652 - INFO - root - [2026-02-09 13:16:00] GUI: User admin logged in successfully
2026-02-09 13:16:38,248 - INFO - university_system.modules.shared.utils.activity_logger - admin - Opened AI Features GUI - 2026-02-09 13:16:38
2026-02-09 13:16:42,904 - INFO - university_system.infrastructure.security.flask_security_headers - Flask security headers initialized (production mode)
2026-02-09 13:16:43,016 - INFO - university_system.modules.shared.utils.activity_logger - admin - Open chatbot_gui - 2026-02-09 13:16:43
2026-02-09 13:16:43,081 - INFO - university_system.modules.shared.utils.activity_logger - admin - Launched University Chatbot GUI - 2026-02-09 13:16:43
2026-02-09 13:16:46,300 - INFO - university_system.modules.shared.utils.activity_logger - admin - View financial_aid - 2026-02-09 13:16:46
2026-02-09 13:16:50,553 - INFO - university_system.modules.shared.utils.activity_logger - admin - View schedule - 2026-02-09 13:16:50
2026-02-09 13:17:05,792 - INFO - university_system.modules.shared.utils.activity_logger - admin - Closed AI Features - 2026-02-09 13:17:05
2026-02-09 13:17:26,660 - INFO - university_system.modules.domain.campus.gui.security.security_desk_gui - Security desk database tables initialized
2026-02-09 13:17:32,775 - INFO - university_system.modules.shared.utils.logs - Template 'security_ticket_new' found in security/ (not in mapping file)
2026-02-09 13:17:32,780 - ERROR - university_system.modules.shared.utils.logs - Error rendering template: 'body'
2026-02-09 13:17:32,782 - INFO - university_system.modules.shared.utils.logs - Initializing email database...
2026-02-09 13:17:32,960 - INFO - university_system.modules.shared.utils.logs - Current schema version: 2, target: 2
2026-02-09 13:17:32,985 - INFO - university_system.modules.shared.utils.logs - Email database initialized successfully
2026-02-09 13:17:32,987 - INFO - university_system.modules.shared.utils.logs - Database initialized, running inbox sync...
2026-02-09 13:17:32,988 - INFO - university_system.modules.shared.utils.logs - Email sync: Starting automatic inbox sync check...
2026-02-09 13:17:33,206 - INFO - university_system.modules.shared.utils.logs - Email sync: No missing inbox messages found (system is healthy)
2026-02-09 13:17:33,223 - INFO - university_system.modules.shared.utils.logs - Email sync: Completed - 0 messages synced
2026-02-09 13:17:33,226 - INFO - university_system.modules.shared.utils.logs - Email system initialization complete
2026-02-09 13:17:33,227 - ERROR - university_system.modules.shared.utils.logs - Unexpected error in send_email: [VALIDATION_INVALID_INPUT] Email subject is required
2026-02-09 13:17:33,229 - INFO - university_system.modules.domain.campus.gui.security.security_desk_gui - Email sent to admin@university.local for ticket SEC-1001
2026-02-09 13:17:56,321 - INFO - university_system.modules.shared.utils.activity_logger - admin - Create wellness_tables - 2026-02-09 13:17:56
2026-02-09 13:20:32,109 - INFO - university_system.modules.shared.utils.activity_logger - 64 - Import evaluation_template - 2026-02-09 13:20:32
2026-02-09 13:25:15,014 - INFO - university_system.modules.shared.utils.i18n - i18n initialized with language: en
2026-02-09 13:34:58,420 - INFO - university_system.modules.shared.utils.i18n - i18n initialized with language: en
2026-02-09 13:34:58,629 - INFO - university_system.modules.shared.utils.i18n - i18n initialized with language: en
2026-02-09 13:34:58,649 - INFO - university_system.modules.shared.utils.i18n - i18n initialized with language: en
2026-02-09 13:35:01,342 - INFO - university_system.modules.shared.utils.i18n - i18n initialized with language: en
2026-02-09 13:35:04,295 - INFO - university_system.modules.shared.utils.i18n - i18n initialized with language: en
2026-02-09 13:35:06,203 - INFO - university_system.modules.shared.utils.i18n - i18n initialized with language: en
2026-02-09 13:35:08,392 - INFO - university_system.modules.shared.utils.i18n - i18n initialized with language: en
2026-02-09 13:35:08,416 - INFO - university_system.modules.shared.utils.i18n - i18n initialized with language: en
2026-02-09 13:35:08,438 - INFO - university_system.modules.shared.utils.i18n - i18n initialized with language: en
2026-02-09 13:35:08,466 - INFO - university_system.modules.shared.utils.i18n - i18n initialized with language: en
2026-02-09 13:35:08,519 - INFO - university_system.modules.shared.utils.i18n - i18n initialized with language: en
2026-02-09 13:35:08,527 - INFO - university_system.modules.shared.utils.i18n - i18n initialized with language: en
2026-02-09 13:35:08,538 - INFO - university_system.modules.shared.utils.i18n - i18n initialized with language: en
2026-02-09 13:35:08,550 - INFO - university_system.modules.shared.utils.i18n - i18n initialized with language: en
2026-02-09 13:35:08,563 - INFO - university_system.modules.shared.utils.i18n - i18n initialized with language: en
2026-02-09 13:35:08,571 - INFO - university_system.modules.shared.utils.i18n - i18n initialized with language: en
2026-02-09 13:35:08,589 - INFO - university_system.modules.shared.utils.i18n - i18n initialized with language: en
2026-02-09 13:35:08,599 - INFO - university_system.modules.shared.utils.i18n - i18n initialized with language: en
2026-02-09 13:35:08,608 - INFO - university_system.modules.shared.utils.i18n - i18n initialized with language: en
2026-02-09 13:35:08,618 - INFO - university_system.modules.shared.utils.i18n - i18n initialized with language: en
2026-02-09 13:35:08,628 - INFO - university_system.modules.shared.utils.i18n - i18n initialized with language: en
2026-02-09 13:35:08,635 - INFO - university_system.modules.shared.utils.i18n - i18n initialized with language: en
2026-02-09 13:35:08,645 - INFO - university_system.modules.shared.utils.i18n - i18n initialized with language: en
2026-02-09 13:35:08,656 - INFO - university_system.modules.shared.utils.i18n - i18n initialized with language: en
2026-02-09 13:35:08,664 - INFO - university_system.modules.shared.utils.i18n - i18n initialized with language: en
